{
"type": "FeatureCollection",
"name": "districts_240km",
"crs": { "type": "name", "properties": { "name": "urn:ogc:def:crs:OGC:1.3:CRS84" } },
"features": [
{ "type": "Feature", "properties": { "id": "AMP_0001", "name": "พิชัย" }, "geometry": { "type": "Polygon", "coordinates": [ [ [ 100.2533, 17.2483 ], [ 100.2482, 17.238 ], [ 100.2204, 17.2191 ], [ 100.2062, 17.2072 ], [ 100.1684, 17.202 ], [ 100.1617, 17.1674 ], [ 100.1555, 17.1694 ], [ 100.1493, 17.1856 ], [ 100.1369, 17.1805 ], [ 100.1279, 17.1847 ], [ 100.0912, 17.1889 ], [ 100.064, 17.1819 ], [ 100.0455, 17.1788 ], [ 100.0365, 17.1814 ], [ 100.0333, 17.1677 ], [ 100.0237, 17.1653 ], [ 100.0237, 17.1531 ], [ 100.0137, 17.1389 ], [ 99.9961, 17.1375 ], [ 99.9978, 17.1448 ], [ 100.0091, 17.1476 ], [ 100.0085, 17.1513 ], [ 99.9927, 17.1593 ], [ 99.9852, 17.1603 ], [ 99.9826, 17.1553 ], [ 99.9732, 17.1646 ], [ 99.9811, 17.1745 ], [ 99.9836, 17.1897 ], [ 99.9733, 17.1995 ], [ 99.9751, 17.2079 ], [ 99.9712, 17.2109 ], [ 99.9823, 17.2161 ], [ 99.9582, 17.2312 ], [ 99.9734, 17.2415 ], [ 99.9549, 17.2428 ], [ 99.963, 17.2504 ], [ 99.9628, 17.2592 ], [ 99.9801, 17.2853 ], [ 99.995, 17.2891 ], [ 100.0024, 17.2974 ], [ 99.9935, 17.3129 ], [ 99.9961, 17.3213 ], [ 100.0095, 17.3275 ], [ 100.012, 17.3357 ], [ 100.0011, 17.355 ], [ 100.008, 17.3608 ], [ 99.9997, 17.3695 ], [ 100.0098, 17.3803 ], [ 100.0038, 17.3914 ], [ 99.9916, 17.4003 ], [ 99.9917, 17.4058 ], [ 99.9962, 17.4165 ], [ 100.0164, 17.4173 ], [ 100.021, 17.4241 ], [ 100.0447, 17.4237 ], [ 100.044, 17.4322 ], [ 100.0632, 17.4206 ], [ 100.0638, 17.4288 ], [ 100.0591, 17.4307 ], [ 100.0636, 17.4359 ], [ 100.0632, 17.4449 ], [ 100.0665, 17.4395 ], [ 100.0776, 17.4389 ], [ 100.1092, 17.4199 ], [ 100.1203, 17.4059 ], [ 100.1496, 17.4047 ], [ 100.2097, 17.3913 ], [ 100.2288, 17.392 ], [ 100.2421, 17.3888 ], [ 100.2524, 17.4019 ], [ 100.2588, 17.4031 ], [ 100.2756, 17.3943 ], [ 100.2797, 17.3814 ], [ 100.2884, 17.3757 ], [ 100.2696, 17.3665 ], [ 100.2627, 17.3573 ], [ 100.2558, 17.3589 ], [ 100.2434, 17.352 ], [ 100.2393, 17.3462 ], [ 100.2373, 17.3168 ], [ 100.249, 17.2557 ], [ 100.2533, 17.2483 ] ] ] } },
{ "type": "Feature", "properties": { "id": "AMP_0002", "name": "ลับแล" }, "geometry": { "type": "Polygon", "coordinates": [ [ [ 100.077, 17.5875 ], [ 100.0745, 17.5772 ], [ 100.0674, 17.5715 ], [ 100.0638, 17.5297 ], [ 100.0719, 17.5176 ], [ 100.0843, 17.5104 ], [ 100.0712, 17.5082 ], [ 100.0205, 17.4823 ], [ 100.0141, 17.4799 ], [ 100.0, 17.4897 ], [ 99.983, 17.5115 ], [ 99.9563, 17.5193 ], [ 99.9405, 17.5362 ], [ 99.9404, 17.5502 ], [ 99.9279, 17.5639 ], [ 99.9241, 17.5871 ], [ 99.9401, 17.5917 ], [ 99.9758, 17.6221 ], [ 99.9662, 17.6327 ], [ 99.9768, 17.6579 ], [ 99.9634, 17.7113 ], [ 99.945, 17.7232 ], [ 99.93, 17.7441 ], [ 99.9209, 17.7475 ], [ 99.9118, 17.763 ], [ 99.9227, 17.7689 ], [ 99.9219, 17.7865 ], [ 99.9115, 17.7951 ], [ 99.8987, 17.7971 ], [ 99.8947, 17.8056 ], [ 99.9102, 17.804 ], [ 99.9272, 17.7893 ], [ 99.9324, 17.7897 ], [ 99.9365, 17.7824 ], [ 99.9487, 17.7783 ], [ 99.9583, 17.7797 ], [ 99.9632, 17.7983 ], [ 99.98, 17.7995 ], [ 99.9903, 17.8118 ], [ 99.9878, 17.8229 ], [ 99.9779, 17.8339 ], [ 99.9887, 17.8348 ], [ 99.9956, 17.8303 ], [ 100.0016, 17.8215 ], [ 100.014, 17.8225 ], [ 100.0159, 17.828 ], [ 100.0381, 17.8076 ], [ 100.0631, 17.7995 ], [ 100.0757, 17.7782 ], [ 100.0936, 17.7739 ], [ 100.1036, 17.7565 ], [ 100.0919, 17.7365 ], [ 100.0924, 17.7208 ], [ 100.0877, 17.7174 ], [ 100.0859, 17.7029 ], [ 100.0908, 17.6818 ], [ 100.0869, 17.6774 ], [ 100.067, 17.6806 ], [ 100.0741, 17.6572 ], [ 100.0668, 17.6461 ], [ 100.0732, 17.6146 ], [ 100.0605, 17.6101 ], [ 100.0641, 17.6023 ], [ 100.0696, 17.5998 ], [ 100.0713, 17.5924 ], [ 100.077, 17.5875 ] ] ] } },
{ "type": "Feature", "properties": { "id": "AMP_0003", "name": "ฟากท่า" }, "geometry": { "type": "Polygon", "coordinates": [ [ [ 100.8734, 17.8644 ], [ 100.8744, 17.8611 ], [ 100.8696, 17.8612 ], [ 100.8663, 17.87 ], [ 100.8601, 17.868 ], [ 100.8571, 17.8725 ], [ 100.8505, 17.8722 ], [ 100.8456, 17.8653 ], [ 100.8351, 17.8626 ], [ 100.8165, 17.8663 ], [ 100.8075, 17.8591 ], [ 100.8008, 17.8654 ], [ 100.7957, 17.8605 ], [ 100.7933, 17.8659 ], [ 100.7869, 17.8603 ], [ 100.7861, 17.8522 ], [ 100.7825, 17.8603 ], [ 100.7708, 17.8608 ], [ 100.7518, 17.8738 ], [ 100.7267, 17.9089 ], [ 100.7157, 17.9065 ], [ 100.7214, 17.9366 ], [ 100.7331, 17.9571 ], [ 100.7471, 17.9687 ], [ 100.7464, 17.9789 ], [ 100.7611, 17.9932 ], [ 100.7786, 18.0177 ], [ 100.774, 18.0287 ], [ 100.8009, 18.0541 ], [ 100.8104, 18.0774 ], [ 100.8191, 18.0829 ], [ 100.842, 18.0797 ], [ 100.8499, 18.0828 ], [ 100.8566, 18.1029 ], [ 100.8754, 18.1186 ], [ 100.8717, 18.1259 ], [ 100.8757, 18.1423 ], [ 100.8837, 18.1512 ], [ 100.889, 18.1473 ], [ 100.9138, 18.1593 ], [ 100.9196, 18.172 ], [ 100.9333, 18.172 ], [ 100.9432, 18.1583 ], [ 100.9609, 18.1531 ], [ 100.9726, 18.1457 ], [ 100.9759, 18.1384 ], [ 101.0011, 18.1325 ], [ 101.0153, 18.1158 ], [ 101.0129, 18.1097 ], [ 101.0202, 18.109 ], [ 101.0215, 18.0888 ], [ 101.0359, 18.0812 ], [ 101.0394, 18.0747 ], [ 101.0223, 18.0487 ], [ 101.007, 18.0329 ], [ 100.9803, 18.0283 ], [ 100.9741, 18.0232 ], [ 100.9775, 18.0049 ], [ 100.9676, 17.9958 ], [ 100.9671, 17.9702 ], [ 100.9603, 17.9614 ], [ 100.9509, 17.9581 ], [ 100.9465, 17.9447 ], [ 100.9339, 17.9328 ], [ 100.9353, 17.9292 ], [ 100.926, 17.9075 ], [ 100.9074, 17.8937 ], [ 100.9159, 17.8785 ], [ 100.9063, 17.8773 ], [ 100.8997, 17.8688 ], [ 100.8928, 17.8751 ], [ 100.8833, 17.8728 ], [ 100.8799, 17.8665 ], [ 100.8734, 17.8644 ] ] ] } },
{ "type": "Feature", "properties": { "id": "AMP_0004", "name": "บ้านโคก" }, "geometry": { "type": "Polygon", "coordinates": [ [ [ 101.0706, 17.914 ], [ 101.0644, 17.9168 ], [ 101.0472, 17.9133 ], [ 101.0189, 17.8914 ], [ 101.0126, 17.895 ], [ 100.998, 17.8916 ], [ 100.9863, 17.8967 ], [ 100.9674, 17.8956 ], [ 100.9721, 17.8897 ], [ 100.9657, 17.8876 ], [ 100.9721, 17.8854 ], [ 100.9735, 17.876 ], [ 100.9543, 17.8793 ], [ 100.9592, 17.873 ], [ 100.9543, 17.8734 ], [ 100.9568, 17.8692 ], [ 100.9519, 17.8698 ], [ 100.952, 17.8664 ], [ 100.9477, 17.8736 ], [ 100.9436, 17.8714 ], [ 100.943, 17.8762 ], [ 100.9404, 17.8723 ], [ 100.9355, 17.8772 ], [ 100.9335, 17.8725 ], [ 100.9148, 17.8821 ], [ 100.9074, 17.8937 ], [ 100.926, 17.9075 ], [ 100.9353, 17.9292 ], [ 100.9339, 17.9328 ], [ 100.9465, 17.9447 ], [ 100.9509, 17.9581 ], [ 100.9603, 17.9614 ], [ 100.9671, 17.9702 ], [ 100.9676, 17.9958 ], [ 100.9775, 18.0049 ], [ 100.9741, 18.0232 ], [ 100.9803, 18.0283 ], [ 101.007, 18.0329 ], [ 101.0223, 18.0487 ], [ 101.0394, 18.0747 ], [ 101.0359, 18.0812 ], [ 101.0215, 18.0888 ], [ 101.0202, 18.109 ], [ 101.0129, 18.1097 ], [ 101.0153, 18.1158 ], [ 101.0011, 18.1325 ], [ 100.9759, 18.1384 ], [ 100.9726, 18.1457 ], [ 100.9609, 18.1531 ], [ 100.9432, 18.1583 ], [ 100.9333, 18.172 ], [ 100.9196, 18.172 ], [ 100.9138, 18.1593 ], [ 100.9064, 18.1754 ], [ 100.9079, 18.1934 ], [ 100.9253, 18.2119 ], [ 100.9127, 18.2276 ], [ 100.9256, 18.2502 ], [ 100.9401, 18.2547 ], [ 100.9634, 18.2781 ], [ 100.9802, 18.3062 ], [ 100.9977, 18.3079 ], [ 101.0053, 18.3184 ], [ 101.0226, 18.3248 ], [ 101.0552, 18.3533 ], [ 101.0742, 18.3577 ], [ 101.0858, 18.3807 ], [ 101.0942, 18.3814 ], [ 101.1096, 18.3712 ], [ 101.1322, 18.3659 ], [ 101.1484, 18.347 ], [ 101.1674, 18.3467 ], [ 101.1821, 18.3405 ], [ 101.18, 18.3277 ], [ 101.1739, 18.3204 ], [ 101.1684, 18.3207 ], [ 101.1595, 18.3106 ], [ 101.1607, 18.3049 ], [ 101.1483, 18.2945 ], [ 101.1631, 18.2783 ], [ 101.1441, 18.259 ], [ 101.1592, 18.2466 ], [ 101.1607, 18.2395 ], [ 101.1666, 18.2307 ], [ 101.1654, 18.2177 ], [ 101.1727, 18.217 ], [ 101.1793, 18.2246 ], [ 101.1926, 18.2132 ], [ 101.1773, 18.1812 ], [ 101.169, 18.1399 ], [ 101.161, 18.1238 ], [ 101.1647, 18.105 ], [ 101.1744, 18.0891 ], [ 101.1727, 18.0758 ], [ 101.1838, 18.0652 ], [ 101.1604, 18.0298 ], [ 101.1556, 18.0374 ], [ 101.1514, 18.0371 ], [ 101.1212, 17.9986 ], [ 101.1186, 17.9736 ], [ 101.1145, 17.9715 ], [ 101.1173, 17.9514 ], [ 101.1037, 17.9465 ], [ 101.0886, 17.9254 ], [ 101.0738, 17.921 ], [ 101.0706, 17.914 ] ] ] } },
{ "type": "Feature", "properties": { "id": "AMP_0005", "name": "ท่าปลา" }, "geometry": { "type": "Polygon", "coordinates": [ [ [ 100.6197, 17.7808 ], [ 100.5955, 17.7618 ], [ 100.573, 17.7254 ], [ 100.5667, 17.7252 ], [ 100.5702, 17.7313 ], [ 100.5674, 17.7384 ], [ 100.5605, 17.7333 ], [ 100.5543, 17.7393 ], [ 100.5487, 17.7262 ], [ 100.5542, 17.7193 ], [ 100.5523, 17.7106 ], [ 100.5612, 17.6859 ], [ 100.5594, 17.6791 ], [ 100.5446, 17.6694 ], [ 100.5372, 17.667 ], [ 100.5234, 17.6712 ], [ 100.4998, 17.6547 ], [ 100.4907, 17.6538 ], [ 100.4812, 17.64 ], [ 100.4589, 17.6263 ], [ 100.4494, 17.6083 ], [ 100.4401, 17.6086 ], [ 100.4246, 17.6059 ], [ 100.4254, 17.6169 ], [ 100.4072, 17.6251 ], [ 100.3995, 17.6312 ], [ 100.3752, 17.6383 ], [ 100.3815, 17.6434 ], [ 100.386, 17.6621 ], [ 100.3947, 17.6741 ], [ 100.3821, 17.6844 ], [ 100.3725, 17.6813 ], [ 100.3612, 17.6873 ], [ 100.3405, 17.7064 ], [ 100.3267, 17.7052 ], [ 100.3247, 17.7112 ], [ 100.3105, 17.7086 ], [ 100.3123, 17.6974 ], [ 100.2884, 17.6933 ], [ 100.2849, 17.7072 ], [ 100.2852, 17.7203 ], [ 100.2922, 17.7267 ], [ 100.2939, 17.7355 ], [ 100.2866, 17.7422 ], [ 100.2911, 17.7561 ], [ 100.2812, 17.7648 ], [ 100.2822, 17.7763 ], [ 100.2685, 17.7865 ], [ 100.2561, 17.7871 ], [ 100.2529, 17.7926 ], [ 100.2487, 17.8072 ], [ 100.2311, 17.8044 ], [ 100.2101, 17.8196 ], [ 100.2091, 17.8272 ], [ 100.1923, 17.8143 ], [ 100.1772, 17.8279 ], [ 100.1695, 17.8285 ], [ 100.1658, 17.8226 ], [ 100.1575, 17.8271 ], [ 100.1491, 17.826 ], [ 100.1468, 17.8357 ], [ 100.1366, 17.8476 ], [ 100.1385, 17.855 ], [ 100.1344, 17.8597 ], [ 100.1545, 17.8766 ], [ 100.1608, 17.8896 ], [ 100.1702, 17.8907 ], [ 100.1905, 17.9054 ], [ 100.2026, 17.9181 ], [ 100.2146, 17.9207 ], [ 100.2177, 17.936 ], [ 100.2251, 17.9391 ], [ 100.225, 17.9484 ], [ 100.2319, 17.9496 ], [ 100.2349, 17.9554 ], [ 100.2465, 17.962 ], [ 100.2621, 17.9531 ], [ 100.2801, 17.9566 ], [ 100.288, 17.9364 ], [ 100.2993, 17.9392 ], [ 100.307, 17.9331 ], [ 100.3131, 17.9097 ], [ 100.3197, 17.9058 ], [ 100.3261, 17.8922 ], [ 100.3343, 17.8888 ], [ 100.3422, 17.894 ], [ 100.3491, 17.9091 ], [ 100.3477, 17.9154 ], [ 100.3596, 17.9264 ], [ 100.3502, 17.9828 ], [ 100.3778, 18.0026 ], [ 100.3802, 18.0122 ], [ 100.3918, 18.0213 ], [ 100.407, 18.0246 ], [ 100.4136, 18.022 ], [ 100.4235, 18.0134 ], [ 100.4411, 18.0233 ], [ 100.4561, 18.0414 ], [ 100.473, 18.045 ], [ 100.4813, 18.0553 ], [ 100.4973, 18.0508 ], [ 100.5031, 18.0539 ], [ 100.5207, 18.0428 ], [ 100.5341, 18.0388 ], [ 100.5402, 18.0419 ], [ 100.5524, 18.0349 ], [ 100.5729, 18.0355 ], [ 100.577, 18.044 ], [ 100.5916, 18.0409 ], [ 100.6102, 18.0498 ], [ 100.6234, 18.0433 ], [ 100.6574, 18.0389 ], [ 100.67, 18.0418 ], [ 100.6819, 18.0322 ], [ 100.6806, 18.0281 ], [ 100.7058, 18.0265 ], [ 100.7128, 18.0382 ], [ 100.7123, 18.0563 ], [ 100.7171, 18.0677 ], [ 100.7183, 18.0533 ], [ 100.726, 18.0477 ], [ 100.7532, 18.0647 ], [ 100.7631, 18.0634 ], [ 100.7642, 18.0572 ], [ 100.776, 18.0472 ], [ 100.777, 18.0325 ], [ 100.774, 18.0287 ], [ 100.7786, 18.0177 ], [ 100.7611, 17.9932 ], [ 100.7464, 17.9789 ], [ 100.7471, 17.9687 ], [ 100.7331, 17.9571 ], [ 100.7214, 17.9366 ], [ 100.7157, 17.9065 ], [ 100.7057, 17.8959 ], [ 100.705, 17.8748 ], [ 100.6903, 17.8552 ], [ 100.6874, 17.8442 ], [ 100.6771, 17.839 ], [ 100.6735, 17.8194 ], [ 100.6507, 17.8332 ], [ 100.6438, 17.8184 ], [ 100.6332, 17.81 ], [ 100.629, 17.7956 ], [ 100.6212, 17.7903 ], [ 100.6197, 17.7808 ] ] ] } },
{ "type": "Feature", "properties": { "id": "AMP_0006", "name": "น้ำปาด" }, "geometry": { "type": "Polygon", "coordinates": [ [ [ 100.5164, 17.5118 ], [ 100.5073, 17.5075 ], [ 100.4994, 17.5134 ], [ 100.501, 17.5222 ], [ 100.4909, 17.532 ], [ 100.4927, 17.5379 ], [ 100.4561, 17.5564 ], [ 100.4458, 17.5702 ], [ 100.4401, 17.6086 ], [ 100.4494, 17.6083 ], [ 100.4589, 17.6263 ], [ 100.4812, 17.64 ], [ 100.4907, 17.6538 ], [ 100.4998, 17.6547 ], [ 100.5234, 17.6712 ], [ 100.5372, 17.667 ], [ 100.5446, 17.6694 ], [ 100.5594, 17.6791 ], [ 100.5612, 17.6859 ], [ 100.5523, 17.7106 ], [ 100.5542, 17.7193 ], [ 100.5487, 17.7262 ], [ 100.5543, 17.7393 ], [ 100.5605, 17.7333 ], [ 100.5674, 17.7384 ], [ 100.5702, 17.7313 ], [ 100.5667, 17.7252 ], [ 100.573, 17.7254 ], [ 100.5955, 17.7618 ], [ 100.6197, 17.7808 ], [ 100.6212, 17.7903 ], [ 100.629, 17.7956 ], [ 100.6332, 17.81 ], [ 100.6438, 17.8184 ], [ 100.6507, 17.8332 ], [ 100.6735, 17.8194 ], [ 100.6771, 17.839 ], [ 100.6874, 17.8442 ], [ 100.6903, 17.8552 ], [ 100.705, 17.8748 ], [ 100.7057, 17.8959 ], [ 100.7157, 17.9065 ], [ 100.7267, 17.9089 ], [ 100.7518, 17.8738 ], [ 100.7708, 17.8608 ], [ 100.7825, 17.8603 ], [ 100.7861, 17.8522 ], [ 100.7869, 17.8603 ], [ 100.7933, 17.8659 ], [ 100.7957, 17.8605 ], [ 100.8008, 17.8654 ], [ 100.8075, 17.8591 ], [ 100.8165, 17.8663 ], [ 100.8351, 17.8626 ], [ 100.8456, 17.8653 ], [ 100.8505, 17.8722 ], [ 100.8571, 17.8725 ], [ 100.8601, 17.868 ], [ 100.8663, 17.87 ], [ 100.8696, 17.8612 ], [ 100.8744, 17.8611 ], [ 100.8734, 17.8644 ], [ 100.8799, 17.8665 ], [ 100.8833, 17.8728 ], [ 100.8928, 17.8751 ], [ 100.8997, 17.8688 ], [ 100.9063, 17.8773 ], [ 100.9159, 17.8785 ], [ 100.9148, 17.8821 ], [ 100.9335, 17.8725 ], [ 100.9355, 17.8772 ], [ 100.9404, 17.8723 ], [ 100.943, 17.8762 ], [ 100.9436, 17.8714 ], [ 100.9477, 17.8736 ], [ 100.952, 17.8664 ], [ 100.9519, 17.8698 ], [ 100.9568, 17.8692 ], [ 100.9543, 17.8734 ], [ 100.9592, 17.873 ], [ 100.9543, 17.8793 ], [ 100.9735, 17.876 ], [ 100.9721, 17.8854 ], [ 100.9657, 17.8876 ], [ 100.9721, 17.8897 ], [ 100.9674, 17.8956 ], [ 100.9863, 17.8967 ], [ 100.998, 17.8916 ], [ 101.0126, 17.895 ], [ 101.0189, 17.8914 ], [ 101.0165, 17.8841 ], [ 101.021, 17.8828 ], [ 101.0173, 17.878 ], [ 101.0348, 17.8607 ], [ 101.03, 17.847 ], [ 101.0324, 17.834 ], [ 101.0278, 17.8288 ], [ 101.0186, 17.8293 ], [ 100.9989, 17.8208 ], [ 100.9926, 17.804 ], [ 101.0025, 17.7949 ], [ 101.0063, 17.7844 ], [ 100.9992, 17.7705 ], [ 100.9812, 17.7679 ], [ 100.9773, 17.7621 ], [ 100.9774, 17.7534 ], [ 100.9863, 17.7488 ], [ 100.9883, 17.743 ], [ 100.9767, 17.716 ], [ 100.9555, 17.7007 ], [ 100.9417, 17.702 ], [ 100.9253, 17.6961 ], [ 100.9219, 17.7 ], [ 100.914, 17.6991 ], [ 100.9086, 17.7022 ], [ 100.9042, 17.7152 ], [ 100.8893, 17.7157 ], [ 100.8713, 17.7068 ], [ 100.8525, 17.6805 ], [ 100.8427, 17.6537 ], [ 100.8366, 17.6483 ], [ 100.8022, 17.6384 ], [ 100.7899, 17.6134 ], [ 100.7761, 17.6008 ], [ 100.7741, 17.5834 ], [ 100.7666, 17.58 ], [ 100.7653, 17.5705 ], [ 100.7469, 17.5581 ], [ 100.7399, 17.5421 ], [ 100.6896, 17.5227 ], [ 100.6707, 17.5021 ], [ 100.6452, 17.4937 ], [ 100.642, 17.522 ], [ 100.6346, 17.5281 ], [ 100.6275, 17.5253 ], [ 100.6176, 17.5313 ], [ 100.6077, 17.5293 ], [ 100.5827, 17.5098 ], [ 100.5759, 17.51 ], [ 100.5681, 17.5008 ], [ 100.5593, 17.497 ], [ 100.555, 17.4995 ], [ 100.5378, 17.4798 ], [ 100.5294, 17.4901 ], [ 100.5306, 17.5004 ], [ 100.524, 17.5101 ], [ 100.5164, 17.5118 ] ] ] } },
{ "type": "Feature", "properties": { "id": "AMP_0007", "name": "เมืองอุตรดิตถ์" }, "geometry": { "type": "Polygon", "coordinates": [ [ [ 100.2199, 17.5604 ], [ 100.2156, 17.5522 ], [ 100.1983, 17.5396 ], [ 100.1844, 17.5474 ], [ 100.1661, 17.5493 ], [ 100.0966, 17.5118 ], [ 100.0843, 17.5104 ], [ 100.0719, 17.5176 ], [ 100.0638, 17.5297 ], [ 100.0674, 17.5715 ], [ 100.0745, 17.5772 ], [ 100.077, 17.5875 ], [ 100.0713, 17.5924 ], [ 100.0696, 17.5998 ], [ 100.0641, 17.6023 ], [ 100.0605, 17.6101 ], [ 100.0732, 17.6146 ], [ 100.0668, 17.6461 ], [ 100.0741, 17.6572 ], [ 100.067, 17.6806 ], [ 100.0869, 17.6774 ], [ 100.0908, 17.6818 ], [ 100.0859, 17.7029 ], [ 100.0877, 17.7174 ], [ 100.0924, 17.7208 ], [ 100.0919, 17.7365 ], [ 100.1036, 17.7565 ], [ 100.0936, 17.7739 ], [ 100.0757, 17.7782 ], [ 100.0631, 17.7995 ], [ 100.0381, 17.8076 ], [ 100.0159, 17.828 ], [ 100.014, 17.8225 ], [ 100.0016, 17.8215 ], [ 99.9956, 17.8303 ], [ 100.0054, 17.8366 ], [ 100.013, 17.8339 ], [ 100.0264, 17.8378 ], [ 100.0476, 17.8482 ], [ 100.0575, 17.8337 ], [ 100.0653, 17.8407 ], [ 100.0776, 17.8384 ], [ 100.0892, 17.8429 ], [ 100.0956, 17.8509 ], [ 100.1012, 17.847 ], [ 100.1196, 17.8591 ], [ 100.1298, 17.8563 ], [ 100.1344, 17.8597 ], [ 100.1385, 17.855 ], [ 100.1366, 17.8476 ], [ 100.1468, 17.8357 ], [ 100.1491, 17.826 ], [ 100.1575, 17.8271 ], [ 100.1658, 17.8226 ], [ 100.1695, 17.8285 ], [ 100.1772, 17.8279 ], [ 100.1923, 17.8143 ], [ 100.2091, 17.8272 ], [ 100.2101, 17.8196 ], [ 100.2311, 17.8044 ], [ 100.2487, 17.8072 ], [ 100.2529, 17.7926 ], [ 100.2561, 17.7871 ], [ 100.2685, 17.7865 ], [ 100.2822, 17.7763 ], [ 100.2812, 17.7648 ], [ 100.2911, 17.7561 ], [ 100.2866, 17.7422 ], [ 100.2939, 17.7355 ], [ 100.2922, 17.7267 ], [ 100.2852, 17.7203 ], [ 100.2849, 17.7072 ], [ 100.2884, 17.6933 ], [ 100.3123, 17.6974 ], [ 100.3105, 17.7086 ], [ 100.3247, 17.7112 ], [ 100.3267, 17.7052 ], [ 100.3405, 17.7064 ], [ 100.3612, 17.6873 ], [ 100.3725, 17.6813 ], [ 100.3821, 17.6844 ], [ 100.3947, 17.6741 ], [ 100.386, 17.6621 ], [ 100.3815, 17.6434 ], [ 100.3752, 17.6383 ], [ 100.3995, 17.6312 ], [ 100.4072, 17.6251 ], [ 100.4044, 17.6086 ], [ 100.3917, 17.5983 ], [ 100.3746, 17.5952 ], [ 100.359, 17.585 ], [ 100.3531, 17.5858 ], [ 100.3351, 17.598 ], [ 100.3307, 17.6084 ], [ 100.3135, 17.6244 ], [ 100.2921, 17.6173 ], [ 100.2799, 17.6025 ], [ 100.2666, 17.5949 ], [ 100.2516, 17.5945 ], [ 100.2415, 17.5772 ], [ 100.232, 17.5721 ], [ 100.2199, 17.5604 ] ] ] } },
{ "type": "Feature", "properties": { "id": "AMP_0008", "name": "ตรอน" }, "geometry": { "type": "Polygon", "coordinates": [ [ [ 100.1496, 17.4047 ], [ 100.1203, 17.4059 ], [ 100.1092, 17.4199 ], [ 100.0776, 17.4389 ], [ 100.0665, 17.4395 ], [ 100.0632, 17.4449 ], [ 100.0636, 17.4359 ], [ 100.0591, 17.4307 ], [ 100.0638, 17.4288 ], [ 100.0632, 17.4206 ], [ 100.044, 17.4322 ], [ 100.0447, 17.4237 ], [ 100.021, 17.4241 ], [ 100.0308, 17.4356 ], [ 100.0309, 17.444 ], [ 100.02, 17.4586 ], [ 100.0068, 17.4562 ], [ 100.0021, 17.4597 ], [ 99.9988, 17.4669 ], [ 99.9813, 17.473 ], [ 99.981, 17.4875 ], [ 99.9722, 17.496 ], [ 99.9667, 17.4927 ], [ 99.9561, 17.5059 ], [ 99.94, 17.4954 ], [ 99.9326, 17.5069 ], [ 99.9311, 17.5221 ], [ 99.9405, 17.5362 ], [ 99.9563, 17.5193 ], [ 99.983, 17.5115 ], [ 100.0, 17.4897 ], [ 100.0141, 17.4799 ], [ 100.0712, 17.5082 ], [ 100.0966, 17.5118 ], [ 100.1661, 17.5493 ], [ 100.1844, 17.5474 ], [ 100.2056, 17.5351 ], [ 100.2283, 17.5051 ], [ 100.2426, 17.4936 ], [ 100.2384, 17.4777 ], [ 100.2432, 17.475 ], [ 100.242, 17.4663 ], [ 100.2495, 17.4542 ], [ 100.2382, 17.4265 ], [ 100.2444, 17.4182 ], [ 100.245, 17.4078 ], [ 100.2524, 17.4019 ], [ 100.2421, 17.3888 ], [ 100.2288, 17.392 ], [ 100.2097, 17.3913 ], [ 100.1496, 17.4047 ] ] ] } },
{ "type": "Feature", "properties": { "id": "AMP_0009", "name": "หล่มเก่า" }, "geometry": { "type": "Polygon", "coordinates": [ [ [ 101.1945, 16.8222 ], [ 101.1301, 16.8071 ], [ 101.1114, 16.8192 ], [ 101.0968, 16.8124 ], [ 101.08, 16.8195 ], [ 101.0695, 16.8261 ], [ 101.058, 16.822 ], [ 101.0607, 16.8811 ], [ 101.0738, 16.89 ], [ 101.0803, 16.9011 ], [ 101.0922, 16.9003 ], [ 101.1068, 16.9073 ], [ 101.116, 16.9318 ], [ 101.1181, 16.978 ], [ 101.1114, 17.0055 ], [ 101.1162, 17.0195 ], [ 101.1256, 17.026 ], [ 101.1694, 17.0387 ], [ 101.1725, 17.0524 ], [ 101.1879, 17.0647 ], [ 101.2062, 17.0682 ], [ 101.2219, 17.0597 ], [ 101.2292, 17.0678 ], [ 101.2232, 17.0854 ], [ 101.2355, 17.0954 ], [ 101.2433, 17.1088 ], [ 101.2501, 17.1119 ], [ 101.2733, 17.0957 ], [ 101.2789, 17.0977 ], [ 101.3051, 17.1159 ], [ 101.3074, 17.1297 ], [ 101.3186, 17.1365 ], [ 101.3523, 17.1679 ], [ 101.3818, 17.1697 ], [ 101.3976, 17.178 ], [ 101.4512, 17.1421 ], [ 101.452, 17.1234 ], [ 101.4615, 17.106 ], [ 101.459, 17.0987 ], [ 101.4751, 17.0889 ], [ 101.4895, 17.0591 ], [ 101.4959, 17.0209 ], [ 101.5043, 17.0102 ], [ 101.4884, 17.0054 ], [ 101.4548, 17.0061 ], [ 101.4434, 17.0129 ], [ 101.4263, 17.011 ], [ 101.432, 17.0065 ], [ 101.4297, 16.9897 ], [ 101.4342, 16.9875 ], [ 101.4341, 16.9798 ], [ 101.4225, 16.9563 ], [ 101.4263, 16.9444 ], [ 101.4171, 16.9318 ], [ 101.4091, 16.9303 ], [ 101.4029, 16.9364 ], [ 101.3875, 16.929 ], [ 101.3777, 16.9359 ], [ 101.3613, 16.9318 ], [ 101.3529, 16.9377 ], [ 101.3446, 16.9346 ], [ 101.3336, 16.9393 ], [ 101.3272, 16.9361 ], [ 101.3255, 16.9255 ], [ 101.3156, 16.921 ], [ 101.3043, 16.918 ], [ 101.2914, 16.9254 ], [ 101.2836, 16.9199 ], [ 101.2698, 16.9015 ], [ 101.2683, 16.8718 ], [ 101.2619, 16.866 ], [ 101.2618, 16.8521 ], [ 101.2512, 16.8468 ], [ 101.219, 16.8473 ], [ 101.2122, 16.8455 ], [ 101.1983, 16.8351 ], [ 101.1945, 16.8222 ] ] ] } },
{ "type": "Feature", "properties": { "id": "AMP_0010", "name": "วิเชียรบุรี" }, "geometry": { "type": "Polygon", "coordinates": [ [ [ 101.0818, 15.5407 ], [ 101.0882, 15.5389 ], [ 101.0895, 15.5287 ], [ 101.0821, 15.5172 ], [ 101.0905, 15.5183 ], [ 101.0904, 15.5144 ], [ 101.0959, 15.5129 ], [ 101.091, 15.5097 ], [ 101.0903, 15.5012 ], [ 101.0836, 15.5019 ], [ 101.0873, 15.4979 ], [ 101.0839, 15.4886 ], [ 101.0862, 15.4903 ], [ 101.0898, 15.4867 ], [ 101.0763, 15.4823 ], [ 101.056, 15.4884 ], [ 101.0413, 15.4849 ], [ 101.0323, 15.4929 ], [ 101.0172, 15.4966 ], [ 100.9898, 15.4932 ], [ 100.967, 15.5002 ], [ 100.9312, 15.488 ], [ 100.9269, 15.4832 ], [ 100.9113, 15.4896 ], [ 100.9106, 15.5009 ], [ 100.8891, 15.5146 ], [ 100.8897, 15.5252 ], [ 100.8842, 15.5297 ], [ 100.8545, 15.5269 ], [ 100.8549, 15.5476 ], [ 100.8328, 15.5527 ], [ 100.8322, 15.5637 ], [ 100.8138, 15.579 ], [ 100.8185, 15.5861 ], [ 100.8084, 15.5943 ], [ 100.825, 15.614 ], [ 100.8184, 15.631 ], [ 100.8265, 15.646 ], [ 100.8232, 15.6621 ], [ 100.827, 15.6643 ], [ 100.8263, 15.676 ], [ 100.8335, 15.6807 ], [ 100.8268, 15.6839 ], [ 100.8187, 15.7124 ], [ 100.8418, 15.7078 ], [ 100.8465, 15.7008 ], [ 100.8599, 15.6985 ], [ 100.8965, 15.6998 ], [ 100.9146, 15.7067 ], [ 100.9513, 15.7318 ], [ 100.9636, 15.7333 ], [ 100.9666, 15.7375 ], [ 100.9899, 15.7389 ], [ 101.0135, 15.7475 ], [ 101.045, 15.7711 ], [ 101.0553, 15.7607 ], [ 101.0694, 15.7568 ], [ 101.076, 15.7607 ], [ 101.0884, 15.7802 ], [ 101.0922, 15.7962 ], [ 101.1237, 15.801 ], [ 101.1404, 15.8056 ], [ 101.1746, 15.8043 ], [ 101.1901, 15.8082 ], [ 101.198, 15.8336 ], [ 101.234, 15.8333 ], [ 101.2466, 15.8643 ], [ 101.26, 15.8662 ], [ 101.2661, 15.8576 ], [ 101.272, 15.8571 ], [ 101.2759, 15.8607 ], [ 101.2733, 15.8653 ], [ 101.2866, 15.8719 ], [ 101.3027, 15.8652 ], [ 101.3086, 15.8474 ], [ 101.318, 15.8437 ], [ 101.3267, 15.8519 ], [ 101.3316, 15.8505 ], [ 101.3245, 15.8329 ], [ 101.332, 15.83 ], [ 101.3266, 15.8068 ], [ 101.3313, 15.8035 ], [ 101.3172, 15.7898 ], [ 101.3284, 15.7854 ], [ 101.3337, 15.7777 ], [ 101.332, 15.7735 ], [ 101.3392, 15.7674 ], [ 101.3354, 15.7539 ], [ 101.3406, 15.7563 ], [ 101.3484, 15.7504 ], [ 101.3388, 15.7471 ], [ 101.3376, 15.7213 ], [ 101.3509, 15.6625 ], [ 101.3396, 15.637 ], [ 101.321, 15.6165 ], [ 101.311, 15.5742 ], [ 101.2724, 15.5643 ], [ 101.1837, 15.5577 ], [ 101.1622, 15.5601 ], [ 101.1545, 15.5679 ], [ 101.1431, 15.5697 ], [ 101.1091, 15.5444 ], [ 101.1082, 15.5525 ], [ 101.0936, 15.5612 ], [ 101.0926, 15.5522 ], [ 101.0907, 15.5571 ], [ 101.0831, 15.5546 ], [ 101.0804, 15.5575 ], [ 101.0824, 15.5535 ], [ 101.0786, 15.5515 ], [ 101.0818, 15.5407 ] ] ] } },
{ "type": "Feature", "properties": { "id": "AMP_0011", "name": "ชนแดน" }, "geometry": { "type": "Polygon", "coordinates": [ [ [ 100.8934, 15.9649 ], [ 100.8878, 15.967 ], [ 100.8878, 15.9622 ], [ 100.8798, 15.9562 ], [ 100.8977, 15.9159 ], [ 100.8968, 15.9015 ], [ 100.9019, 15.897 ], [ 100.8917, 15.9002 ], [ 100.8808, 15.9223 ], [ 100.8572, 15.9289 ], [ 100.8415, 15.9098 ], [ 100.8212, 15.911 ], [ 100.8085, 15.9249 ], [ 100.7982, 15.9264 ], [ 100.7793, 15.897 ], [ 100.7639, 15.9114 ], [ 100.7664, 15.9314 ], [ 100.7729, 15.9292 ], [ 100.7809, 15.9351 ], [ 100.799, 15.9363 ], [ 100.7911, 15.9583 ], [ 100.778, 15.9661 ], [ 100.7841, 15.9811 ], [ 100.7821, 15.994 ], [ 100.7692, 15.9985 ], [ 100.7689, 16.0038 ], [ 100.7603, 16.0095 ], [ 100.7441, 16.012 ], [ 100.7271, 16.0224 ], [ 100.6686, 16.0303 ], [ 100.6568, 16.0477 ], [ 100.6353, 16.0457 ], [ 100.6428, 16.0514 ], [ 100.6541, 16.1016 ], [ 100.6546, 16.126 ], [ 100.6442, 16.14 ], [ 100.7072, 16.2421 ], [ 100.7191, 16.2515 ], [ 100.7177, 16.2576 ], [ 100.7411, 16.2567 ], [ 100.7544, 16.2636 ], [ 100.7627, 16.2604 ], [ 100.7708, 16.2677 ], [ 100.7801, 16.2674 ], [ 100.7816, 16.2718 ], [ 100.791, 16.2713 ], [ 100.8057, 16.2798 ], [ 100.8201, 16.2818 ], [ 100.8307, 16.2694 ], [ 100.8386, 16.2678 ], [ 100.8413, 16.283 ], [ 100.8472, 16.2903 ], [ 100.8427, 16.305 ], [ 100.8459, 16.3153 ], [ 100.8637, 16.33 ], [ 100.8842, 16.3302 ], [ 100.9029, 16.3191 ], [ 100.9107, 16.3199 ], [ 100.9218, 16.3036 ], [ 100.9425, 16.3087 ], [ 100.9641, 16.2823 ], [ 100.9611, 16.2735 ], [ 100.9661, 16.2632 ], [ 100.9812, 16.2556 ], [ 100.9827, 16.2263 ], [ 100.9926, 16.2255 ], [ 100.9933, 16.2131 ], [ 100.9817, 16.1856 ], [ 100.9861, 16.1826 ], [ 100.9823, 16.1529 ], [ 100.9863, 16.1389 ], [ 100.9796, 16.1335 ], [ 100.9752, 16.1371 ], [ 100.9731, 16.1459 ], [ 100.9512, 16.1339 ], [ 100.9452, 16.1369 ], [ 100.9413, 16.1257 ], [ 100.9246, 16.1329 ], [ 100.9074, 16.1073 ], [ 100.9251, 16.078 ], [ 100.9338, 16.074 ], [ 100.9329, 16.0636 ], [ 100.9393, 16.0637 ], [ 100.946, 16.0718 ], [ 100.9675, 16.0616 ], [ 100.9746, 16.0607 ], [ 100.9815, 16.0661 ], [ 100.9827, 16.0628 ], [ 100.9797, 16.0512 ], [ 100.9886, 16.0419 ], [ 100.9892, 16.0314 ], [ 100.9841, 16.0241 ], [ 100.9866, 16.0051 ], [ 100.9835, 15.9887 ], [ 100.9728, 15.9957 ], [ 100.9606, 15.987 ], [ 100.9434, 15.9905 ], [ 100.9293, 15.9854 ], [ 100.9425, 15.98 ], [ 100.9301, 15.9786 ], [ 100.9022, 15.9872 ], [ 100.8934, 15.9649 ] ] ] } },
{ "type": "Feature", "properties": { "id": "AMP_0012", "name": "หล่มสัก" }, "geometry": { "type": "Polygon", "coordinates": [ [ [ 101.4276, 16.6099 ], [ 101.4024, 16.5937 ], [ 101.3702, 16.5934 ], [ 101.3539, 16.5693 ], [ 101.3569, 16.5614 ], [ 101.3434, 16.5613 ], [ 101.3235, 16.5488 ], [ 101.3079, 16.5524 ], [ 101.2937, 16.5491 ], [ 101.2677, 16.5563 ], [ 101.2466, 16.5479 ], [ 101.2344, 16.5465 ], [ 101.2136, 16.5507 ], [ 101.2164, 16.5612 ], [ 101.2064, 16.577 ], [ 101.1937, 16.5858 ], [ 101.1904, 16.5807 ], [ 101.184, 16.5842 ], [ 101.1755, 16.6014 ], [ 101.1698, 16.6016 ], [ 101.1531, 16.6151 ], [ 101.1567, 16.627 ], [ 101.1501, 16.6392 ], [ 101.141, 16.6323 ], [ 101.0983, 16.6296 ], [ 101.0798, 16.6356 ], [ 101.0623, 16.6354 ], [ 101.0533, 16.6447 ], [ 101.0611, 16.6521 ], [ 101.0488, 16.6597 ], [ 101.0504, 16.6734 ], [ 101.0548, 16.6785 ], [ 101.0932, 16.6787 ], [ 101.105, 16.6829 ], [ 101.1028, 16.69 ], [ 101.0911, 16.6951 ], [ 101.1007, 16.7423 ], [ 101.0983, 16.7526 ], [ 101.1045, 16.7593 ], [ 101.102, 16.7681 ], [ 101.1084, 16.7824 ], [ 101.0908, 16.7878 ], [ 101.0809, 16.8081 ], [ 101.08, 16.8195 ], [ 101.0968, 16.8124 ], [ 101.1114, 16.8192 ], [ 101.1301, 16.8071 ], [ 101.1413, 16.8088 ], [ 101.1666, 16.8167 ], [ 101.1945, 16.8222 ], [ 101.1983, 16.8351 ], [ 101.2122, 16.8455 ], [ 101.219, 16.8473 ], [ 101.2512, 16.8468 ], [ 101.2554, 16.8486 ], [ 101.2618, 16.8521 ], [ 101.2619, 16.866 ], [ 101.2683, 16.8718 ], [ 101.2698, 16.9015 ], [ 101.2836, 16.9199 ], [ 101.2914, 16.9254 ], [ 101.3043, 16.918 ], [ 101.3156, 16.921 ], [ 101.3255, 16.9255 ], [ 101.3272, 16.9361 ], [ 101.3336, 16.9393 ], [ 101.3446, 16.9346 ], [ 101.3529, 16.9377 ], [ 101.3613, 16.9318 ], [ 101.3777, 16.9359 ], [ 101.3875, 16.929 ], [ 101.4029, 16.9364 ], [ 101.4091, 16.9303 ], [ 101.4229, 16.9323 ], [ 101.4251, 16.9275 ], [ 101.4209, 16.9107 ], [ 101.4239, 16.8939 ], [ 101.4071, 16.8858 ], [ 101.4085, 16.8681 ], [ 101.3988, 16.8575 ], [ 101.4332, 16.8515 ], [ 101.4377, 16.8372 ], [ 101.4425, 16.8367 ], [ 101.4407, 16.8254 ], [ 101.4568, 16.8309 ], [ 101.4614, 16.8278 ], [ 101.469, 16.8331 ], [ 101.4688, 16.8369 ], [ 101.4795, 16.8437 ], [ 101.4821, 16.8588 ], [ 101.4907, 16.8605 ], [ 101.5054, 16.855 ], [ 101.5165, 16.8278 ], [ 101.5191, 16.8081 ], [ 101.5253, 16.7846 ], [ 101.5163, 16.7612 ], [ 101.5105, 16.7573 ], [ 101.5134, 16.681 ], [ 101.5106, 16.6769 ], [ 101.5136, 16.6728 ], [ 101.509, 16.6554 ], [ 101.5261, 16.6195 ], [ 101.5064, 16.6167 ], [ 101.5001, 16.6106 ], [ 101.4985, 16.5796 ], [ 101.4668, 16.5986 ], [ 101.4534, 16.5964 ], [ 101.4498, 16.5985 ], [ 101.4507, 16.6055 ], [ 101.4389, 16.6089 ], [ 101.4276, 16.6099 ] ] ] } },
{ "type": "Feature", "properties": { "id": "AMP_0013", "name": "เมืองเพชรบูรณ์" }, "geometry": { "type": "Polygon", "coordinates": [ [ [ 101.1652, 16.1412 ], [ 101.1711, 16.1173 ], [ 101.169, 16.1055 ], [ 101.1533, 16.1008 ], [ 101.1423, 16.0908 ], [ 101.132, 16.1034 ], [ 101.1086, 16.1 ], [ 101.0952, 16.1179 ], [ 101.0931, 16.1393 ], [ 101.0856, 16.1413 ], [ 101.0842, 16.1512 ], [ 101.0408, 16.1687 ], [ 101.0212, 16.1699 ], [ 101.0166, 16.1606 ], [ 101.0072, 16.1558 ], [ 100.9979, 16.1605 ], [ 100.997, 16.1707 ], [ 100.9845, 16.1659 ], [ 100.9861, 16.1826 ], [ 100.9817, 16.1856 ], [ 100.9933, 16.2131 ], [ 100.9926, 16.2255 ], [ 100.9827, 16.2263 ], [ 100.9812, 16.2556 ], [ 100.9661, 16.2632 ], [ 100.9611, 16.2735 ], [ 100.9641, 16.2823 ], [ 100.9425, 16.3087 ], [ 100.9641, 16.3167 ], [ 100.9722, 16.3214 ], [ 100.9734, 16.3284 ], [ 100.9935, 16.3539 ], [ 100.9942, 16.3654 ], [ 100.9819, 16.3832 ], [ 100.9747, 16.3817 ], [ 100.9608, 16.3919 ], [ 100.9541, 16.391 ], [ 100.9314, 16.4009 ], [ 100.9234, 16.4123 ], [ 100.9086, 16.4135 ], [ 100.884, 16.4427 ], [ 100.8722, 16.4335 ], [ 100.8547, 16.4363 ], [ 100.8425, 16.4356 ], [ 100.8365, 16.4302 ], [ 100.8052, 16.4499 ], [ 100.7935, 16.4724 ], [ 100.8038, 16.4802 ], [ 100.8168, 16.483 ], [ 100.8148, 16.4961 ], [ 100.8326, 16.5051 ], [ 100.8446, 16.5034 ], [ 100.8516, 16.5095 ], [ 100.872, 16.5096 ], [ 100.8807, 16.5035 ], [ 100.881, 16.491 ], [ 100.8905, 16.4944 ], [ 100.9029, 16.4845 ], [ 100.9281, 16.5094 ], [ 100.9405, 16.5005 ], [ 100.9433, 16.5129 ], [ 100.9624, 16.5126 ], [ 100.9603, 16.5058 ], [ 100.9675, 16.493 ], [ 100.9821, 16.4918 ], [ 100.9877, 16.4831 ], [ 100.9996, 16.481 ], [ 101.0038, 16.4712 ], [ 101.0083, 16.4776 ], [ 101.0189, 16.4814 ], [ 101.0318, 16.4732 ], [ 101.0469, 16.4786 ], [ 101.0654, 16.4665 ], [ 101.0712, 16.4675 ], [ 101.0842, 16.4817 ], [ 101.1175, 16.4759 ], [ 101.1026, 16.4886 ], [ 101.0987, 16.5003 ], [ 101.0935, 16.5014 ], [ 101.0928, 16.5138 ], [ 101.108, 16.516 ], [ 101.1047, 16.5192 ], [ 101.1099, 16.5228 ], [ 101.109, 16.5326 ], [ 101.1131, 16.5294 ], [ 101.1107, 16.5425 ], [ 101.1034, 16.5472 ], [ 101.092, 16.5454 ], [ 101.0924, 16.5483 ], [ 101.0786, 16.5504 ], [ 101.0748, 16.5576 ], [ 101.0525, 16.5575 ], [ 101.0511, 16.5648 ], [ 101.0578, 16.581 ], [ 101.0572, 16.5868 ], [ 101.0749, 16.5891 ], [ 101.0674, 16.5955 ], [ 101.0717, 16.599 ], [ 101.0664, 16.6005 ], [ 101.0712, 16.6077 ], [ 101.0517, 16.6286 ], [ 101.0533, 16.6447 ], [ 101.0623, 16.6354 ], [ 101.0798, 16.6356 ], [ 101.0983, 16.6296 ], [ 101.141, 16.6323 ], [ 101.1501, 16.6392 ], [ 101.1567, 16.627 ], [ 101.1531, 16.6151 ], [ 101.1698, 16.6016 ], [ 101.1755, 16.6014 ], [ 101.184, 16.5842 ], [ 101.1904, 16.5807 ], [ 101.1937, 16.5858 ], [ 101.2064, 16.577 ], [ 101.2164, 16.5612 ], [ 101.2136, 16.5507 ], [ 101.2344, 16.5465 ], [ 101.2466, 16.5479 ], [ 101.2677, 16.5563 ], [ 101.2937, 16.5491 ], [ 101.3079, 16.5524 ], [ 101.3235, 16.5488 ], [ 101.3434, 16.5613 ], [ 101.3569, 16.5614 ], [ 101.3539, 16.5693 ], [ 101.3702, 16.5934 ], [ 101.4024, 16.5937 ], [ 101.4276, 16.6099 ], [ 101.4389, 16.6089 ], [ 101.4507, 16.6055 ], [ 101.4498, 16.5985 ], [ 101.4534, 16.5964 ], [ 101.4668, 16.5986 ], [ 101.4985, 16.5796 ], [ 101.4972, 16.5612 ], [ 101.5081, 16.5557 ], [ 101.5102, 16.5591 ], [ 101.5195, 16.5495 ], [ 101.5155, 16.5427 ], [ 101.503, 16.5457 ], [ 101.5051, 16.5387 ], [ 101.4967, 16.5389 ], [ 101.4836, 16.5243 ], [ 101.4723, 16.5291 ], [ 101.465, 16.5126 ], [ 101.4654, 16.4979 ], [ 101.4722, 16.4899 ], [ 101.4731, 16.4795 ], [ 101.4491, 16.4508 ], [ 101.4431, 16.4385 ], [ 101.4282, 16.4331 ], [ 101.4178, 16.4234 ], [ 101.4173, 16.4112 ], [ 101.4104, 16.4116 ], [ 101.3984, 16.4008 ], [ 101.4078, 16.392 ], [ 101.4085, 16.3837 ], [ 101.406, 16.3786 ], [ 101.3921, 16.3732 ], [ 101.3919, 16.3661 ], [ 101.3814, 16.3598 ], [ 101.377, 16.3472 ], [ 101.3786, 16.3173 ], [ 101.3668, 16.2932 ], [ 101.3696, 16.2756 ], [ 101.3576, 16.2692 ], [ 101.3534, 16.2601 ], [ 101.3643, 16.246 ], [ 101.372, 16.2438 ], [ 101.3676, 16.2249 ], [ 101.3743, 16.215 ], [ 101.3724, 16.2049 ], [ 101.3775, 16.1871 ], [ 101.3598, 16.1919 ], [ 101.3582, 16.1839 ], [ 101.3398, 16.1812 ], [ 101.3356, 16.1731 ], [ 101.324, 16.1873 ], [ 101.3164, 16.1842 ], [ 101.3121, 16.1909 ], [ 101.2981, 16.1874 ], [ 101.2963, 16.1903 ], [ 101.2715, 16.1768 ], [ 101.2686, 16.1811 ], [ 101.252, 16.1817 ], [ 101.2421, 16.1662 ], [ 101.2265, 16.1718 ], [ 101.2207, 16.1667 ], [ 101.219, 16.1703 ], [ 101.207, 16.171 ], [ 101.2047, 16.1794 ], [ 101.1959, 16.1791 ], [ 101.1923, 16.1481 ], [ 101.1761, 16.1455 ], [ 101.1652, 16.1412 ] ] ] } },
{ "type": "Feature", "properties": { "id": "AMP_0014", "name": "ทองแสนขัน" }, "geometry": { "type": "Polygon", "coordinates": [ [ [ 100.6346, 17.5281 ], [ 100.642, 17.522 ], [ 100.6452, 17.4937 ], [ 100.6409, 17.4905 ], [ 100.6449, 17.4737 ], [ 100.6287, 17.4745 ], [ 100.6139, 17.4652 ], [ 100.6025, 17.4444 ], [ 100.6035, 17.4281 ], [ 100.5896, 17.4196 ], [ 100.5706, 17.422 ], [ 100.5513, 17.4144 ], [ 100.5306, 17.4171 ], [ 100.529, 17.4119 ], [ 100.5166, 17.4096 ], [ 100.5134, 17.4038 ], [ 100.5008, 17.4287 ], [ 100.4839, 17.4177 ], [ 100.47, 17.421 ], [ 100.4529, 17.4187 ], [ 100.4477, 17.4242 ], [ 100.4351, 17.4185 ], [ 100.4267, 17.4214 ], [ 100.42, 17.4111 ], [ 100.4003, 17.4033 ], [ 100.3915, 17.4045 ], [ 100.3726, 17.3917 ], [ 100.3548, 17.3869 ], [ 100.348, 17.3927 ], [ 100.3426, 17.3868 ], [ 100.3377, 17.3897 ], [ 100.3301, 17.3866 ], [ 100.3306, 17.3792 ], [ 100.3236, 17.3685 ], [ 100.3061, 17.382 ], [ 100.2965, 17.3744 ], [ 100.2884, 17.3757 ], [ 100.2797, 17.3814 ], [ 100.2756, 17.3943 ], [ 100.2588, 17.4031 ], [ 100.2524, 17.4019 ], [ 100.245, 17.4078 ], [ 100.2444, 17.4182 ], [ 100.2382, 17.4265 ], [ 100.2495, 17.4542 ], [ 100.242, 17.4663 ], [ 100.2432, 17.475 ], [ 100.2384, 17.4777 ], [ 100.2426, 17.4936 ], [ 100.2283, 17.5051 ], [ 100.2056, 17.5351 ], [ 100.1983, 17.5396 ], [ 100.2156, 17.5522 ], [ 100.2199, 17.5604 ], [ 100.232, 17.5721 ], [ 100.2415, 17.5772 ], [ 100.2516, 17.5945 ], [ 100.2666, 17.5949 ], [ 100.2799, 17.6025 ], [ 100.2921, 17.6173 ], [ 100.3135, 17.6244 ], [ 100.3307, 17.6084 ], [ 100.3351, 17.598 ], [ 100.3531, 17.5858 ], [ 100.359, 17.585 ], [ 100.3746, 17.5952 ], [ 100.3917, 17.5983 ], [ 100.4044, 17.6086 ], [ 100.4072, 17.6251 ], [ 100.4254, 17.6169 ], [ 100.4246, 17.6059 ], [ 100.4401, 17.6086 ], [ 100.4458, 17.5702 ], [ 100.4561, 17.5564 ], [ 100.4927, 17.5379 ], [ 100.4909, 17.532 ], [ 100.501, 17.5222 ], [ 100.4994, 17.5134 ], [ 100.5073, 17.5075 ], [ 100.5164, 17.5118 ], [ 100.524, 17.5101 ], [ 100.5306, 17.5004 ], [ 100.5294, 17.4901 ], [ 100.5378, 17.4798 ], [ 100.555, 17.4995 ], [ 100.5593, 17.497 ], [ 100.5681, 17.5008 ], [ 100.5759, 17.51 ], [ 100.5827, 17.5098 ], [ 100.6077, 17.5293 ], [ 100.6176, 17.5313 ], [ 100.6275, 17.5253 ], [ 100.6346, 17.5281 ] ] ] } },
{ "type": "Feature", "properties": { "id": "AMP_0015", "name": "บึงสามัคคี" }, "geometry": { "type": "Polygon", "coordinates": [ [ [ 99.9987, 16.1351 ], [ 99.9849, 16.1177 ], [ 99.9738, 16.1352 ], [ 99.9477, 16.1426 ], [ 99.9324, 16.1417 ], [ 99.9217, 16.1261 ], [ 99.9138, 16.1362 ], [ 99.9034, 16.1286 ], [ 99.8942, 16.1278 ], [ 99.8823, 16.1372 ], [ 99.89, 16.1521 ], [ 99.8869, 16.1662 ], [ 99.8777, 16.1639 ], [ 99.8765, 16.1983 ], [ 99.8857, 16.2248 ], [ 99.8958, 16.2366 ], [ 99.9169, 16.2537 ], [ 99.9258, 16.2556 ], [ 99.9376, 16.2889 ], [ 99.99, 16.3436 ], [ 99.9954, 16.3556 ], [ 100.0067, 16.3359 ], [ 100.0218, 16.3379 ], [ 100.0273, 16.3315 ], [ 100.0192, 16.3225 ], [ 100.022, 16.3077 ], [ 100.0189, 16.301 ], [ 100.0331, 16.2838 ], [ 100.0212, 16.2516 ], [ 100.0461, 16.2075 ], [ 100.0253, 16.1918 ], [ 100.0216, 16.1637 ], [ 100.0159, 16.1528 ], [ 99.9987, 16.1351 ] ] ] } },
{ "type": "Feature", "properties": { "id": "AMP_0016", "name": "โกสัมพีนคร" }, "geometry": { "type": "Polygon", "coordinates": [ [ [ 99.4056, 16.5371 ], [ 99.3935, 16.5399 ], [ 99.379, 16.5201 ], [ 99.3679, 16.5242 ], [ 99.3503, 16.5228 ], [ 99.3341, 16.5338 ], [ 99.3274, 16.5327 ], [ 99.3177, 16.5228 ], [ 99.3067, 16.5253 ], [ 99.2963, 16.5141 ], [ 99.2965, 16.5047 ], [ 99.2861, 16.4987 ], [ 99.277, 16.5056 ], [ 99.248, 16.4968 ], [ 99.245, 16.5011 ], [ 99.2415, 16.4892 ], [ 99.2294, 16.5069 ], [ 99.2323, 16.5014 ], [ 99.2284, 16.4954 ], [ 99.2362, 16.484 ], [ 99.2185, 16.4792 ], [ 99.2119, 16.4686 ], [ 99.2061, 16.4738 ], [ 99.2007, 16.462 ], [ 99.1796, 16.4482 ], [ 99.1779, 16.4425 ], [ 99.1689, 16.4497 ], [ 99.1642, 16.4431 ], [ 99.1547, 16.4537 ], [ 99.1379, 16.445 ], [ 99.1147, 16.4436 ], [ 99.1155, 16.431 ], [ 99.1266, 16.4269 ], [ 99.1265, 16.4205 ], [ 99.121, 16.4085 ], [ 99.1132, 16.4056 ], [ 99.1019, 16.3892 ], [ 99.073, 16.3948 ], [ 99.045, 16.4198 ], [ 99.0478, 16.4313 ], [ 99.0673, 16.4615 ], [ 99.094, 16.4753 ], [ 99.0994, 16.4736 ], [ 99.1071, 16.4807 ], [ 99.1196, 16.4792 ], [ 99.1224, 16.4749 ], [ 99.126, 16.486 ], [ 99.1343, 16.4905 ], [ 99.1395, 16.5001 ], [ 99.1505, 16.5035 ], [ 99.154, 16.5001 ], [ 99.1622, 16.507 ], [ 99.164, 16.5026 ], [ 99.1728, 16.5099 ], [ 99.1675, 16.5121 ], [ 99.1711, 16.5214 ], [ 99.1801, 16.5268 ], [ 99.1803, 16.5322 ], [ 99.1914, 16.5311 ], [ 99.1913, 16.5388 ], [ 99.1997, 16.5316 ], [ 99.2193, 16.5274 ], [ 99.2298, 16.5347 ], [ 99.2405, 16.5335 ], [ 99.2476, 16.5488 ], [ 99.2452, 16.5547 ], [ 99.2568, 16.568 ], [ 99.2572, 16.5825 ], [ 99.2506, 16.5902 ], [ 99.2554, 16.6037 ], [ 99.2428, 16.6239 ], [ 99.2431, 16.6395 ], [ 99.2477, 16.6442 ], [ 99.2467, 16.6621 ], [ 99.2659, 16.6713 ], [ 99.2721, 16.6686 ], [ 99.2754, 16.6775 ], [ 99.2717, 16.6841 ], [ 99.2825, 16.689 ], [ 99.2817, 16.7065 ], [ 99.2953, 16.7185 ], [ 99.2971, 16.7313 ], [ 99.303, 16.7392 ], [ 99.306, 16.7692 ], [ 99.3327, 16.7706 ], [ 99.342, 16.7426 ], [ 99.3636, 16.7333 ], [ 99.3845, 16.6806 ], [ 99.374, 16.6722 ], [ 99.3785, 16.657 ], [ 99.3817, 16.657 ], [ 99.366, 16.6344 ], [ 99.4139, 16.6372 ], [ 99.4351, 16.6223 ], [ 99.452, 16.5888 ], [ 99.4797, 16.5551 ], [ 99.4421, 16.5544 ], [ 99.4159, 16.5439 ], [ 99.4056, 16.5371 ] ] ] } },
{ "type": "Feature", "properties": { "id": "AMP_0017", "name": "สอง" }, "geometry": { "type": "Polygon", "coordinates": [ [ [ 100.2038, 18.3243 ], [ 100.2055, 18.3179 ], [ 100.1837, 18.2995 ], [ 100.1799, 18.2891 ], [ 100.1617, 18.2963 ], [ 100.1622, 18.3039 ], [ 100.1685, 18.3098 ], [ 100.1604, 18.318 ], [ 100.1564, 18.3454 ], [ 100.1275, 18.3481 ], [ 100.1165, 18.3364 ], [ 100.1029, 18.3467 ], [ 100.0983, 18.357 ], [ 100.079, 18.3544 ], [ 100.0758, 18.3489 ], [ 100.0588, 18.3502 ], [ 100.0634, 18.3624 ], [ 100.0477, 18.3609 ], [ 100.0362, 18.3648 ], [ 100.0389, 18.3873 ], [ 100.0252, 18.385 ], [ 99.9998, 18.4019 ], [ 100.014, 18.4375 ], [ 100.0045, 18.4458 ], [ 100.0214, 18.4477 ], [ 100.0279, 18.4641 ], [ 100.0238, 18.4691 ], [ 100.0302, 18.4695 ], [ 100.0405, 18.4872 ], [ 100.0492, 18.497 ], [ 100.0563, 18.5167 ], [ 100.0568, 18.527 ], [ 100.0491, 18.5312 ], [ 100.0562, 18.558 ], [ 100.0764, 18.5609 ], [ 100.0899, 18.5728 ], [ 100.1055, 18.5598 ], [ 100.109, 18.563 ], [ 100.107, 18.5701 ], [ 100.1126, 18.5777 ], [ 100.1103, 18.5901 ], [ 100.1205, 18.6014 ], [ 100.1058, 18.6177 ], [ 100.0999, 18.6313 ], [ 100.1072, 18.6526 ], [ 100.1051, 18.6632 ], [ 100.1115, 18.6715 ], [ 100.1047, 18.6901 ], [ 100.1085, 18.6916 ], [ 100.1079, 18.7034 ], [ 100.1037, 18.7051 ], [ 100.1014, 18.7245 ], [ 100.0967, 18.7295 ], [ 100.1019, 18.7385 ], [ 100.1011, 18.7513 ], [ 100.1154, 18.7658 ], [ 100.1154, 18.7769 ], [ 100.1258, 18.7841 ], [ 100.1217, 18.7985 ], [ 100.1154, 18.7997 ], [ 100.1142, 18.8091 ], [ 100.1177, 18.8198 ], [ 100.1339, 18.8173 ], [ 100.157, 18.8344 ], [ 100.1671, 18.816 ], [ 100.1726, 18.8155 ], [ 100.1729, 18.8095 ], [ 100.1814, 18.818 ], [ 100.1864, 18.8169 ], [ 100.1831, 18.8195 ], [ 100.1861, 18.8225 ], [ 100.1992, 18.8139 ], [ 100.227, 18.8254 ], [ 100.2397, 18.8195 ], [ 100.3034, 18.8185 ], [ 100.3117, 18.8107 ], [ 100.3385, 18.8135 ], [ 100.34, 18.8054 ], [ 100.3375, 18.7868 ], [ 100.357, 18.7845 ], [ 100.3624, 18.7779 ], [ 100.3585, 18.7513 ], [ 100.3715, 18.7439 ], [ 100.3918, 18.7404 ], [ 100.3887, 18.7266 ], [ 100.3816, 18.7258 ], [ 100.3716, 18.7109 ], [ 100.3639, 18.7076 ], [ 100.3524, 18.6803 ], [ 100.3619, 18.6445 ], [ 100.376, 18.6367 ], [ 100.3924, 18.6385 ], [ 100.3968, 18.6281 ], [ 100.3838, 18.6246 ], [ 100.3809, 18.6197 ], [ 100.3752, 18.5914 ], [ 100.378, 18.586 ], [ 100.3706, 18.5659 ], [ 100.3876, 18.5582 ], [ 100.3876, 18.5433 ], [ 100.396, 18.5271 ], [ 100.3869, 18.5117 ], [ 100.3961, 18.5035 ], [ 100.3998, 18.4859 ], [ 100.4075, 18.4698 ], [ 100.4209, 18.4604 ], [ 100.4081, 18.4398 ], [ 100.3914, 18.4392 ], [ 100.3944, 18.4199 ], [ 100.3856, 18.4226 ], [ 100.3738, 18.4349 ], [ 100.3433, 18.4429 ], [ 100.3405, 18.4535 ], [ 100.3316, 18.4564 ], [ 100.3247, 18.4659 ], [ 100.3137, 18.4652 ], [ 100.2991, 18.4531 ], [ 100.2699, 18.4535 ], [ 100.2688, 18.4445 ], [ 100.2593, 18.4415 ], [ 100.246, 18.4221 ], [ 100.2323, 18.4084 ], [ 100.2323, 18.3995 ], [ 100.2132, 18.3814 ], [ 100.2056, 18.3684 ], [ 100.2145, 18.354 ], [ 100.2038, 18.3243 ] ] ] } },
{ "type": "Feature", "properties": { "id": "AMP_0018", "name": "วังชิ้น" }, "geometry": { "type": "Polygon", "coordinates": [ [ [ 99.487, 17.7627 ], [ 99.4815, 17.7448 ], [ 99.46, 17.7318 ], [ 99.4554, 17.7254 ], [ 99.456, 17.7154 ], [ 99.4503, 17.7097 ], [ 99.4421, 17.7065 ], [ 99.4223, 17.71 ], [ 99.3862, 17.6856 ], [ 99.3806, 17.7109 ], [ 99.3862, 17.7227 ], [ 99.377, 17.7252 ], [ 99.3741, 17.733 ], [ 99.3802, 17.7391 ], [ 99.3811, 17.7513 ], [ 99.3673, 17.774 ], [ 99.3857, 17.7901 ], [ 99.3934, 17.8154 ], [ 99.4122, 17.8249 ], [ 99.4213, 17.8505 ], [ 99.4429, 17.8639 ], [ 99.4557, 17.8802 ], [ 99.4753, 17.8942 ], [ 99.4841, 17.9162 ], [ 99.4818, 17.921 ], [ 99.493, 17.9241 ], [ 99.5262, 17.9586 ], [ 99.5411, 17.9611 ], [ 99.5478, 17.9718 ], [ 99.5586, 17.975 ], [ 99.5673, 17.9926 ], [ 99.595, 18.0097 ], [ 99.5857, 18.0354 ], [ 99.6001, 18.0393 ], [ 99.6098, 18.0492 ], [ 99.6188, 18.0486 ], [ 99.6328, 18.0623 ], [ 99.6418, 18.0556 ], [ 99.6496, 18.0568 ], [ 99.6576, 18.0398 ], [ 99.6683, 18.0417 ], [ 99.6706, 18.0326 ], [ 99.6871, 18.0177 ], [ 99.689, 18.0085 ], [ 99.675, 17.9725 ], [ 99.6762, 17.957 ], [ 99.663, 17.9549 ], [ 99.6676, 17.954 ], [ 99.6666, 17.9472 ], [ 99.6575, 17.946 ], [ 99.6578, 17.9362 ], [ 99.6819, 17.905 ], [ 99.6931, 17.9118 ], [ 99.721, 17.9138 ], [ 99.7392, 17.924 ], [ 99.7713, 17.9267 ], [ 99.7831, 17.9327 ], [ 99.7905, 17.9245 ], [ 99.8124, 17.9294 ], [ 99.8372, 17.924 ], [ 99.8464, 17.927 ], [ 99.8551, 17.9385 ], [ 99.863, 17.9347 ], [ 99.866, 17.9394 ], [ 99.8766, 17.9253 ], [ 99.8767, 17.8972 ], [ 99.8834, 17.896 ], [ 99.8928, 17.8786 ], [ 99.9039, 17.8839 ], [ 99.9069, 17.8753 ], [ 99.9226, 17.8719 ], [ 99.9214, 17.8643 ], [ 99.9363, 17.8531 ], [ 99.9325, 17.8533 ], [ 99.9322, 17.8451 ], [ 99.9081, 17.8401 ], [ 99.906, 17.833 ], [ 99.9114, 17.8227 ], [ 99.897, 17.8125 ], [ 99.8967, 17.8059 ], [ 99.8832, 17.8077 ], [ 99.8825, 17.8027 ], [ 99.878, 17.805 ], [ 99.8762, 17.8012 ], [ 99.8691, 17.8051 ], [ 99.8601, 17.798 ], [ 99.849, 17.8017 ], [ 99.8372, 17.7969 ], [ 99.8327, 17.8028 ], [ 99.8113, 17.8039 ], [ 99.7966, 17.7924 ], [ 99.7824, 17.7909 ], [ 99.7722, 17.7807 ], [ 99.7765, 17.7776 ], [ 99.7688, 17.7712 ], [ 99.7651, 17.7607 ], [ 99.7613, 17.762 ], [ 99.755, 17.7521 ], [ 99.7505, 17.7524 ], [ 99.7564, 17.7486 ], [ 99.7517, 17.7382 ], [ 99.7449, 17.7363 ], [ 99.736, 17.7228 ], [ 99.7295, 17.7215 ], [ 99.7243, 17.7227 ], [ 99.7199, 17.7317 ], [ 99.7141, 17.729 ], [ 99.7076, 17.7565 ], [ 99.6964, 17.7563 ], [ 99.6866, 17.7761 ], [ 99.6707, 17.799 ], [ 99.65, 17.7963 ], [ 99.6294, 17.8147 ], [ 99.622, 17.8131 ], [ 99.5981, 17.8216 ], [ 99.5712, 17.8161 ], [ 99.5655, 17.8112 ], [ 99.5472, 17.8119 ], [ 99.5291, 17.8007 ], [ 99.5171, 17.7956 ], [ 99.5151, 17.7826 ], [ 99.5051, 17.7807 ], [ 99.487, 17.7627 ] ] ] } },
{ "type": "Feature", "properties": { "id": "AMP_0019", "name": "สูงเม่น" }, "geometry": { "type": "Polygon", "coordinates": [ [ [ 100.2603, 17.9793 ], [ 100.2719, 17.9557 ], [ 100.2621, 17.9531 ], [ 100.2465, 17.962 ], [ 100.2349, 17.9554 ], [ 100.2319, 17.9496 ], [ 100.225, 17.9484 ], [ 100.2251, 17.9391 ], [ 100.2177, 17.936 ], [ 100.2146, 17.9207 ], [ 100.2026, 17.9181 ], [ 100.1905, 17.9054 ], [ 100.1798, 17.9208 ], [ 100.1688, 17.9246 ], [ 100.1569, 17.9216 ], [ 100.1349, 17.9335 ], [ 100.1285, 17.9393 ], [ 100.1251, 17.9566 ], [ 100.1435, 17.9747 ], [ 100.1479, 17.9862 ], [ 100.1455, 17.9933 ], [ 100.1381, 18.0013 ], [ 100.1287, 17.9992 ], [ 100.1053, 18.0086 ], [ 100.0947, 18.0199 ], [ 100.0689, 18.0215 ], [ 100.0696, 18.0262 ], [ 100.0461, 18.0267 ], [ 100.0176, 18.0345 ], [ 100.0132, 18.0395 ], [ 99.9996, 18.042 ], [ 99.9958, 18.0475 ], [ 99.9724, 18.044 ], [ 99.9714, 18.0552 ], [ 99.9763, 18.0596 ], [ 99.9745, 18.0741 ], [ 99.9805, 18.083 ], [ 99.9777, 18.0885 ], [ 99.9886, 18.096 ], [ 99.99, 18.1023 ], [ 99.9964, 18.1027 ], [ 100.0128, 18.1192 ], [ 100.0154, 18.1287 ], [ 100.0375, 18.141 ], [ 100.0367, 18.1475 ], [ 100.0483, 18.1421 ], [ 100.0511, 18.1346 ], [ 100.0639, 18.1363 ], [ 100.068, 18.1271 ], [ 100.078, 18.1243 ], [ 100.0815, 18.1188 ], [ 100.0981, 18.1195 ], [ 100.1165, 18.1266 ], [ 100.1654, 18.1028 ], [ 100.1818, 18.0871 ], [ 100.1831, 18.0807 ], [ 100.1877, 18.0731 ], [ 100.2042, 18.0639 ], [ 100.2075, 18.0566 ], [ 100.2177, 18.052 ], [ 100.2199, 18.0449 ], [ 100.2271, 18.0445 ], [ 100.2395, 18.028 ], [ 100.218, 18.0183 ], [ 100.2261, 18.0111 ], [ 100.2204, 18.0058 ], [ 100.2267, 17.9983 ], [ 100.2279, 17.9849 ], [ 100.2603, 17.9793 ] ] ] } },
{ "type": "Feature", "properties": { "id": "AMP_0020", "name": "เด่นชัย" }, "geometry": { "type": "Polygon", "coordinates": [ [ [ 100.1569, 17.9216 ], [ 100.1688, 17.9246 ], [ 100.1798, 17.9208 ], [ 100.1905, 17.9054 ], [ 100.1702, 17.8907 ], [ 100.1608, 17.8896 ], [ 100.1545, 17.8766 ], [ 100.1298, 17.8563 ], [ 100.1196, 17.8591 ], [ 100.1012, 17.847 ], [ 100.0956, 17.8509 ], [ 100.0892, 17.8429 ], [ 100.0776, 17.8384 ], [ 100.0653, 17.8407 ], [ 100.0575, 17.8337 ], [ 100.0476, 17.8482 ], [ 100.0264, 17.8378 ], [ 100.013, 17.8339 ], [ 100.0054, 17.8366 ], [ 99.9956, 17.8303 ], [ 99.9887, 17.8348 ], [ 99.9779, 17.8339 ], [ 99.9878, 17.8229 ], [ 99.9903, 17.8118 ], [ 99.98, 17.7995 ], [ 99.9632, 17.7983 ], [ 99.9583, 17.7797 ], [ 99.9487, 17.7783 ], [ 99.9365, 17.7824 ], [ 99.9324, 17.7897 ], [ 99.9272, 17.7893 ], [ 99.9102, 17.804 ], [ 99.8967, 17.8059 ], [ 99.897, 17.8125 ], [ 99.9114, 17.8227 ], [ 99.906, 17.833 ], [ 99.9081, 17.8401 ], [ 99.9322, 17.8451 ], [ 99.9325, 17.8533 ], [ 99.9363, 17.8531 ], [ 99.9214, 17.8643 ], [ 99.9226, 17.8719 ], [ 99.9069, 17.8753 ], [ 99.9039, 17.8839 ], [ 99.8928, 17.8786 ], [ 99.8834, 17.896 ], [ 99.8767, 17.8972 ], [ 99.8766, 17.9253 ], [ 99.8837, 17.926 ], [ 99.8922, 17.9347 ], [ 99.8843, 17.9417 ], [ 99.9097, 17.9569 ], [ 99.9222, 17.9714 ], [ 99.9349, 17.9767 ], [ 99.9443, 17.9899 ], [ 99.9438, 17.9958 ], [ 99.9567, 18.0033 ], [ 99.9614, 18.0134 ], [ 99.9746, 18.0336 ], [ 99.9724, 18.044 ], [ 99.9958, 18.0475 ], [ 99.9996, 18.042 ], [ 100.0132, 18.0395 ], [ 100.0176, 18.0345 ], [ 100.0461, 18.0267 ], [ 100.0696, 18.0262 ], [ 100.0689, 18.0215 ], [ 100.0947, 18.0199 ], [ 100.1053, 18.0086 ], [ 100.1287, 17.9992 ], [ 100.1381, 18.0013 ], [ 100.1455, 17.9933 ], [ 100.1479, 17.9862 ], [ 100.1435, 17.9747 ], [ 100.1251, 17.9566 ], [ 100.1285, 17.9393 ], [ 100.1349, 17.9335 ], [ 100.1569, 17.9216 ] ] ] } },
{ "type": "Feature", "properties": { "id": "AMP_0021", "name": "ร้องกวาง" }, "geometry": { "type": "Polygon", "coordinates": [ [ [ 100.4924, 18.2774 ], [ 100.4764, 18.265 ], [ 100.4675, 18.2372 ], [ 100.4537, 18.2147 ], [ 100.4597, 18.1947 ], [ 100.4516, 18.1847 ], [ 100.4523, 18.1736 ], [ 100.4462, 18.1584 ], [ 100.4389, 18.1529 ], [ 100.4183, 18.1559 ], [ 100.4136, 18.1519 ], [ 100.3962, 18.1544 ], [ 100.3883, 18.1598 ], [ 100.3645, 18.1583 ], [ 100.3242, 18.1745 ], [ 100.3202, 18.1814 ], [ 100.3027, 18.1808 ], [ 100.2928, 18.1955 ], [ 100.2877, 18.192 ], [ 100.2836, 18.1969 ], [ 100.2685, 18.2269 ], [ 100.2776, 18.2588 ], [ 100.2777, 18.2738 ], [ 100.2674, 18.2835 ], [ 100.2589, 18.2878 ], [ 100.2539, 18.2831 ], [ 100.2311, 18.2953 ], [ 100.2286, 18.3052 ], [ 100.2202, 18.3131 ], [ 100.2055, 18.3179 ], [ 100.2038, 18.3243 ], [ 100.2145, 18.354 ], [ 100.2056, 18.3684 ], [ 100.2132, 18.3814 ], [ 100.2323, 18.3995 ], [ 100.2323, 18.4084 ], [ 100.246, 18.4221 ], [ 100.2593, 18.4415 ], [ 100.2688, 18.4445 ], [ 100.2699, 18.4535 ], [ 100.2991, 18.4531 ], [ 100.3137, 18.4652 ], [ 100.3247, 18.4659 ], [ 100.3316, 18.4564 ], [ 100.3405, 18.4535 ], [ 100.3433, 18.4429 ], [ 100.3738, 18.4349 ], [ 100.3856, 18.4226 ], [ 100.3944, 18.4199 ], [ 100.3914, 18.4392 ], [ 100.4081, 18.4398 ], [ 100.4209, 18.4604 ], [ 100.4075, 18.4698 ], [ 100.3998, 18.4859 ], [ 100.4155, 18.4823 ], [ 100.4219, 18.4954 ], [ 100.4352, 18.5009 ], [ 100.4439, 18.4902 ], [ 100.447, 18.4964 ], [ 100.4605, 18.4913 ], [ 100.4755, 18.4956 ], [ 100.4818, 18.4828 ], [ 100.4934, 18.475 ], [ 100.5061, 18.4731 ], [ 100.5124, 18.4771 ], [ 100.5205, 18.4758 ], [ 100.5251, 18.4834 ], [ 100.5413, 18.4896 ], [ 100.5433, 18.4697 ], [ 100.5497, 18.456 ], [ 100.5505, 18.4179 ], [ 100.5364, 18.3907 ], [ 100.5175, 18.392 ], [ 100.5041, 18.3603 ], [ 100.4968, 18.3528 ], [ 100.4814, 18.3497 ], [ 100.4832, 18.343 ], [ 100.4933, 18.3379 ], [ 100.4802, 18.3203 ], [ 100.4857, 18.3003 ], [ 100.483, 18.2923 ], [ 100.4941, 18.2803 ], [ 100.4924, 18.2774 ] ] ] } },
{ "type": "Feature", "properties": { "id": "AMP_0022", "name": "ลอง" }, "geometry": { "type": "Polygon", "coordinates": [ [ [ 99.9567, 18.0033 ], [ 99.9438, 17.9958 ], [ 99.9443, 17.9899 ], [ 99.9349, 17.9767 ], [ 99.9222, 17.9714 ], [ 99.9097, 17.9569 ], [ 99.8843, 17.9417 ], [ 99.8922, 17.9347 ], [ 99.8837, 17.926 ], [ 99.8766, 17.9253 ], [ 99.866, 17.9394 ], [ 99.863, 17.9347 ], [ 99.8551, 17.9385 ], [ 99.8464, 17.927 ], [ 99.8372, 17.924 ], [ 99.8124, 17.9294 ], [ 99.7905, 17.9245 ], [ 99.7831, 17.9327 ], [ 99.7713, 17.9267 ], [ 99.7392, 17.924 ], [ 99.721, 17.9138 ], [ 99.6931, 17.9118 ], [ 99.6819, 17.905 ], [ 99.6578, 17.9362 ], [ 99.6575, 17.946 ], [ 99.6666, 17.9472 ], [ 99.6676, 17.954 ], [ 99.663, 17.9549 ], [ 99.6762, 17.957 ], [ 99.675, 17.9725 ], [ 99.689, 18.0085 ], [ 99.6871, 18.0177 ], [ 99.6706, 18.0326 ], [ 99.6683, 18.0417 ], [ 99.6802, 18.0458 ], [ 99.6918, 18.0566 ], [ 99.6913, 18.0655 ], [ 99.7054, 18.0706 ], [ 99.7194, 18.0698 ], [ 99.7378, 18.1061 ], [ 99.7606, 18.1241 ], [ 99.7537, 18.13 ], [ 99.7535, 18.1407 ], [ 99.7911, 18.1931 ], [ 99.7991, 18.2 ], [ 99.8011, 18.2147 ], [ 99.8098, 18.2262 ], [ 99.8214, 18.2379 ], [ 99.8326, 18.2359 ], [ 99.8451, 18.2566 ], [ 99.8506, 18.2559 ], [ 99.8584, 18.2842 ], [ 99.864, 18.28 ], [ 99.8737, 18.2783 ], [ 99.889, 18.2829 ], [ 99.9067, 18.2801 ], [ 99.9363, 18.3277 ], [ 99.9395, 18.3511 ], [ 99.951, 18.3557 ], [ 99.9495, 18.3637 ], [ 99.9555, 18.3768 ], [ 99.9614, 18.384 ], [ 99.9692, 18.3851 ], [ 99.9664, 18.3937 ], [ 99.9872, 18.3918 ], [ 99.9909, 18.3986 ], [ 99.9998, 18.4019 ], [ 100.0252, 18.385 ], [ 100.0389, 18.3873 ], [ 100.0362, 18.3648 ], [ 100.0477, 18.3609 ], [ 100.0634, 18.3624 ], [ 100.0588, 18.3502 ], [ 100.0758, 18.3489 ], [ 100.0719, 18.3346 ], [ 100.083, 18.3219 ], [ 100.0759, 18.31 ], [ 100.0875, 18.2945 ], [ 100.0908, 18.2845 ], [ 100.0853, 18.2619 ], [ 100.0851, 18.2531 ], [ 100.0781, 18.2553 ], [ 100.0729, 18.2471 ], [ 100.0758, 18.2318 ], [ 100.0629, 18.2065 ], [ 100.0637, 18.1888 ], [ 100.0571, 18.1807 ], [ 100.0579, 18.1726 ], [ 100.0367, 18.1475 ], [ 100.0375, 18.141 ], [ 100.0154, 18.1287 ], [ 100.0128, 18.1192 ], [ 99.9964, 18.1027 ], [ 99.99, 18.1023 ], [ 99.9886, 18.096 ], [ 99.9777, 18.0885 ], [ 99.9805, 18.083 ], [ 99.9745, 18.0741 ], [ 99.9763, 18.0596 ], [ 99.9714, 18.0552 ], [ 99.9746, 18.0336 ], [ 99.9614, 18.0134 ], [ 99.9567, 18.0033 ] ] ] } },
{ "type": "Feature", "properties": { "id": "AMP_0023", "name": "เมืองแพร่" }, "geometry": { "type": "Polygon", "coordinates": [ [ [ 100.3502, 17.9828 ], [ 100.3596, 17.9264 ], [ 100.3477, 17.9154 ], [ 100.3491, 17.9091 ], [ 100.3422, 17.894 ], [ 100.3343, 17.8888 ], [ 100.3261, 17.8922 ], [ 100.3197, 17.9058 ], [ 100.3131, 17.9097 ], [ 100.307, 17.9331 ], [ 100.2993, 17.9392 ], [ 100.288, 17.9364 ], [ 100.2801, 17.9566 ], [ 100.2719, 17.9557 ], [ 100.2603, 17.9793 ], [ 100.2279, 17.9849 ], [ 100.2267, 17.9983 ], [ 100.2204, 18.0058 ], [ 100.2261, 18.0111 ], [ 100.218, 18.0183 ], [ 100.2395, 18.028 ], [ 100.2271, 18.0445 ], [ 100.2199, 18.0449 ], [ 100.2177, 18.052 ], [ 100.2075, 18.0566 ], [ 100.2042, 18.0639 ], [ 100.1877, 18.0731 ], [ 100.1831, 18.0807 ], [ 100.1818, 18.0871 ], [ 100.1654, 18.1028 ], [ 100.1165, 18.1266 ], [ 100.0981, 18.1195 ], [ 100.0815, 18.1188 ], [ 100.078, 18.1243 ], [ 100.068, 18.1271 ], [ 100.0639, 18.1363 ], [ 100.0511, 18.1346 ], [ 100.0483, 18.1421 ], [ 100.0367, 18.1475 ], [ 100.0579, 18.1726 ], [ 100.0571, 18.1807 ], [ 100.0637, 18.1888 ], [ 100.0629, 18.2065 ], [ 100.0758, 18.2318 ], [ 100.0729, 18.2471 ], [ 100.0781, 18.2553 ], [ 100.0851, 18.2531 ], [ 100.0853, 18.2619 ], [ 100.0898, 18.2782 ], [ 100.1081, 18.2781 ], [ 100.1241, 18.2578 ], [ 100.1506, 18.2591 ], [ 100.1617, 18.2494 ], [ 100.1658, 18.2398 ], [ 100.1682, 18.2488 ], [ 100.176, 18.2457 ], [ 100.1789, 18.2338 ], [ 100.1882, 18.2347 ], [ 100.1856, 18.2403 ], [ 100.1988, 18.2466 ], [ 100.1974, 18.2508 ], [ 100.2032, 18.2581 ], [ 100.2159, 18.2592 ], [ 100.228, 18.2682 ], [ 100.2281, 18.2648 ], [ 100.2378, 18.2656 ], [ 100.2449, 18.27 ], [ 100.2491, 18.2617 ], [ 100.2617, 18.2554 ], [ 100.272, 18.2607 ], [ 100.2776, 18.2588 ], [ 100.2685, 18.2269 ], [ 100.2836, 18.1969 ], [ 100.2877, 18.192 ], [ 100.2928, 18.1955 ], [ 100.3027, 18.1808 ], [ 100.3202, 18.1814 ], [ 100.3242, 18.1745 ], [ 100.3645, 18.1583 ], [ 100.3883, 18.1598 ], [ 100.3962, 18.1544 ], [ 100.4136, 18.1519 ], [ 100.4102, 18.1419 ], [ 100.397, 18.1351 ], [ 100.3915, 18.1177 ], [ 100.3979, 18.105 ], [ 100.3955, 18.0864 ], [ 100.4096, 18.0753 ], [ 100.4031, 18.0652 ], [ 100.4153, 18.0365 ], [ 100.4136, 18.022 ], [ 100.407, 18.0246 ], [ 100.3918, 18.0213 ], [ 100.3802, 18.0122 ], [ 100.3778, 18.0026 ], [ 100.3502, 17.9828 ] ] ] } },
{ "type": "Feature", "properties": { "id": "AMP_0024", "name": "ทัพทัน" }, "geometry": { "type": "Polygon", "coordinates": [ [ [ 99.8238, 15.4312 ], [ 99.7987, 15.4299 ], [ 99.7914, 15.4257 ], [ 99.7917, 15.4214 ], [ 99.7799, 15.4191 ], [ 99.7644, 15.4182 ], [ 99.7573, 15.4195 ], [ 99.7415, 15.4121 ], [ 99.7459, 15.4275 ], [ 99.7429, 15.4319 ], [ 99.7274, 15.4253 ], [ 99.7059, 15.4358 ], [ 99.685, 15.4703 ], [ 99.6675, 15.4854 ], [ 99.6729, 15.4989 ], [ 99.6657, 15.5158 ], [ 99.6739, 15.532 ], [ 99.7192, 15.5399 ], [ 99.7434, 15.533 ], [ 99.7537, 15.5362 ], [ 99.8158, 15.5299 ], [ 99.827, 15.5226 ], [ 99.8337, 15.5207 ], [ 99.8479, 15.5317 ], [ 99.8578, 15.5334 ], [ 99.8645, 15.558 ], [ 99.8775, 15.5543 ], [ 99.8802, 15.5553 ], [ 99.883, 15.5453 ], [ 99.8905, 15.543 ], [ 99.8817, 15.5646 ], [ 99.8856, 15.5774 ], [ 99.9377, 15.6002 ], [ 99.9422, 15.5714 ], [ 99.9402, 15.5349 ], [ 99.9479, 15.5016 ], [ 99.9466, 15.5004 ], [ 99.9501, 15.495 ], [ 99.9464, 15.4744 ], [ 99.956, 15.4713 ], [ 99.9592, 15.4604 ], [ 99.9536, 15.4575 ], [ 99.9517, 15.4355 ], [ 99.931, 15.4312 ], [ 99.9218, 15.4329 ], [ 99.9152, 15.4402 ], [ 99.9098, 15.4299 ], [ 99.8933, 15.4255 ], [ 99.8878, 15.4469 ], [ 99.8764, 15.4453 ], [ 99.8494, 15.4448 ], [ 99.8425, 15.438 ], [ 99.8327, 15.4365 ], [ 99.8238, 15.4312 ] ] ] } },
{ "type": "Feature", "properties": { "id": "AMP_0025", "name": "สว่างอารมณ์" }, "geometry": { "type": "Polygon", "coordinates": [ [ [ 99.7537, 15.5362 ], [ 99.7434, 15.533 ], [ 99.7192, 15.5399 ], [ 99.6739, 15.532 ], [ 99.6736, 15.5614 ], [ 99.6542, 15.559 ], [ 99.614, 15.5833 ], [ 99.5867, 15.5912 ], [ 99.5697, 15.5993 ], [ 99.5727, 15.6071 ], [ 99.5958, 15.6297 ], [ 99.6284, 15.6408 ], [ 99.6653, 15.6676 ], [ 99.7055, 15.6854 ], [ 99.7184, 15.6815 ], [ 99.7318, 15.6882 ], [ 99.7481, 15.6768 ], [ 99.7645, 15.6608 ], [ 99.7911, 15.6498 ], [ 99.7952, 15.6419 ], [ 99.8501, 15.6202 ], [ 99.8625, 15.6175 ], [ 99.8656, 15.6192 ], [ 99.8635, 15.6445 ], [ 99.8681, 15.6559 ], [ 99.9319, 15.6734 ], [ 99.9361, 15.6429 ], [ 99.9419, 15.6204 ], [ 99.9377, 15.6002 ], [ 99.8856, 15.5774 ], [ 99.8817, 15.5646 ], [ 99.8905, 15.543 ], [ 99.883, 15.5453 ], [ 99.8802, 15.5553 ], [ 99.8775, 15.5543 ], [ 99.8645, 15.558 ], [ 99.8578, 15.5334 ], [ 99.8479, 15.5317 ], [ 99.8337, 15.5207 ], [ 99.827, 15.5226 ], [ 99.8158, 15.5299 ], [ 99.7537, 15.5362 ] ] ] } },
{ "type": "Feature", "properties": { "id": "AMP_0026", "name": "เมืองอุทัยธานี" }, "geometry": { "type": "Polygon", "coordinates": [ [ [ 100.0815, 15.3213 ], [ 100.078, 15.3161 ], [ 100.0784, 15.2956 ], [ 100.0618, 15.2845 ], [ 100.0568, 15.2685 ], [ 100.0584, 15.2638 ], [ 100.0481, 15.2648 ], [ 100.038, 15.2914 ], [ 100.0409, 15.2972 ], [ 100.0337, 15.3071 ], [ 100.036, 15.3347 ], [ 100.0223, 15.3324 ], [ 100.0166, 15.3377 ], [ 100.0115, 15.3492 ], [ 100.0003, 15.355 ], [ 100.0065, 15.3601 ], [ 100.001, 15.3619 ], [ 99.9995, 15.3755 ], [ 99.9805, 15.3846 ], [ 99.9614, 15.3796 ], [ 99.9481, 15.379 ], [ 99.9434, 15.3841 ], [ 99.9282, 15.3875 ], [ 99.9417, 15.3944 ], [ 99.9462, 15.4091 ], [ 99.9492, 15.436 ], [ 99.9517, 15.4355 ], [ 99.9536, 15.4575 ], [ 99.9592, 15.4604 ], [ 99.956, 15.4713 ], [ 99.9464, 15.4744 ], [ 99.9501, 15.495 ], [ 99.9466, 15.5004 ], [ 99.9479, 15.5016 ], [ 99.959, 15.5067 ], [ 99.9737, 15.4919 ], [ 100.0008, 15.4822 ], [ 100.0132, 15.4915 ], [ 100.0091, 15.5025 ], [ 100.0351, 15.51 ], [ 100.0239, 15.4818 ], [ 100.0132, 15.4728 ], [ 100.0392, 15.4613 ], [ 100.0497, 15.4429 ], [ 100.0608, 15.4385 ], [ 100.0537, 15.4251 ], [ 100.0774, 15.4266 ], [ 100.102, 15.4175 ], [ 100.0909, 15.4135 ], [ 100.0877, 15.4069 ], [ 100.0897, 15.396 ], [ 100.1067, 15.3798 ], [ 100.1047, 15.3743 ], [ 100.0983, 15.374 ], [ 100.088, 15.3786 ], [ 100.0793, 15.3799 ], [ 100.0751, 15.3691 ], [ 100.0978, 15.352 ], [ 100.1009, 15.3421 ], [ 100.1002, 15.3367 ], [ 100.0815, 15.3213 ] ] ] } },
{ "type": "Feature", "properties": { "id": "AMP_0027", "name": "ห้วยคต" }, "geometry": { "type": "Polygon", "coordinates": [ [ [ 99.653, 15.3128 ], [ 99.6698, 15.3167 ], [ 99.6916, 15.2951 ], [ 99.6893, 15.2713 ], [ 99.6782, 15.2722 ], [ 99.6713, 15.2479 ], [ 99.6261, 15.2239 ], [ 99.6053, 15.2069 ], [ 99.607, 15.1954 ], [ 99.5805, 15.2116 ], [ 99.5776, 15.2156 ], [ 99.5816, 15.2232 ], [ 99.5769, 15.231 ], [ 99.5515, 15.2363 ], [ 99.5426, 15.247 ], [ 99.5243, 15.254 ], [ 99.511, 15.251 ], [ 99.4854, 15.2623 ], [ 99.4534, 15.2874 ], [ 99.4482, 15.3072 ], [ 99.4309, 15.315 ], [ 99.3957, 15.2748 ], [ 99.3771, 15.2691 ], [ 99.3483, 15.3654 ], [ 99.3693, 15.3666 ], [ 99.393, 15.3516 ], [ 99.4093, 15.3551 ], [ 99.4115, 15.3615 ], [ 99.421, 15.3639 ], [ 99.4413, 15.3572 ], [ 99.4466, 15.3571 ], [ 99.4489, 15.3624 ], [ 99.4691, 15.3807 ], [ 99.4839, 15.3552 ], [ 99.4984, 15.3519 ], [ 99.5048, 15.3621 ], [ 99.5208, 15.3639 ], [ 99.536, 15.3855 ], [ 99.5482, 15.3855 ], [ 99.5633, 15.3815 ], [ 99.5885, 15.3434 ], [ 99.6114, 15.336 ], [ 99.613, 15.3285 ], [ 99.653, 15.3128 ] ] ] } },
{ "type": "Feature", "properties": { "id": "AMP_0028", "name": "ศรีสวัสดิ์" }, "geometry": { "type": "Polygon", "coordinates": [ [ [ 99.3243, 14.3905 ], [ 99.3382, 14.3838 ], [ 99.3427, 14.3679 ], [ 99.3534, 14.3591 ], [ 99.3594, 14.3468 ], [ 99.3514, 14.3383 ], [ 99.3594, 14.3306 ], [ 99.366, 14.3132 ], [ 99.3577, 14.3034 ], [ 99.3591, 14.2871 ], [ 99.3462, 14.2894 ], [ 99.3201, 14.3274 ], [ 99.2826, 14.3436 ], [ 99.2594, 14.3366 ], [ 99.2446, 14.3455 ], [ 99.2335, 14.3335 ], [ 99.217, 14.3299 ], [ 99.2182, 14.3263 ], [ 99.2122, 14.3271 ], [ 99.2033, 14.3174 ], [ 99.1976, 14.3224 ], [ 99.1886, 14.3093 ], [ 99.2031, 14.2721 ], [ 99.1855, 14.2736 ], [ 99.1506, 14.2871 ], [ 99.1294, 14.2801 ], [ 99.1282, 14.2761 ], [ 99.1409, 14.2585 ], [ 99.1325, 14.2266 ], [ 99.0984, 14.2572 ], [ 99.0911, 14.2817 ], [ 99.0829, 14.2912 ], [ 99.0768, 14.3246 ], [ 99.0464, 14.3721 ], [ 99.0393, 14.3731 ], [ 99.0305, 14.3832 ], [ 99.0244, 14.3948 ], [ 99.0268, 14.3988 ], [ 99.0233, 14.4044 ], [ 99.014, 14.405 ], [ 99.0081, 14.4129 ], [ 99.0019, 14.4251 ], [ 99.0073, 14.4301 ], [ 99.005, 14.436 ], [ 98.9928, 14.4357 ], [ 98.9932, 14.4394 ], [ 98.982, 14.442 ], [ 98.9613, 14.4577 ], [ 98.9484, 14.4772 ], [ 98.9348, 14.4853 ], [ 98.9191, 14.5249 ], [ 98.9379, 14.5329 ], [ 98.9288, 14.5538 ], [ 98.9216, 14.5583 ], [ 98.9352, 14.5712 ], [ 98.9301, 14.5861 ], [ 98.9358, 14.5978 ], [ 98.9329, 14.6007 ], [ 98.9272, 14.598 ], [ 98.9136, 14.6068 ], [ 98.8933, 14.6337 ], [ 98.8868, 14.6387 ], [ 98.8877, 14.656 ], [ 98.8811, 14.6623 ], [ 98.8807, 14.6805 ], [ 98.8709, 14.6993 ], [ 98.8787, 14.7044 ], [ 98.8782, 14.7166 ], [ 98.8876, 14.722 ], [ 98.9028, 14.7474 ], [ 98.9075, 14.7489 ], [ 98.904, 14.7664 ], [ 98.9125, 14.77 ], [ 98.937, 14.7587 ], [ 98.9534, 14.7618 ], [ 98.9637, 14.7779 ], [ 98.9652, 14.789 ], [ 98.9587, 14.8019 ], [ 98.9703, 14.819 ], [ 98.9703, 14.8255 ], [ 98.9659, 14.8281 ], [ 98.9724, 14.8345 ], [ 98.976, 14.8606 ], [ 98.9706, 14.8639 ], [ 98.9752, 14.9014 ], [ 98.9714, 14.9034 ], [ 98.9729, 14.9246 ], [ 98.9663, 14.9315 ], [ 98.9685, 14.9504 ], [ 98.9628, 14.9693 ], [ 98.971, 14.9751 ], [ 98.9667, 14.9868 ], [ 98.9757, 15.0228 ], [ 98.9892, 15.0301 ], [ 98.9947, 15.0399 ], [ 99.0003, 15.0713 ], [ 99.0098, 15.0692 ], [ 99.0197, 15.0546 ], [ 99.0293, 15.0486 ], [ 99.0509, 15.043 ], [ 99.068, 15.0476 ], [ 99.074, 15.0404 ], [ 99.0851, 15.039 ], [ 99.1075, 15.0467 ], [ 99.1134, 15.0442 ], [ 99.1189, 15.0547 ], [ 99.1305, 15.0494 ], [ 99.1429, 15.0519 ], [ 99.1472, 15.0473 ], [ 99.1354, 15.0379 ], [ 99.1621, 15.0152 ], [ 99.1808, 15.0174 ], [ 99.1924, 15.029 ], [ 99.2043, 15.0145 ], [ 99.2337, 15.0123 ], [ 99.2495, 14.9997 ], [ 99.2562, 14.9873 ], [ 99.2607, 14.9911 ], [ 99.2772, 14.9905 ], [ 99.2832, 14.9979 ], [ 99.3043, 14.981 ], [ 99.3209, 14.9492 ], [ 99.3104, 14.9357 ], [ 99.322, 14.9229 ], [ 99.3178, 14.8953 ], [ 99.3135, 14.8839 ], [ 99.3053, 14.8827 ], [ 99.2919, 14.8651 ], [ 99.2812, 14.8616 ], [ 99.2939, 14.8314 ], [ 99.2808, 14.828 ], [ 99.2672, 14.835 ], [ 99.2574, 14.8349 ], [ 99.2474, 14.8335 ], [ 99.2393, 14.8248 ], [ 99.2504, 14.8152 ], [ 99.2509, 14.8073 ], [ 99.2638, 14.7914 ], [ 99.2732, 14.786 ], [ 99.2689, 14.7775 ], [ 99.2707, 14.7672 ], [ 99.2782, 14.7629 ], [ 99.2784, 14.7494 ], [ 99.2882, 14.7421 ], [ 99.2839, 14.7379 ], [ 99.2851, 14.7169 ], [ 99.2895, 14.7117 ], [ 99.2858, 14.7042 ], [ 99.2878, 14.6841 ], [ 99.2735, 14.6754 ], [ 99.267, 14.6824 ], [ 99.2622, 14.6629 ], [ 99.2566, 14.66 ], [ 99.2548, 14.6488 ], [ 99.2608, 14.6329 ], [ 99.278, 14.6202 ], [ 99.2818, 14.6115 ], [ 99.2758, 14.5974 ], [ 99.2786, 14.5664 ], [ 99.2955, 14.5401 ], [ 99.3038, 14.5368 ], [ 99.3097, 14.4979 ], [ 99.3049, 14.482 ], [ 99.3097, 14.4618 ], [ 99.3154, 14.4577 ], [ 99.3209, 14.4493 ], [ 99.3188, 14.417 ], [ 99.3243, 14.3905 ] ] ] } },
{ "type": "Feature", "properties": { "id": "AMP_0029", "name": "บ้านไร่" }, "geometry": { "type": "Polygon", "coordinates": [ [ [ 99.559, 14.9623 ], [ 99.5457, 14.9635 ], [ 99.5243, 14.9688 ], [ 99.5233, 14.9764 ], [ 99.5166, 14.9828 ], [ 99.491, 14.9843 ], [ 99.4834, 14.9899 ], [ 99.4567, 14.9887 ], [ 99.4512, 14.9935 ], [ 99.4449, 14.9834 ], [ 99.4262, 15.0069 ], [ 99.416, 15.0366 ], [ 99.4197, 15.0486 ], [ 99.405, 15.0441 ], [ 99.3936, 15.0505 ], [ 99.3861, 15.0473 ], [ 99.3824, 15.051 ], [ 99.3647, 15.0487 ], [ 99.3562, 15.055 ], [ 99.3566, 15.0602 ], [ 99.3391, 15.0815 ], [ 99.3197, 15.0812 ], [ 99.3221, 15.0727 ], [ 99.3118, 15.0678 ], [ 99.3111, 15.0628 ], [ 99.3058, 15.0637 ], [ 99.299, 15.0537 ], [ 99.3014, 15.0429 ], [ 99.2958, 15.0374 ], [ 99.3072, 15.0254 ], [ 99.3, 15.0133 ], [ 99.2847, 15.0069 ], [ 99.2832, 14.9979 ], [ 99.2772, 14.9905 ], [ 99.2607, 14.9911 ], [ 99.2562, 14.9873 ], [ 99.2495, 14.9997 ], [ 99.2337, 15.0123 ], [ 99.2043, 15.0145 ], [ 99.1924, 15.029 ], [ 99.1808, 15.0174 ], [ 99.1621, 15.0152 ], [ 99.1354, 15.0379 ], [ 99.1472, 15.0473 ], [ 99.1429, 15.0519 ], [ 99.1305, 15.0494 ], [ 99.1189, 15.0547 ], [ 99.1134, 15.0442 ], [ 99.1075, 15.0467 ], [ 99.0851, 15.039 ], [ 99.074, 15.0404 ], [ 99.068, 15.0476 ], [ 99.0509, 15.043 ], [ 99.0293, 15.0486 ], [ 99.0197, 15.0546 ], [ 99.0098, 15.0692 ], [ 99.0003, 15.0713 ], [ 99.0099, 15.0861 ], [ 99.0065, 15.0983 ], [ 98.9977, 15.1051 ], [ 99.0003, 15.1374 ], [ 99.0066, 15.1444 ], [ 99.0005, 15.1642 ], [ 98.9941, 15.1652 ], [ 98.9844, 15.1803 ], [ 98.9892, 15.1868 ], [ 99.0022, 15.1852 ], [ 99.0084, 15.2084 ], [ 99.0062, 15.2392 ], [ 99.0193, 15.2469 ], [ 99.0166, 15.2649 ], [ 99.024, 15.2786 ], [ 99.0391, 15.2889 ], [ 99.0378, 15.2979 ], [ 99.031, 15.303 ], [ 99.0309, 15.3354 ], [ 99.043, 15.3462 ], [ 99.0464, 15.3642 ], [ 99.0435, 15.3762 ], [ 99.0547, 15.3822 ], [ 99.0588, 15.3947 ], [ 99.0684, 15.3953 ], [ 99.0677, 15.42 ], [ 99.0559, 15.4441 ], [ 99.0588, 15.4597 ], [ 99.0652, 15.4635 ], [ 99.0645, 15.4733 ], [ 99.0757, 15.4883 ], [ 99.0784, 15.4998 ], [ 99.0729, 15.512 ], [ 99.0552, 15.5251 ], [ 99.0483, 15.5554 ], [ 99.0525, 15.5642 ], [ 99.0942, 15.5827 ], [ 99.0919, 15.5924 ], [ 99.0976, 15.6114 ], [ 99.1068, 15.616 ], [ 99.1157, 15.6335 ], [ 99.1167, 15.6455 ], [ 99.1118, 15.6497 ], [ 99.1155, 15.6632 ], [ 99.1116, 15.6682 ], [ 99.1301, 15.7063 ], [ 99.1308, 15.7248 ], [ 99.1389, 15.7313 ], [ 99.1276, 15.7671 ], [ 99.1362, 15.7894 ], [ 99.1338, 15.7982 ], [ 99.1613, 15.7914 ], [ 99.1658, 15.7776 ], [ 99.1866, 15.7837 ], [ 99.1922, 15.7797 ], [ 99.1858, 15.7693 ], [ 99.1896, 15.7394 ], [ 99.1769, 15.7265 ], [ 99.1768, 15.7216 ], [ 99.1859, 15.7175 ], [ 99.1776, 15.7106 ], [ 99.1823, 15.6983 ], [ 99.1744, 15.6921 ], [ 99.1862, 15.6816 ], [ 99.1852, 15.6705 ], [ 99.1905, 15.6594 ], [ 99.1865, 15.6555 ], [ 99.1996, 15.6453 ], [ 99.1989, 15.6311 ], [ 99.1948, 15.6282 ], [ 99.1973, 15.6201 ], [ 99.1893, 15.6239 ], [ 99.1855, 15.6191 ], [ 99.1895, 15.6174 ], [ 99.194, 15.5999 ], [ 99.1839, 15.593 ], [ 99.1989, 15.5781 ], [ 99.1941, 15.5782 ], [ 99.188, 15.5697 ], [ 99.1866, 15.5572 ], [ 99.184, 15.5593 ], [ 99.1732, 15.5534 ], [ 99.1786, 15.5415 ], [ 99.2033, 15.5409 ], [ 99.2125, 15.5195 ], [ 99.2197, 15.5146 ], [ 99.2197, 15.5081 ], [ 99.2324, 15.4922 ], [ 99.2365, 15.4657 ], [ 99.2433, 15.4569 ], [ 99.2529, 15.4555 ], [ 99.2524, 15.4469 ], [ 99.2561, 15.4449 ], [ 99.2538, 15.4294 ], [ 99.2488, 15.4195 ], [ 99.2409, 15.4188 ], [ 99.2351, 15.3962 ], [ 99.2499, 15.4017 ], [ 99.262, 15.3985 ], [ 99.2761, 15.402 ], [ 99.2977, 15.3812 ], [ 99.333, 15.3773 ], [ 99.3483, 15.3654 ], [ 99.3771, 15.2691 ], [ 99.3957, 15.2748 ], [ 99.4309, 15.315 ], [ 99.4482, 15.3072 ], [ 99.4534, 15.2874 ], [ 99.4854, 15.2623 ], [ 99.511, 15.251 ], [ 99.5243, 15.254 ], [ 99.5426, 15.247 ], [ 99.5515, 15.2363 ], [ 99.5769, 15.231 ], [ 99.5816, 15.2232 ], [ 99.5776, 15.2156 ], [ 99.5805, 15.2116 ], [ 99.607, 15.1954 ], [ 99.6053, 15.2069 ], [ 99.6261, 15.2239 ], [ 99.6713, 15.2479 ], [ 99.6782, 15.2722 ], [ 99.6893, 15.2713 ], [ 99.6916, 15.2951 ], [ 99.7069, 15.2874 ], [ 99.7192, 15.2957 ], [ 99.7309, 15.2968 ], [ 99.7425, 15.3097 ], [ 99.7559, 15.3165 ], [ 99.7631, 15.3234 ], [ 99.7854, 15.3178 ], [ 99.7812, 15.3119 ], [ 99.7574, 15.3121 ], [ 99.764, 15.3082 ], [ 99.7633, 15.2997 ], [ 99.7534, 15.296 ], [ 99.749, 15.2803 ], [ 99.7399, 15.2749 ], [ 99.7377, 15.2672 ], [ 99.7323, 15.2689 ], [ 99.7337, 15.2588 ], [ 99.7265, 15.2596 ], [ 99.7285, 15.25 ], [ 99.735, 15.2418 ], [ 99.7305, 15.2392 ], [ 99.7316, 15.2088 ], [ 99.7434, 15.1928 ], [ 99.7599, 15.1754 ], [ 99.7481, 15.1639 ], [ 99.7709, 15.1411 ], [ 99.7675, 15.1297 ], [ 99.7894, 15.0994 ], [ 99.7909, 15.0865 ], [ 99.7729, 15.0586 ], [ 99.7765, 15.0532 ], [ 99.7698, 15.0386 ], [ 99.7692, 15.0234 ], [ 99.7385, 15.0053 ], [ 99.7399, 15.0013 ], [ 99.7255, 14.9895 ], [ 99.7196, 14.9762 ], [ 99.7311, 14.9637 ], [ 99.7296, 14.9627 ], [ 99.7183, 14.9609 ], [ 99.6936, 14.9657 ], [ 99.7022, 14.9757 ], [ 99.683, 14.9764 ], [ 99.6655, 14.9881 ], [ 99.635, 14.9899 ], [ 99.6275, 14.9883 ], [ 99.6236, 14.9802 ], [ 99.63, 14.9707 ], [ 99.6305, 14.9378 ], [ 99.6026, 14.9471 ], [ 99.5786, 14.947 ], [ 99.559, 14.9623 ] ] ] } },
{ "type": "Feature", "properties": { "id": "AMP_0030", "name": "ลานสัก" }, "geometry": { "type": "Polygon", "coordinates": [ [ [ 99.6523, 15.4105 ], [ 99.6537, 15.3884 ], [ 99.6455, 15.3807 ], [ 99.6431, 15.366 ], [ 99.646, 15.3421 ], [ 99.6353, 15.3406 ], [ 99.6323, 15.3325 ], [ 99.624, 15.3328 ], [ 99.6236, 15.3252 ], [ 99.613, 15.3285 ], [ 99.6114, 15.336 ], [ 99.5885, 15.3434 ], [ 99.5633, 15.3815 ], [ 99.5482, 15.3855 ], [ 99.536, 15.3855 ], [ 99.5208, 15.3639 ], [ 99.5048, 15.3621 ], [ 99.4984, 15.3519 ], [ 99.4839, 15.3552 ], [ 99.4691, 15.3807 ], [ 99.4489, 15.3624 ], [ 99.4466, 15.3571 ], [ 99.4413, 15.3572 ], [ 99.421, 15.3639 ], [ 99.4115, 15.3615 ], [ 99.4093, 15.3551 ], [ 99.393, 15.3516 ], [ 99.3693, 15.3666 ], [ 99.3483, 15.3654 ], [ 99.333, 15.3773 ], [ 99.2977, 15.3812 ], [ 99.2761, 15.402 ], [ 99.262, 15.3985 ], [ 99.2499, 15.4017 ], [ 99.2351, 15.3962 ], [ 99.2409, 15.4188 ], [ 99.2488, 15.4195 ], [ 99.2538, 15.4294 ], [ 99.2561, 15.4449 ], [ 99.2524, 15.4469 ], [ 99.2529, 15.4555 ], [ 99.2433, 15.4569 ], [ 99.2365, 15.4657 ], [ 99.2324, 15.4922 ], [ 99.2197, 15.5081 ], [ 99.2197, 15.5146 ], [ 99.2125, 15.5195 ], [ 99.2033, 15.5409 ], [ 99.1786, 15.5415 ], [ 99.1732, 15.5534 ], [ 99.184, 15.5593 ], [ 99.1866, 15.5572 ], [ 99.188, 15.5697 ], [ 99.1941, 15.5782 ], [ 99.1989, 15.5781 ], [ 99.1839, 15.593 ], [ 99.194, 15.5999 ], [ 99.1895, 15.6174 ], [ 99.1855, 15.6191 ], [ 99.1893, 15.6239 ], [ 99.1973, 15.6201 ], [ 99.1948, 15.6282 ], [ 99.1989, 15.6311 ], [ 99.1996, 15.6453 ], [ 99.1865, 15.6555 ], [ 99.1905, 15.6594 ], [ 99.1852, 15.6705 ], [ 99.1862, 15.6816 ], [ 99.1744, 15.6921 ], [ 99.1823, 15.6983 ], [ 99.1776, 15.7106 ], [ 99.1859, 15.7175 ], [ 99.1768, 15.7216 ], [ 99.1769, 15.7265 ], [ 99.1896, 15.7394 ], [ 99.1858, 15.7693 ], [ 99.1922, 15.7797 ], [ 99.2021, 15.7669 ], [ 99.2167, 15.7681 ], [ 99.227, 15.7487 ], [ 99.2342, 15.7489 ], [ 99.2392, 15.7414 ], [ 99.2394, 15.732 ], [ 99.2458, 15.7224 ], [ 99.2761, 15.7178 ], [ 99.2884, 15.7039 ], [ 99.288, 15.6971 ], [ 99.2967, 15.6931 ], [ 99.3126, 15.6941 ], [ 99.319, 15.6884 ], [ 99.3323, 15.6918 ], [ 99.3599, 15.6775 ], [ 99.372, 15.6637 ], [ 99.368, 15.6503 ], [ 99.3789, 15.6252 ], [ 99.3924, 15.6251 ], [ 99.4041, 15.6175 ], [ 99.4225, 15.6145 ], [ 99.4263, 15.6054 ], [ 99.452, 15.5891 ], [ 99.454, 15.5818 ], [ 99.4635, 15.5795 ], [ 99.4696, 15.5648 ], [ 99.4956, 15.5689 ], [ 99.4988, 15.5653 ], [ 99.5118, 15.5623 ], [ 99.549, 15.5884 ], [ 99.5635, 15.5921 ], [ 99.5697, 15.5993 ], [ 99.5867, 15.5912 ], [ 99.614, 15.5833 ], [ 99.6542, 15.559 ], [ 99.6736, 15.5614 ], [ 99.6739, 15.532 ], [ 99.6657, 15.5158 ], [ 99.6729, 15.4989 ], [ 99.6675, 15.4854 ], [ 99.685, 15.4703 ], [ 99.7059, 15.4358 ], [ 99.6878, 15.4228 ], [ 99.6684, 15.4243 ], [ 99.6659, 15.4186 ], [ 99.6582, 15.4253 ], [ 99.6523, 15.4105 ] ] ] } },
{ "type": "Feature", "properties": { "id": "AMP_0031", "name": "หนองฉาง" }, "geometry": { "type": "Polygon", "coordinates": [ [ [ 99.7425, 15.3097 ], [ 99.7309, 15.2968 ], [ 99.7192, 15.2957 ], [ 99.7069, 15.2874 ], [ 99.6916, 15.2951 ], [ 99.6698, 15.3167 ], [ 99.653, 15.3128 ], [ 99.6256, 15.3231 ], [ 99.6236, 15.3252 ], [ 99.624, 15.3328 ], [ 99.6323, 15.3325 ], [ 99.6353, 15.3406 ], [ 99.646, 15.3421 ], [ 99.6431, 15.366 ], [ 99.6455, 15.3807 ], [ 99.6537, 15.3884 ], [ 99.6523, 15.4105 ], [ 99.6582, 15.4253 ], [ 99.6659, 15.4186 ], [ 99.6684, 15.4243 ], [ 99.6878, 15.4228 ], [ 99.7059, 15.4358 ], [ 99.7274, 15.4253 ], [ 99.7429, 15.4319 ], [ 99.7459, 15.4275 ], [ 99.7415, 15.4121 ], [ 99.7573, 15.4195 ], [ 99.7644, 15.4182 ], [ 99.7799, 15.4191 ], [ 99.7917, 15.4214 ], [ 99.7914, 15.4257 ], [ 99.7987, 15.4299 ], [ 99.8238, 15.4312 ], [ 99.8327, 15.4365 ], [ 99.8425, 15.438 ], [ 99.8494, 15.4448 ], [ 99.8764, 15.4453 ], [ 99.8878, 15.4469 ], [ 99.8933, 15.4255 ], [ 99.8857, 15.4143 ], [ 99.8887, 15.4046 ], [ 99.8909, 15.3779 ], [ 99.894, 15.3635 ], [ 99.8833, 15.3335 ], [ 99.8733, 15.3278 ], [ 99.8703, 15.3129 ], [ 99.8597, 15.3052 ], [ 99.8502, 15.3117 ], [ 99.8286, 15.3117 ], [ 99.8079, 15.3184 ], [ 99.7854, 15.3178 ], [ 99.7631, 15.3234 ], [ 99.7559, 15.3165 ], [ 99.7425, 15.3097 ] ] ] } },
{ "type": "Feature", "properties": { "id": "AMP_0032", "name": "หนองขาหย่าง" }, "geometry": { "type": "Polygon", "coordinates": [ [ [ 100.0223, 15.3324 ], [ 100.036, 15.3347 ], [ 100.0337, 15.3071 ], [ 100.0409, 15.2972 ], [ 100.038, 15.2914 ], [ 100.0205, 15.2915 ], [ 100.0113, 15.3004 ], [ 100.0027, 15.3021 ], [ 99.9717, 15.2997 ], [ 99.9608, 15.3012 ], [ 99.9579, 15.3068 ], [ 99.885, 15.2879 ], [ 99.878, 15.2901 ], [ 99.8784, 15.2993 ], [ 99.8722, 15.3052 ], [ 99.8597, 15.3052 ], [ 99.8703, 15.3129 ], [ 99.8733, 15.3278 ], [ 99.8833, 15.3335 ], [ 99.894, 15.3635 ], [ 99.8909, 15.3779 ], [ 99.8887, 15.4046 ], [ 99.8857, 15.4143 ], [ 99.8933, 15.4255 ], [ 99.9098, 15.4299 ], [ 99.9152, 15.4402 ], [ 99.9218, 15.4329 ], [ 99.931, 15.4312 ], [ 99.9492, 15.4357 ], [ 99.9462, 15.4091 ], [ 99.9417, 15.3944 ], [ 99.9282, 15.3875 ], [ 99.9434, 15.3841 ], [ 99.9481, 15.379 ], [ 99.9614, 15.3796 ], [ 99.9805, 15.3846 ], [ 99.9995, 15.3755 ], [ 100.001, 15.3619 ], [ 100.0065, 15.3601 ], [ 100.0003, 15.355 ], [ 100.0115, 15.3492 ], [ 100.0166, 15.3377 ], [ 100.0223, 15.3324 ] ] ] } },
{ "type": "Feature", "properties": { "id": "AMP_0033", "name": "เชียงม่วน" }, "geometry": { "type": "Polygon", "coordinates": [ [ [ 100.2397, 18.8195 ], [ 100.227, 18.8254 ], [ 100.1992, 18.8139 ], [ 100.1861, 18.8225 ], [ 100.1831, 18.8195 ], [ 100.1864, 18.8169 ], [ 100.1814, 18.818 ], [ 100.1729, 18.8095 ], [ 100.1726, 18.8155 ], [ 100.1671, 18.816 ], [ 100.1505, 18.8434 ], [ 100.1495, 18.8721 ], [ 100.141, 18.8784 ], [ 100.1487, 18.8855 ], [ 100.1525, 18.8837 ], [ 100.1519, 18.8959 ], [ 100.1575, 18.9019 ], [ 100.1491, 18.9396 ], [ 100.1299, 18.9483 ], [ 100.1222, 18.9579 ], [ 100.1269, 18.9725 ], [ 100.1152, 18.9783 ], [ 100.1186, 18.9891 ], [ 100.1073, 19.0049 ], [ 100.1058, 19.0154 ], [ 100.1115, 19.0245 ], [ 100.1397, 19.0076 ], [ 100.1547, 19.0074 ], [ 100.222, 19.0312 ], [ 100.2251, 19.0254 ], [ 100.2312, 19.0276 ], [ 100.2348, 19.023 ], [ 100.2479, 19.0277 ], [ 100.25, 19.0133 ], [ 100.2713, 19.0214 ], [ 100.277, 19.0343 ], [ 100.2882, 19.0403 ], [ 100.292, 19.0492 ], [ 100.3084, 19.0535 ], [ 100.3123, 19.0695 ], [ 100.3362, 19.0647 ], [ 100.3457, 19.0584 ], [ 100.3469, 19.0431 ], [ 100.3616, 19.0424 ], [ 100.3667, 19.0356 ], [ 100.3851, 19.0398 ], [ 100.4002, 19.0342 ], [ 100.4464, 19.0331 ], [ 100.4449, 19.0179 ], [ 100.4572, 19.0096 ], [ 100.4596, 19.0034 ], [ 100.483, 19.0033 ], [ 100.4975, 18.9969 ], [ 100.5034, 18.9926 ], [ 100.4897, 18.9692 ], [ 100.4809, 18.9657 ], [ 100.4818, 18.9516 ], [ 100.4621, 18.9454 ], [ 100.454, 18.9346 ], [ 100.4384, 18.9456 ], [ 100.4239, 18.9484 ], [ 100.4045, 18.9445 ], [ 100.4071, 18.9356 ], [ 100.3908, 18.9265 ], [ 100.3863, 18.8914 ], [ 100.3664, 18.8713 ], [ 100.3641, 18.8493 ], [ 100.3482, 18.8341 ], [ 100.348, 18.8293 ], [ 100.3385, 18.8216 ], [ 100.3451, 18.814 ], [ 100.34, 18.8054 ], [ 100.3385, 18.8135 ], [ 100.3117, 18.8107 ], [ 100.3034, 18.8185 ], [ 100.2397, 18.8195 ] ] ] } },
{ "type": "Feature", "properties": { "id": "AMP_0034", "name": "ดอกคำใต้" }, "geometry": { "type": "Polygon", "coordinates": [ [ [ 100.1195, 19.0373 ], [ 100.1158, 19.0387 ], [ 100.1112, 19.0334 ], [ 100.1115, 19.0245 ], [ 100.1058, 19.0154 ], [ 100.1073, 19.0049 ], [ 100.1186, 18.9891 ], [ 100.1152, 18.9783 ], [ 100.1269, 18.9725 ], [ 100.1222, 18.9579 ], [ 100.1299, 18.9483 ], [ 100.1491, 18.9396 ], [ 100.1575, 18.9019 ], [ 100.1519, 18.8959 ], [ 100.1525, 18.8837 ], [ 100.1487, 18.8855 ], [ 100.141, 18.8784 ], [ 100.1495, 18.8721 ], [ 100.1505, 18.8434 ], [ 100.157, 18.8344 ], [ 100.1339, 18.8173 ], [ 100.1177, 18.8198 ], [ 100.1142, 18.8091 ], [ 100.0985, 18.815 ], [ 100.0882, 18.8277 ], [ 100.0671, 18.8174 ], [ 100.067, 18.8295 ], [ 100.0621, 18.8357 ], [ 100.069, 18.8465 ], [ 100.0706, 18.8643 ], [ 100.0593, 18.8801 ], [ 100.0412, 18.8907 ], [ 100.0328, 18.9024 ], [ 100.0268, 18.8986 ], [ 100.0164, 18.9243 ], [ 100.0202, 18.9377 ], [ 100.0111, 18.9469 ], [ 100.0141, 18.9519 ], [ 100.0082, 18.9617 ], [ 100.0029, 18.9638 ], [ 100.0118, 18.9773 ], [ 100.0074, 18.9855 ], [ 100.0172, 19.0003 ], [ 100.0121, 19.017 ], [ 100.0188, 19.0301 ], [ 100.0065, 19.0597 ], [ 99.9827, 19.0939 ], [ 99.9781, 19.114 ], [ 99.9371, 19.1491 ], [ 99.9192, 19.142 ], [ 99.9193, 19.1595 ], [ 99.9268, 19.1624 ], [ 99.9249, 19.1653 ], [ 99.9337, 19.1664 ], [ 99.9329, 19.171 ], [ 99.9398, 19.177 ], [ 99.9397, 19.1865 ], [ 99.949, 19.1898 ], [ 99.9499, 19.1943 ], [ 99.9574, 19.1939 ], [ 99.9592, 19.1999 ], [ 99.9643, 19.1991 ], [ 99.965, 19.2057 ], [ 99.9743, 19.2086 ], [ 99.9739, 19.2136 ], [ 99.9853, 19.2142 ], [ 99.992, 19.2191 ], [ 99.9951, 19.2288 ], [ 100.0152, 19.2615 ], [ 100.0112, 19.2696 ], [ 100.0195, 19.2813 ], [ 100.0163, 19.2926 ], [ 100.0223, 19.2969 ], [ 100.0254, 19.3067 ], [ 100.0141, 19.3147 ], [ 100.0185, 19.3278 ], [ 100.0155, 19.332 ], [ 100.0116, 19.3305 ], [ 100.009, 19.3382 ], [ 100.0145, 19.3438 ], [ 100.0085, 19.3488 ], [ 100.0031, 19.3459 ], [ 100.0032, 19.3591 ], [ 99.9977, 19.3607 ], [ 100.0049, 19.3772 ], [ 100.0026, 19.3813 ], [ 100.0124, 19.3849 ], [ 100.0126, 19.3891 ], [ 100.0265, 19.3876 ], [ 100.0137, 19.403 ], [ 100.0025, 19.4072 ], [ 100.0004, 19.4155 ], [ 100.0083, 19.4211 ], [ 100.0051, 19.4292 ], [ 100.0126, 19.4278 ], [ 100.0101, 19.4388 ], [ 100.0264, 19.4365 ], [ 100.0402, 19.4445 ], [ 100.0479, 19.4435 ], [ 100.0536, 19.4312 ], [ 100.057, 19.4144 ], [ 100.0514, 19.3943 ], [ 100.0581, 19.3629 ], [ 100.0507, 19.3531 ], [ 100.0714, 19.3453 ], [ 100.073, 19.3372 ], [ 100.0815, 19.3348 ], [ 100.0736, 19.32 ], [ 100.0779, 19.3174 ], [ 100.0694, 19.2971 ], [ 100.0858, 19.3017 ], [ 100.09, 19.298 ], [ 100.0997, 19.2991 ], [ 100.1066, 19.2793 ], [ 100.0966, 19.269 ], [ 100.1058, 19.2553 ], [ 100.1052, 19.2281 ], [ 100.1118, 19.2133 ], [ 100.1151, 19.1919 ], [ 100.1208, 19.191 ], [ 100.1126, 19.1467 ], [ 100.1138, 19.1228 ], [ 100.1096, 19.117 ], [ 100.1071, 19.0771 ], [ 100.114, 19.0655 ], [ 100.1229, 19.0602 ], [ 100.1195, 19.0373 ] ] ] } },
{ "type": "Feature", "properties": { "id": "AMP_0035", "name": "เมืองพะเยา" }, "geometry": { "type": "Polygon", "coordinates": [ [ [ 99.9964, 18.9055 ], [ 99.9455, 18.9427 ], [ 99.9399, 18.9602 ], [ 99.9258, 18.9798 ], [ 99.9104, 18.9883 ], [ 99.9061, 18.9834 ], [ 99.8892, 18.9889 ], [ 99.8822, 19.0004 ], [ 99.8711, 18.9966 ], [ 99.8395, 19.0015 ], [ 99.8293, 19.0123 ], [ 99.8345, 19.0276 ], [ 99.8297, 19.0317 ], [ 99.8329, 19.0404 ], [ 99.8205, 19.0459 ], [ 99.8199, 19.0608 ], [ 99.7943, 19.0535 ], [ 99.7735, 19.0643 ], [ 99.7739, 19.0763 ], [ 99.7653, 19.0838 ], [ 99.763, 19.103 ], [ 99.7573, 19.1241 ], [ 99.758, 19.134 ], [ 99.7426, 19.1444 ], [ 99.7392, 19.1586 ], [ 99.7262, 19.1698 ], [ 99.7292, 19.1812 ], [ 99.7205, 19.2019 ], [ 99.7027, 19.2548 ], [ 99.7055, 19.2738 ], [ 99.7026, 19.2976 ], [ 99.698, 19.3036 ], [ 99.7046, 19.3222 ], [ 99.7088, 19.321 ], [ 99.7189, 19.3223 ], [ 99.7405, 19.3159 ], [ 99.7747, 19.2901 ], [ 99.8112, 19.2963 ], [ 99.8202, 19.3116 ], [ 99.8252, 19.3111 ], [ 99.8241, 19.3221 ], [ 99.8298, 19.3285 ], [ 99.8409, 19.3202 ], [ 99.8634, 19.3289 ], [ 99.8677, 19.3545 ], [ 99.8901, 19.352 ], [ 99.8944, 19.363 ], [ 99.8894, 19.38 ], [ 99.8984, 19.3807 ], [ 99.898, 19.3939 ], [ 99.9185, 19.4048 ], [ 99.924, 19.3969 ], [ 99.9279, 19.3133 ], [ 99.913, 19.2512 ], [ 99.9164, 19.2449 ], [ 99.9296, 19.2388 ], [ 99.9294, 19.23 ], [ 99.9447, 19.2125 ], [ 99.9515, 19.2083 ], [ 99.959, 19.2125 ], [ 99.9638, 19.2094 ], [ 99.965, 19.2057 ], [ 99.9643, 19.1991 ], [ 99.9592, 19.1999 ], [ 99.9574, 19.1939 ], [ 99.9499, 19.1943 ], [ 99.949, 19.1898 ], [ 99.9397, 19.1865 ], [ 99.9398, 19.177 ], [ 99.9329, 19.171 ], [ 99.9337, 19.1664 ], [ 99.9249, 19.1653 ], [ 99.9268, 19.1624 ], [ 99.9193, 19.1595 ], [ 99.9192, 19.142 ], [ 99.9371, 19.1491 ], [ 99.9781, 19.114 ], [ 99.9827, 19.0939 ], [ 100.0065, 19.0597 ], [ 100.0188, 19.0301 ], [ 100.0121, 19.017 ], [ 100.0172, 19.0003 ], [ 100.0074, 18.9855 ], [ 100.0118, 18.9773 ], [ 100.0029, 18.9638 ], [ 100.0082, 18.9617 ], [ 100.0141, 18.9519 ], [ 100.0111, 18.9469 ], [ 100.0202, 18.9377 ], [ 100.0164, 18.9243 ], [ 100.0268, 18.8986 ], [ 100.0172, 18.8961 ], [ 100.0045, 18.9063 ], [ 99.9964, 18.9055 ] ] ] } },
{ "type": "Feature", "properties": { "id": "AMP_0036", "name": "ทองผาภูมิ" }, "geometry": { "type": "Polygon", "coordinates": [ [ [ 98.9272, 14.598 ], [ 98.9329, 14.6007 ], [ 98.9358, 14.5978 ], [ 98.9301, 14.5861 ], [ 98.9352, 14.5712 ], [ 98.9216, 14.5583 ], [ 98.9288, 14.5538 ], [ 98.9379, 14.5329 ], [ 98.9191, 14.5249 ], [ 98.8989, 14.5108 ], [ 98.8361, 14.5584 ], [ 98.7912, 14.5231 ], [ 98.7778, 14.5301 ], [ 98.7688, 14.5259 ], [ 98.7646, 14.5172 ], [ 98.7538, 14.5188 ], [ 98.7508, 14.5154 ], [ 98.7472, 14.5219 ], [ 98.7386, 14.5207 ], [ 98.7327, 14.5082 ], [ 98.7199, 14.5023 ], [ 98.7138, 14.5168 ], [ 98.6844, 14.524 ], [ 98.681, 14.5299 ], [ 98.6549, 14.5431 ], [ 98.6446, 14.5365 ], [ 98.6514, 14.5307 ], [ 98.6429, 14.5282 ], [ 98.636, 14.5185 ], [ 98.6326, 14.519 ], [ 98.6358, 14.5217 ], [ 98.6325, 14.5271 ], [ 98.6266, 14.5229 ], [ 98.6231, 14.5288 ], [ 98.6201, 14.5228 ], [ 98.6104, 14.5201 ], [ 98.6089, 14.514 ], [ 98.6017, 14.5172 ], [ 98.6001, 14.5079 ], [ 98.5884, 14.5039 ], [ 98.5866, 14.4958 ], [ 98.5789, 14.4957 ], [ 98.5741, 14.5009 ], [ 98.5666, 14.4983 ], [ 98.5485, 14.4743 ], [ 98.5338, 14.443 ], [ 98.5172, 14.4731 ], [ 98.5114, 14.4774 ], [ 98.5096, 14.491 ], [ 98.5045, 14.4957 ], [ 98.5052, 14.5085 ], [ 98.498, 14.5125 ], [ 98.4921, 14.54 ], [ 98.4841, 14.534 ], [ 98.4695, 14.5354 ], [ 98.4615, 14.531 ], [ 98.4558, 14.5562 ], [ 98.4597, 14.5782 ], [ 98.4448, 14.5927 ], [ 98.4375, 14.613 ], [ 98.3665, 14.6663 ], [ 98.3635, 14.6883 ], [ 98.3529, 14.6989 ], [ 98.345, 14.6998 ], [ 98.3366, 14.7108 ], [ 98.3297, 14.7062 ], [ 98.3235, 14.7097 ], [ 98.2971, 14.7502 ], [ 98.2943, 14.7698 ], [ 98.2832, 14.7751 ], [ 98.277, 14.7969 ], [ 98.2541, 14.814 ], [ 98.2472, 14.8318 ], [ 98.2585, 14.8435 ], [ 98.2608, 14.8569 ], [ 98.2299, 14.8895 ], [ 98.2342, 14.8973 ], [ 98.2409, 14.8984 ], [ 98.2501, 14.9158 ], [ 98.258, 14.9149 ], [ 98.2631, 14.9195 ], [ 98.2784, 14.9165 ], [ 98.2995, 14.9195 ], [ 98.3114, 14.9057 ], [ 98.3067, 14.8928 ], [ 98.3231, 14.8923 ], [ 98.3264, 14.8877 ], [ 98.3325, 14.8974 ], [ 98.3383, 14.8933 ], [ 98.3404, 14.8982 ], [ 98.3443, 14.8965 ], [ 98.339, 14.9046 ], [ 98.3478, 14.9066 ], [ 98.3522, 14.9167 ], [ 98.3479, 14.9196 ], [ 98.3507, 14.9327 ], [ 98.3768, 14.9515 ], [ 98.3818, 14.9317 ], [ 98.3879, 14.9328 ], [ 98.3894, 14.9378 ], [ 98.394, 14.9356 ], [ 98.41, 14.9109 ], [ 98.4106, 14.93 ], [ 98.4144, 14.9335 ], [ 98.4252, 14.9268 ], [ 98.4356, 14.9324 ], [ 98.4486, 14.9028 ], [ 98.4467, 14.8917 ], [ 98.4569, 14.8681 ], [ 98.4638, 14.8685 ], [ 98.4699, 14.8764 ], [ 98.4825, 14.8757 ], [ 98.4912, 14.8832 ], [ 98.5014, 14.8768 ], [ 98.5118, 14.8786 ], [ 98.5453, 14.9093 ], [ 98.5551, 14.9072 ], [ 98.5622, 14.9133 ], [ 98.5835, 14.8915 ], [ 98.5885, 14.8924 ], [ 98.5899, 14.8986 ], [ 98.6023, 14.8996 ], [ 98.6078, 14.8964 ], [ 98.6119, 14.8777 ], [ 98.6167, 14.8762 ], [ 98.6249, 14.8528 ], [ 98.6296, 14.8541 ], [ 98.628, 14.8609 ], [ 98.6402, 14.8971 ], [ 98.6603, 14.9034 ], [ 98.659, 14.9121 ], [ 98.6506, 14.9192 ], [ 98.6427, 14.9357 ], [ 98.6474, 14.948 ], [ 98.6594, 14.9486 ], [ 98.6636, 14.9584 ], [ 98.6334, 15.0121 ], [ 98.6402, 15.0153 ], [ 98.6397, 15.0253 ], [ 98.6464, 15.0286 ], [ 98.646, 15.0419 ], [ 98.6557, 15.0605 ], [ 98.6513, 15.0726 ], [ 98.6638, 15.0925 ], [ 98.676, 15.0993 ], [ 98.6878, 15.1141 ], [ 98.7017, 15.1183 ], [ 98.7056, 15.1369 ], [ 98.7008, 15.1528 ], [ 98.7085, 15.1467 ], [ 98.7135, 15.1523 ], [ 98.7305, 15.1477 ], [ 98.7353, 15.1634 ], [ 98.7729, 15.1889 ], [ 98.7721, 15.1977 ], [ 98.7795, 15.1977 ], [ 98.7815, 15.2082 ], [ 98.7931, 15.2075 ], [ 98.8074, 15.212 ], [ 98.8119, 15.2185 ], [ 98.818, 15.2175 ], [ 98.8152, 15.2302 ], [ 98.8185, 15.2358 ], [ 98.8479, 15.2558 ], [ 98.8522, 15.2629 ], [ 98.8639, 15.2673 ], [ 98.8712, 15.2652 ], [ 98.8865, 15.2754 ], [ 98.9116, 15.2684 ], [ 98.9227, 15.2465 ], [ 98.9433, 15.2527 ], [ 98.9554, 15.2474 ], [ 98.964, 15.206 ], [ 98.972, 15.1908 ], [ 98.9844, 15.1803 ], [ 98.9941, 15.1652 ], [ 99.0005, 15.1642 ], [ 99.0066, 15.1444 ], [ 99.0003, 15.1374 ], [ 98.9977, 15.1051 ], [ 99.0065, 15.0983 ], [ 99.0099, 15.0861 ], [ 99.0003, 15.0713 ], [ 98.9947, 15.0399 ], [ 98.9892, 15.0301 ], [ 98.9757, 15.0228 ], [ 98.9667, 14.9868 ], [ 98.971, 14.9751 ], [ 98.9628, 14.9693 ], [ 98.9685, 14.9504 ], [ 98.9663, 14.9315 ], [ 98.9729, 14.9246 ], [ 98.9714, 14.9034 ], [ 98.9752, 14.9014 ], [ 98.9706, 14.8639 ], [ 98.976, 14.8606 ], [ 98.9724, 14.8345 ], [ 98.9659, 14.8281 ], [ 98.9703, 14.8255 ], [ 98.9703, 14.819 ], [ 98.9587, 14.8019 ], [ 98.9652, 14.789 ], [ 98.9637, 14.7779 ], [ 98.9534, 14.7618 ], [ 98.937, 14.7587 ], [ 98.9125, 14.77 ], [ 98.904, 14.7664 ], [ 98.9075, 14.7489 ], [ 98.9028, 14.7474 ], [ 98.8876, 14.722 ], [ 98.8782, 14.7166 ], [ 98.8787, 14.7044 ], [ 98.8709, 14.6993 ], [ 98.8807, 14.6805 ], [ 98.8811, 14.6623 ], [ 98.8877, 14.656 ], [ 98.8868, 14.6387 ], [ 98.8933, 14.6337 ], [ 98.9136, 14.6068 ], [ 98.9272, 14.598 ] ] ] } },
{ "type": "Feature", "properties": { "id": "AMP_0037", "name": "สังขละบุรี" }, "geometry": { "type": "Polygon", "coordinates": [ [ [ 98.6557, 15.0605 ], [ 98.646, 15.0419 ], [ 98.6464, 15.0286 ], [ 98.6397, 15.0253 ], [ 98.6402, 15.0153 ], [ 98.6334, 15.0121 ], [ 98.6636, 14.9584 ], [ 98.6594, 14.9486 ], [ 98.6474, 14.948 ], [ 98.6427, 14.9357 ], [ 98.6506, 14.9192 ], [ 98.659, 14.9121 ], [ 98.6603, 14.9034 ], [ 98.6402, 14.8971 ], [ 98.628, 14.8609 ], [ 98.6296, 14.8541 ], [ 98.6249, 14.8528 ], [ 98.6167, 14.8762 ], [ 98.6119, 14.8777 ], [ 98.6078, 14.8964 ], [ 98.6023, 14.8996 ], [ 98.5899, 14.8986 ], [ 98.5885, 14.8924 ], [ 98.5835, 14.8915 ], [ 98.5622, 14.9133 ], [ 98.5551, 14.9072 ], [ 98.5453, 14.9093 ], [ 98.5118, 14.8786 ], [ 98.5014, 14.8768 ], [ 98.4912, 14.8832 ], [ 98.4825, 14.8757 ], [ 98.4699, 14.8764 ], [ 98.4638, 14.8685 ], [ 98.4569, 14.8681 ], [ 98.4467, 14.8917 ], [ 98.4486, 14.9028 ], [ 98.4356, 14.9324 ], [ 98.4252, 14.9268 ], [ 98.4144, 14.9335 ], [ 98.4106, 14.93 ], [ 98.41, 14.9109 ], [ 98.394, 14.9356 ], [ 98.3894, 14.9378 ], [ 98.3879, 14.9328 ], [ 98.3818, 14.9317 ], [ 98.3768, 14.9515 ], [ 98.3507, 14.9327 ], [ 98.3479, 14.9196 ], [ 98.3522, 14.9167 ], [ 98.3478, 14.9066 ], [ 98.339, 14.9046 ], [ 98.3443, 14.8965 ], [ 98.3404, 14.8982 ], [ 98.3383, 14.8933 ], [ 98.3325, 14.8974 ], [ 98.3264, 14.8877 ], [ 98.3231, 14.8923 ], [ 98.3067, 14.8928 ], [ 98.3114, 14.9057 ], [ 98.2995, 14.9195 ], [ 98.2784, 14.9165 ], [ 98.2631, 14.9195 ], [ 98.258, 14.9149 ], [ 98.2501, 14.9158 ], [ 98.2436, 14.9232 ], [ 98.2434, 14.939 ], [ 98.2285, 14.9483 ], [ 98.2325, 14.9674 ], [ 98.2089, 14.9829 ], [ 98.2127, 15.0196 ], [ 98.2245, 15.0269 ], [ 98.2351, 15.0428 ], [ 98.2211, 15.0551 ], [ 98.2102, 15.0773 ], [ 98.2049, 15.0775 ], [ 98.1842, 15.0965 ], [ 98.1828, 15.1137 ], [ 98.1954, 15.1345 ], [ 98.1896, 15.1406 ], [ 98.1902, 15.1492 ], [ 98.2, 15.1558 ], [ 98.2017, 15.1653 ], [ 98.2136, 15.1802 ], [ 98.2078, 15.1899 ], [ 98.2095, 15.2 ], [ 98.199, 15.2105 ], [ 98.202, 15.2149 ], [ 98.1977, 15.2325 ], [ 98.2028, 15.2365 ], [ 98.2137, 15.2355 ], [ 98.2224, 15.2238 ], [ 98.2364, 15.2194 ], [ 98.2534, 15.2256 ], [ 98.2579, 15.2235 ], [ 98.2604, 15.2352 ], [ 98.2732, 15.2514 ], [ 98.2802, 15.2701 ], [ 98.3035, 15.2803 ], [ 98.2945, 15.2976 ], [ 98.3006, 15.3035 ], [ 98.296, 15.3085 ], [ 98.2984, 15.3131 ], [ 98.3076, 15.3124 ], [ 98.3364, 15.2944 ], [ 98.3527, 15.2929 ], [ 98.3642, 15.2833 ], [ 98.3751, 15.2819 ], [ 98.4021, 15.2544 ], [ 98.4141, 15.2646 ], [ 98.417, 15.2728 ], [ 98.409, 15.2871 ], [ 98.4141, 15.2944 ], [ 98.402, 15.3059 ], [ 98.3881, 15.3035 ], [ 98.4007, 15.3096 ], [ 98.4, 15.3216 ], [ 98.415, 15.3232 ], [ 98.4099, 15.3365 ], [ 98.4164, 15.3634 ], [ 98.4312, 15.3679 ], [ 98.4356, 15.3617 ], [ 98.4442, 15.3712 ], [ 98.4553, 15.3679 ], [ 98.4496, 15.383 ], [ 98.4592, 15.3861 ], [ 98.4631, 15.3759 ], [ 98.4712, 15.3722 ], [ 98.4815, 15.3778 ], [ 98.4816, 15.3904 ], [ 98.4901, 15.3938 ], [ 98.5013, 15.3889 ], [ 98.509, 15.3759 ], [ 98.5161, 15.3796 ], [ 98.5248, 15.3709 ], [ 98.5377, 15.3706 ], [ 98.5476, 15.359 ], [ 98.5446, 15.3543 ], [ 98.5509, 15.3447 ], [ 98.5474, 15.3428 ], [ 98.5496, 15.3378 ], [ 98.5564, 15.3347 ], [ 98.5794, 15.3736 ], [ 98.5855, 15.471 ], [ 98.553, 15.6023 ], [ 98.563, 15.6394 ], [ 98.5586, 15.6511 ], [ 98.5831, 15.6604 ], [ 98.5902, 15.6449 ], [ 98.607, 15.6412 ], [ 98.6126, 15.6445 ], [ 98.627, 15.6385 ], [ 98.6225, 15.6306 ], [ 98.6258, 15.6263 ], [ 98.6406, 15.6381 ], [ 98.6479, 15.6332 ], [ 98.6611, 15.5988 ], [ 98.6678, 15.5949 ], [ 98.7065, 15.5355 ], [ 98.7237, 15.5176 ], [ 98.718, 15.5128 ], [ 98.7188, 15.5063 ], [ 98.7125, 15.5048 ], [ 98.7034, 15.5098 ], [ 98.7026, 15.5015 ], [ 98.7293, 15.4886 ], [ 98.7374, 15.4795 ], [ 98.7471, 15.4827 ], [ 98.7592, 15.4725 ], [ 98.7549, 15.4585 ], [ 98.7592, 15.4514 ], [ 98.7545, 15.4411 ], [ 98.7787, 15.4239 ], [ 98.7832, 15.4087 ], [ 98.7926, 15.4026 ], [ 98.8295, 15.3557 ], [ 98.8314, 15.3457 ], [ 98.8396, 15.3486 ], [ 98.871, 15.3249 ], [ 98.8914, 15.2901 ], [ 98.8865, 15.2754 ], [ 98.8712, 15.2652 ], [ 98.8639, 15.2673 ], [ 98.8522, 15.2629 ], [ 98.8479, 15.2558 ], [ 98.8185, 15.2358 ], [ 98.8152, 15.2302 ], [ 98.818, 15.2175 ], [ 98.8119, 15.2185 ], [ 98.8074, 15.212 ], [ 98.7931, 15.2075 ], [ 98.7815, 15.2082 ], [ 98.7795, 15.1977 ], [ 98.7721, 15.1977 ], [ 98.7729, 15.1889 ], [ 98.7353, 15.1634 ], [ 98.7305, 15.1477 ], [ 98.7135, 15.1523 ], [ 98.7085, 15.1467 ], [ 98.7008, 15.1528 ], [ 98.7056, 15.1369 ], [ 98.7017, 15.1183 ], [ 98.6878, 15.1141 ], [ 98.676, 15.0993 ], [ 98.6638, 15.0925 ], [ 98.6513, 15.0726 ], [ 98.6557, 15.0605 ] ] ] } },
{ "type": "Feature", "properties": { "id": "AMP_0038", "name": "หนองม่วงไข่" }, "geometry": { "type": "Polygon", "coordinates": [ [ [ 100.1682, 18.2488 ], [ 100.1658, 18.2398 ], [ 100.1617, 18.2494 ], [ 100.1506, 18.2591 ], [ 100.1241, 18.2578 ], [ 100.1081, 18.2781 ], [ 100.0898, 18.2782 ], [ 100.0908, 18.2845 ], [ 100.0875, 18.2945 ], [ 100.0759, 18.31 ], [ 100.083, 18.3219 ], [ 100.0719, 18.3346 ], [ 100.0758, 18.3489 ], [ 100.079, 18.3544 ], [ 100.0983, 18.357 ], [ 100.1029, 18.3467 ], [ 100.1165, 18.3364 ], [ 100.1275, 18.3481 ], [ 100.1564, 18.3454 ], [ 100.1604, 18.318 ], [ 100.1685, 18.3098 ], [ 100.1622, 18.3039 ], [ 100.1617, 18.2963 ], [ 100.1799, 18.2891 ], [ 100.1837, 18.2995 ], [ 100.2055, 18.3179 ], [ 100.2202, 18.3131 ], [ 100.2286, 18.3052 ], [ 100.2311, 18.2953 ], [ 100.2539, 18.2831 ], [ 100.2589, 18.2878 ], [ 100.2674, 18.2835 ], [ 100.2777, 18.2738 ], [ 100.2776, 18.2588 ], [ 100.272, 18.2607 ], [ 100.2617, 18.2554 ], [ 100.2491, 18.2617 ], [ 100.2449, 18.27 ], [ 100.2378, 18.2656 ], [ 100.2281, 18.2648 ], [ 100.228, 18.2682 ], [ 100.2159, 18.2592 ], [ 100.2032, 18.2581 ], [ 100.1974, 18.2508 ], [ 100.1988, 18.2466 ], [ 100.1856, 18.2403 ], [ 100.1882, 18.2347 ], [ 100.1789, 18.2338 ], [ 100.176, 18.2457 ], [ 100.1682, 18.2488 ] ] ] } },
{ "type": "Feature", "properties": { "id": "AMP_0039", "name": "ภูเวียง" }, "geometry": { "type": "Polygon", "coordinates": [ [ [ 102.5419, 16.5954 ], [ 102.5529, 16.5815 ], [ 102.5562, 16.5657 ], [ 102.5484, 16.556 ], [ 102.5336, 16.5584 ], [ 102.5299, 16.5549 ], [ 102.5331, 16.5514 ], [ 102.5287, 16.5511 ], [ 102.5227, 16.5547 ], [ 102.5199, 16.5393 ], [ 102.5089, 16.5381 ], [ 102.5, 16.5446 ], [ 102.4906, 16.5377 ], [ 102.4805, 16.5449 ], [ 102.469, 16.5447 ], [ 102.4681, 16.5607 ], [ 102.4585, 16.5737 ], [ 102.4495, 16.5983 ], [ 102.4254, 16.603 ], [ 102.4164, 16.5932 ], [ 102.412, 16.5855 ], [ 102.4005, 16.5793 ], [ 102.3798, 16.5836 ], [ 102.3605, 16.5735 ], [ 102.3487, 16.5753 ], [ 102.3294, 16.5698 ], [ 102.3237, 16.5631 ], [ 102.3103, 16.567 ], [ 102.2836, 16.5618 ], [ 102.2877, 16.5736 ], [ 102.305, 16.5756 ], [ 102.3157, 16.5832 ], [ 102.3092, 16.5947 ], [ 102.287, 16.6005 ], [ 102.2749, 16.6146 ], [ 102.3238, 16.6436 ], [ 102.3467, 16.663 ], [ 102.3522, 16.6807 ], [ 102.3611, 16.6995 ], [ 102.3634, 16.7173 ], [ 102.3597, 16.7335 ], [ 102.4022, 16.7355 ], [ 102.4056, 16.743 ], [ 102.4228, 16.7461 ], [ 102.4221, 16.7696 ], [ 102.433, 16.7947 ], [ 102.4454, 16.7919 ], [ 102.45, 16.7948 ], [ 102.4477, 16.8028 ], [ 102.4536, 16.8058 ], [ 102.4536, 16.8109 ], [ 102.4712, 16.8025 ], [ 102.479, 16.8073 ], [ 102.4965, 16.8036 ], [ 102.5378, 16.7846 ], [ 102.6108, 16.7713 ], [ 102.6078, 16.701 ], [ 102.5653, 16.6572 ], [ 102.5585, 16.64 ], [ 102.5585, 16.618 ], [ 102.5453, 16.6041 ], [ 102.5419, 16.5954 ] ] ] } },
{ "type": "Feature", "properties": { "id": "AMP_0040", "name": "มัญจาคีรี" }, "geometry": { "type": "Polygon", "coordinates": [ [ [ 102.5695, 16.0974 ], [ 102.5736, 16.0918 ], [ 102.5795, 16.0949 ], [ 102.582, 16.0901 ], [ 102.5557, 16.0896 ], [ 102.5421, 16.0847 ], [ 102.5379, 16.0803 ], [ 102.5493, 16.0774 ], [ 102.541, 16.0738 ], [ 102.5167, 16.0882 ], [ 102.5124, 16.086 ], [ 102.5119, 16.0784 ], [ 102.5001, 16.0781 ], [ 102.5045, 16.0848 ], [ 102.5003, 16.0889 ], [ 102.4928, 16.0795 ], [ 102.4771, 16.0981 ], [ 102.4623, 16.0992 ], [ 102.4645, 16.1168 ], [ 102.4495, 16.1271 ], [ 102.4458, 16.1544 ], [ 102.4357, 16.1514 ], [ 102.4223, 16.1545 ], [ 102.4144, 16.1491 ], [ 102.4128, 16.1401 ], [ 102.4185, 16.1341 ], [ 102.4118, 16.1103 ], [ 102.4159, 16.1042 ], [ 102.4065, 16.1092 ], [ 102.4023, 16.1295 ], [ 102.3761, 16.1582 ], [ 102.3454, 16.1602 ], [ 102.4032, 16.2428 ], [ 102.4144, 16.2513 ], [ 102.4115, 16.2704 ], [ 102.4247, 16.3112 ], [ 102.4373, 16.3287 ], [ 102.4363, 16.3363 ], [ 102.446, 16.353 ], [ 102.4474, 16.3785 ], [ 102.4594, 16.3942 ], [ 102.4706, 16.3864 ], [ 102.4779, 16.3883 ], [ 102.4796, 16.3797 ], [ 102.4886, 16.3746 ], [ 102.494, 16.3636 ], [ 102.5184, 16.354 ], [ 102.5293, 16.3425 ], [ 102.533, 16.3112 ], [ 102.5442, 16.3056 ], [ 102.5717, 16.3155 ], [ 102.584, 16.3061 ], [ 102.594, 16.2911 ], [ 102.605, 16.2859 ], [ 102.6182, 16.2868 ], [ 102.6284, 16.2794 ], [ 102.6494, 16.2754 ], [ 102.6562, 16.2686 ], [ 102.664, 16.2677 ], [ 102.6749, 16.2605 ], [ 102.6782, 16.2488 ], [ 102.6869, 16.2444 ], [ 102.6933, 16.2281 ], [ 102.6883, 16.2294 ], [ 102.6852, 16.2235 ], [ 102.6762, 16.2359 ], [ 102.6766, 16.2303 ], [ 102.6744, 16.2329 ], [ 102.6662, 16.2287 ], [ 102.6724, 16.2189 ], [ 102.6676, 16.218 ], [ 102.6625, 16.2116 ], [ 102.6791, 16.2009 ], [ 102.6772, 16.198 ], [ 102.6722, 16.2012 ], [ 102.6712, 16.1955 ], [ 102.6818, 16.1867 ], [ 102.6684, 16.1871 ], [ 102.6683, 16.1807 ], [ 102.6733, 16.1794 ], [ 102.6671, 16.179 ], [ 102.6662, 16.1745 ], [ 102.6584, 16.1774 ], [ 102.6561, 16.1708 ], [ 102.6611, 16.1648 ], [ 102.6549, 16.1656 ], [ 102.6479, 16.1602 ], [ 102.6506, 16.1569 ], [ 102.6449, 16.1575 ], [ 102.6465, 16.1463 ], [ 102.639, 16.1371 ], [ 102.6331, 16.1401 ], [ 102.6343, 16.1455 ], [ 102.6304, 16.1404 ], [ 102.6244, 16.1424 ], [ 102.626, 16.1359 ], [ 102.6222, 16.1314 ], [ 102.6257, 16.1296 ], [ 102.6205, 16.1269 ], [ 102.6165, 16.1345 ], [ 102.6129, 16.1274 ], [ 102.6082, 16.1287 ], [ 102.6095, 16.1319 ], [ 102.6003, 16.1273 ], [ 102.6038, 16.1238 ], [ 102.5999, 16.1211 ], [ 102.5872, 16.1254 ], [ 102.5873, 16.1301 ], [ 102.5801, 16.1208 ], [ 102.5823, 16.1161 ], [ 102.5791, 16.1186 ], [ 102.5756, 16.113 ], [ 102.5844, 16.1083 ], [ 102.572, 16.1073 ], [ 102.5695, 16.0974 ] ] ] } },
{ "type": "Feature", "properties": { "id": "AMP_0041", "name": "หนองปรือ" }, "geometry": { "type": "Polygon", "coordinates": [ [ [ 99.5356, 14.684 ], [ 99.5331, 14.6698 ], [ 99.5431, 14.655 ], [ 99.5416, 14.6414 ], [ 99.56, 14.6156 ], [ 99.5531, 14.6011 ], [ 99.5819, 14.5916 ], [ 99.5788, 14.5887 ], [ 99.5683, 14.5915 ], [ 99.5438, 14.5769 ], [ 99.5468, 14.5568 ], [ 99.5361, 14.556 ], [ 99.5242, 14.5448 ], [ 99.5102, 14.542 ], [ 99.5054, 14.5474 ], [ 99.4963, 14.5384 ], [ 99.4584, 14.5334 ], [ 99.4223, 14.5515 ], [ 99.4199, 14.5597 ], [ 99.4269, 14.5775 ], [ 99.4123, 14.5793 ], [ 99.3996, 14.5923 ], [ 99.4054, 14.6068 ], [ 99.3978, 14.6174 ], [ 99.3823, 14.6199 ], [ 99.3761, 14.6145 ], [ 99.372, 14.6168 ], [ 99.3584, 14.6119 ], [ 99.3481, 14.6036 ], [ 99.3401, 14.6091 ], [ 99.3374, 14.6233 ], [ 99.3271, 14.6239 ], [ 99.3188, 14.6338 ], [ 99.343, 14.6491 ], [ 99.3521, 14.6636 ], [ 99.3519, 14.6749 ], [ 99.339, 14.6872 ], [ 99.3407, 14.7016 ], [ 99.3348, 14.7028 ], [ 99.3305, 14.6973 ], [ 99.322, 14.6988 ], [ 99.2878, 14.6841 ], [ 99.2858, 14.7042 ], [ 99.2895, 14.7117 ], [ 99.2851, 14.7169 ], [ 99.2839, 14.7379 ], [ 99.2882, 14.7421 ], [ 99.2784, 14.7494 ], [ 99.2782, 14.7629 ], [ 99.2707, 14.7672 ], [ 99.2689, 14.7775 ], [ 99.2732, 14.786 ], [ 99.2638, 14.7914 ], [ 99.2509, 14.8073 ], [ 99.2504, 14.8152 ], [ 99.2393, 14.8248 ], [ 99.2474, 14.8335 ], [ 99.2574, 14.8349 ], [ 99.2672, 14.835 ], [ 99.2808, 14.828 ], [ 99.2939, 14.8314 ], [ 99.3028, 14.8261 ], [ 99.3088, 14.8128 ], [ 99.3154, 14.8141 ], [ 99.3303, 14.8071 ], [ 99.3408, 14.7858 ], [ 99.3588, 14.7714 ], [ 99.3662, 14.7737 ], [ 99.3728, 14.7672 ], [ 99.3901, 14.7658 ], [ 99.4116, 14.7731 ], [ 99.4212, 14.7814 ], [ 99.4364, 14.7742 ], [ 99.432, 14.76 ], [ 99.4318, 14.7526 ], [ 99.444, 14.7421 ], [ 99.4425, 14.732 ], [ 99.4536, 14.7266 ], [ 99.481, 14.7088 ], [ 99.4963, 14.7045 ], [ 99.5088, 14.7089 ], [ 99.5162, 14.7025 ], [ 99.5335, 14.7081 ], [ 99.5425, 14.7158 ], [ 99.5446, 14.6982 ], [ 99.5356, 14.684 ] ] ] } },
{ "type": "Feature", "properties": { "id": "AMP_0042", "name": "เลาขวัญ" }, "geometry": { "type": "Polygon", "coordinates": [ [ [ 99.8235, 14.398 ], [ 99.8292, 14.3814 ], [ 99.8173, 14.3818 ], [ 99.7955, 14.3964 ], [ 99.7792, 14.3964 ], [ 99.7782, 14.4025 ], [ 99.7695, 14.3936 ], [ 99.7543, 14.3913 ], [ 99.708, 14.417 ], [ 99.698, 14.4241 ], [ 99.6731, 14.423 ], [ 99.6579, 14.4295 ], [ 99.6298, 14.4578 ], [ 99.5859, 14.4716 ], [ 99.5694, 14.4613 ], [ 99.577, 14.477 ], [ 99.5849, 14.5245 ], [ 99.5896, 14.5263 ], [ 99.5962, 14.5465 ], [ 99.594, 14.565 ], [ 99.5965, 14.5775 ], [ 99.5819, 14.5916 ], [ 99.5531, 14.6011 ], [ 99.56, 14.6156 ], [ 99.5416, 14.6414 ], [ 99.5431, 14.655 ], [ 99.5331, 14.6698 ], [ 99.5356, 14.684 ], [ 99.5446, 14.6982 ], [ 99.5425, 14.7158 ], [ 99.5573, 14.7307 ], [ 99.5717, 14.7323 ], [ 99.5777, 14.7513 ], [ 99.571, 14.76 ], [ 99.5696, 14.7885 ], [ 99.6125, 14.7821 ], [ 99.6326, 14.8012 ], [ 99.6552, 14.8038 ], [ 99.6812, 14.7844 ], [ 99.687, 14.774 ], [ 99.6954, 14.773 ], [ 99.7017, 14.7614 ], [ 99.7146, 14.7547 ], [ 99.7423, 14.7537 ], [ 99.7542, 14.743 ], [ 99.7618, 14.7454 ], [ 99.7776, 14.7396 ], [ 99.7881, 14.7438 ], [ 99.8015, 14.7345 ], [ 99.7963, 14.7248 ], [ 99.7992, 14.7161 ], [ 99.7931, 14.7105 ], [ 99.7967, 14.6959 ], [ 99.8013, 14.6918 ], [ 99.7987, 14.6777 ], [ 99.8103, 14.6686 ], [ 99.821, 14.6508 ], [ 99.8218, 14.6332 ], [ 99.8057, 14.6198 ], [ 99.8023, 14.6119 ], [ 99.7982, 14.5679 ], [ 99.7954, 14.5625 ], [ 99.7919, 14.564 ], [ 99.7951, 14.5471 ], [ 99.8038, 14.5369 ], [ 99.8183, 14.5278 ], [ 99.8152, 14.5215 ], [ 99.8214, 14.5011 ], [ 99.8168, 14.433 ], [ 99.82, 14.4249 ], [ 99.8235, 14.398 ] ] ] } },
{ "type": "Feature", "properties": { "id": "AMP_0043", "name": "หนองนาคำ" }, "geometry": { "type": "Polygon", "coordinates": [ [ [ 102.4057, 16.8138 ], [ 102.4205, 16.7952 ], [ 102.433, 16.7947 ], [ 102.4221, 16.7696 ], [ 102.4228, 16.7461 ], [ 102.4056, 16.743 ], [ 102.4022, 16.7355 ], [ 102.3597, 16.7335 ], [ 102.3518, 16.7487 ], [ 102.3406, 16.758 ], [ 102.292, 16.7771 ], [ 102.2761, 16.793 ], [ 102.2735, 16.8202 ], [ 102.2667, 16.8353 ], [ 102.2405, 16.8565 ], [ 102.2285, 16.8543 ], [ 102.2156, 16.8588 ], [ 102.2133, 16.8614 ], [ 102.2257, 16.8688 ], [ 102.2276, 16.8751 ], [ 102.2333, 16.8751 ], [ 102.2342, 16.8802 ], [ 102.2421, 16.8757 ], [ 102.2448, 16.8814 ], [ 102.2493, 16.8787 ], [ 102.2501, 16.8915 ], [ 102.2546, 16.8948 ], [ 102.2961, 16.8909 ], [ 102.2907, 16.8851 ], [ 102.3072, 16.8842 ], [ 102.3019, 16.8775 ], [ 102.3111, 16.868 ], [ 102.3246, 16.8674 ], [ 102.316, 16.855 ], [ 102.3303, 16.8552 ], [ 102.3317, 16.8486 ], [ 102.3233, 16.8465 ], [ 102.3397, 16.8371 ], [ 102.336, 16.8312 ], [ 102.3383, 16.8239 ], [ 102.3465, 16.8172 ], [ 102.3506, 16.8303 ], [ 102.3613, 16.8165 ], [ 102.3776, 16.8105 ], [ 102.3781, 16.8173 ], [ 102.3916, 16.8104 ], [ 102.4057, 16.8138 ] ] ] } },
{ "type": "Feature", "properties": { "id": "AMP_0044", "name": "โคกโพธิ์ไชย" }, "geometry": { "type": "Polygon", "coordinates": [ [ [ 102.4536, 16.0434 ], [ 102.455, 16.0347 ], [ 102.4504, 16.0337 ], [ 102.4535, 16.0294 ], [ 102.4463, 16.0255 ], [ 102.4408, 16.03 ], [ 102.4354, 16.0274 ], [ 102.4317, 16.0185 ], [ 102.433, 16.0149 ], [ 102.4383, 16.0156 ], [ 102.4301, 16.0097 ], [ 102.4345, 16.0049 ], [ 102.429, 15.997 ], [ 102.425, 15.9987 ], [ 102.4268, 15.9961 ], [ 102.4231, 15.9914 ], [ 102.4207, 15.998 ], [ 102.4179, 15.9908 ], [ 102.4127, 15.9957 ], [ 102.4143, 15.9901 ], [ 102.4114, 15.9916 ], [ 102.4089, 15.986 ], [ 102.4127, 15.9848 ], [ 102.4045, 15.9813 ], [ 102.3922, 15.9871 ], [ 102.39, 15.9788 ], [ 102.3851, 15.9861 ], [ 102.3848, 15.9973 ], [ 102.3777, 15.9947 ], [ 102.3747, 16.0002 ], [ 102.373, 15.9961 ], [ 102.3684, 16.0068 ], [ 102.3654, 16.0016 ], [ 102.3552, 16.0052 ], [ 102.3495, 16.0229 ], [ 102.352, 16.0263 ], [ 102.3447, 16.0302 ], [ 102.3439, 16.0353 ], [ 102.3364, 16.0387 ], [ 102.3272, 16.0306 ], [ 102.3117, 16.0429 ], [ 102.3023, 16.0391 ], [ 102.2871, 16.0608 ], [ 102.2859, 16.0703 ], [ 102.2817, 16.0712 ], [ 102.2803, 16.0759 ], [ 102.2885, 16.0913 ], [ 102.3272, 16.13 ], [ 102.3454, 16.1602 ], [ 102.3761, 16.1582 ], [ 102.4023, 16.1295 ], [ 102.4065, 16.1092 ], [ 102.4159, 16.1042 ], [ 102.4118, 16.1103 ], [ 102.4185, 16.1341 ], [ 102.4128, 16.1401 ], [ 102.4144, 16.1491 ], [ 102.4223, 16.1545 ], [ 102.4357, 16.1514 ], [ 102.4458, 16.1544 ], [ 102.4495, 16.1271 ], [ 102.4645, 16.1168 ], [ 102.4623, 16.0992 ], [ 102.4771, 16.0981 ], [ 102.4928, 16.0795 ], [ 102.4891, 16.0635 ], [ 102.4812, 16.0626 ], [ 102.4801, 16.0507 ], [ 102.4645, 16.0597 ], [ 102.4462, 16.0534 ], [ 102.4536, 16.0434 ] ] ] } },
{ "type": "Feature", "properties": { "id": "AMP_0045", "name": "บ้านหลวง" }, "geometry": { "type": "Polygon", "coordinates": [ [ [ 100.5085, 18.794 ], [ 100.4941, 18.736 ], [ 100.4782, 18.7286 ], [ 100.4641, 18.7283 ], [ 100.4511, 18.7464 ], [ 100.437, 18.741 ], [ 100.4184, 18.7471 ], [ 100.4054, 18.7388 ], [ 100.3715, 18.7439 ], [ 100.3585, 18.7513 ], [ 100.3624, 18.7779 ], [ 100.357, 18.7845 ], [ 100.3375, 18.7868 ], [ 100.34, 18.8054 ], [ 100.3451, 18.814 ], [ 100.3385, 18.8216 ], [ 100.348, 18.8293 ], [ 100.3482, 18.8341 ], [ 100.3641, 18.8493 ], [ 100.3664, 18.8713 ], [ 100.3863, 18.8914 ], [ 100.3908, 18.9265 ], [ 100.4071, 18.9356 ], [ 100.4045, 18.9445 ], [ 100.4239, 18.9484 ], [ 100.4384, 18.9456 ], [ 100.454, 18.9346 ], [ 100.4621, 18.9454 ], [ 100.4818, 18.9516 ], [ 100.4809, 18.9657 ], [ 100.4897, 18.9692 ], [ 100.5008, 18.9863 ], [ 100.511, 18.9725 ], [ 100.5337, 18.9572 ], [ 100.5389, 18.9469 ], [ 100.5283, 18.9327 ], [ 100.5184, 18.931 ], [ 100.532, 18.9106 ], [ 100.5265, 18.8999 ], [ 100.5298, 18.8737 ], [ 100.5287, 18.8353 ], [ 100.5065, 18.8195 ], [ 100.5085, 18.794 ] ] ] } },
{ "type": "Feature", "properties": { "id": "AMP_0046", "name": "นาน้อย" }, "geometry": { "type": "Polygon", "coordinates": [ [ [ 100.9253, 18.2119 ], [ 100.9159, 18.2113 ], [ 100.8946, 18.2212 ], [ 100.8755, 18.2167 ], [ 100.8593, 18.2205 ], [ 100.8512, 18.2063 ], [ 100.8297, 18.1969 ], [ 100.8155, 18.1788 ], [ 100.8104, 18.1821 ], [ 100.8142, 18.1899 ], [ 100.8102, 18.203 ], [ 100.8145, 18.2207 ], [ 100.8018, 18.2337 ], [ 100.7912, 18.2363 ], [ 100.7695, 18.2253 ], [ 100.7737, 18.2093 ], [ 100.7648, 18.195 ], [ 100.7654, 18.1831 ], [ 100.7555, 18.1783 ], [ 100.736, 18.1859 ], [ 100.7126, 18.2113 ], [ 100.6997, 18.2112 ], [ 100.688, 18.217 ], [ 100.6631, 18.2461 ], [ 100.6374, 18.2455 ], [ 100.6324, 18.2368 ], [ 100.6011, 18.2365 ], [ 100.5804, 18.2396 ], [ 100.5543, 18.2352 ], [ 100.5342, 18.2518 ], [ 100.5255, 18.2528 ], [ 100.5218, 18.2745 ], [ 100.5035, 18.2703 ], [ 100.4995, 18.2765 ], [ 100.4924, 18.2774 ], [ 100.4941, 18.2803 ], [ 100.483, 18.2923 ], [ 100.4857, 18.3003 ], [ 100.4802, 18.3203 ], [ 100.4933, 18.3379 ], [ 100.4832, 18.343 ], [ 100.4814, 18.3497 ], [ 100.4968, 18.3528 ], [ 100.5041, 18.3603 ], [ 100.5175, 18.392 ], [ 100.5364, 18.3907 ], [ 100.5505, 18.4179 ], [ 100.5703, 18.4208 ], [ 100.5772, 18.4473 ], [ 100.5844, 18.4439 ], [ 100.5904, 18.428 ], [ 100.6067, 18.4316 ], [ 100.6406, 18.4188 ], [ 100.6545, 18.4205 ], [ 100.6671, 18.4331 ], [ 100.668, 18.4372 ], [ 100.6772, 18.4394 ], [ 100.6903, 18.4376 ], [ 100.7, 18.4308 ], [ 100.7167, 18.4363 ], [ 100.7157, 18.4222 ], [ 100.7352, 18.4195 ], [ 100.7351, 18.4235 ], [ 100.7527, 18.422 ], [ 100.7641, 18.4268 ], [ 100.7883, 18.4229 ], [ 100.8045, 18.4293 ], [ 100.8354, 18.4244 ], [ 100.8363, 18.4287 ], [ 100.8458, 18.4294 ], [ 100.8496, 18.4173 ], [ 100.8483, 18.3921 ], [ 100.8577, 18.3842 ], [ 100.8615, 18.3726 ], [ 100.8771, 18.3676 ], [ 100.883, 18.3443 ], [ 100.8893, 18.3369 ], [ 100.9058, 18.3504 ], [ 100.907, 18.3452 ], [ 100.9103, 18.3502 ], [ 100.915, 18.3485 ], [ 100.9128, 18.3533 ], [ 100.9184, 18.3589 ], [ 100.9401, 18.3594 ], [ 100.9636, 18.3772 ], [ 100.9863, 18.3789 ], [ 100.9907, 18.3888 ], [ 101.0197, 18.3838 ], [ 101.026, 18.3981 ], [ 101.0345, 18.4011 ], [ 101.0552, 18.4238 ], [ 101.0796, 18.4041 ], [ 101.0858, 18.3807 ], [ 101.0742, 18.3577 ], [ 101.0552, 18.3533 ], [ 101.0226, 18.3248 ], [ 101.0053, 18.3184 ], [ 100.9977, 18.3079 ], [ 100.9802, 18.3062 ], [ 100.9634, 18.2781 ], [ 100.9401, 18.2547 ], [ 100.9256, 18.2502 ], [ 100.9127, 18.2276 ], [ 100.9253, 18.2119 ] ] ] } },
{ "type": "Feature", "properties": { "id": "AMP_0047", "name": "ภูผาม่าน" }, "geometry": { "type": "Polygon", "coordinates": [ [ [ 101.9534, 16.6588 ], [ 101.9584, 16.6379 ], [ 101.9556, 16.6309 ], [ 101.9391, 16.6364 ], [ 101.9368, 16.6321 ], [ 101.9268, 16.634 ], [ 101.92, 16.631 ], [ 101.9204, 16.6274 ], [ 101.9135, 16.6342 ], [ 101.9098, 16.6332 ], [ 101.9111, 16.6297 ], [ 101.9054, 16.6283 ], [ 101.9028, 16.638 ], [ 101.8848, 16.645 ], [ 101.8735, 16.6428 ], [ 101.8691, 16.6495 ], [ 101.8542, 16.6502 ], [ 101.8525, 16.6572 ], [ 101.8401, 16.6546 ], [ 101.8292, 16.6577 ], [ 101.8227, 16.6506 ], [ 101.8203, 16.6546 ], [ 101.8056, 16.6529 ], [ 101.7744, 16.6287 ], [ 101.7783, 16.647 ], [ 101.7641, 16.6554 ], [ 101.7539, 16.6523 ], [ 101.7508, 16.668 ], [ 101.7516, 16.6775 ], [ 101.7659, 16.6799 ], [ 101.7723, 16.6874 ], [ 101.7764, 16.7126 ], [ 101.7916, 16.7267 ], [ 101.7859, 16.7428 ], [ 101.7897, 16.7469 ], [ 101.7829, 16.7541 ], [ 101.7879, 16.7643 ], [ 101.865, 16.7929 ], [ 101.8794, 16.8107 ], [ 101.9049, 16.8144 ], [ 101.9395, 16.8382 ], [ 101.9431, 16.8323 ], [ 101.9439, 16.7848 ], [ 101.9348, 16.7628 ], [ 101.9361, 16.7387 ], [ 101.941, 16.729 ], [ 101.9363, 16.7183 ], [ 101.9439, 16.7132 ], [ 101.9433, 16.7055 ], [ 101.9527, 16.6888 ], [ 101.9534, 16.6588 ] ] ] } },
{ "type": "Feature", "properties": { "id": "AMP_0048", "name": "เมืองน่าน" }, "geometry": { "type": "Polygon", "coordinates": [ [ [ 100.7791, 18.6934 ], [ 100.7928, 18.675 ], [ 100.748, 18.674 ], [ 100.7364, 18.6797 ], [ 100.7296, 18.6753 ], [ 100.7165, 18.6829 ], [ 100.7116, 18.6998 ], [ 100.7083, 18.702 ], [ 100.6917, 18.6869 ], [ 100.6894, 18.6958 ], [ 100.6756, 18.6884 ], [ 100.6391, 18.6906 ], [ 100.6319, 18.6955 ], [ 100.6302, 18.7071 ], [ 100.621, 18.7011 ], [ 100.6101, 18.7102 ], [ 100.5896, 18.7033 ], [ 100.5971, 18.715 ], [ 100.5929, 18.7371 ], [ 100.5979, 18.7453 ], [ 100.6057, 18.7479 ], [ 100.6019, 18.7652 ], [ 100.6079, 18.7774 ], [ 100.5908, 18.7845 ], [ 100.5814, 18.813 ], [ 100.5688, 18.8276 ], [ 100.5395, 18.8288 ], [ 100.5287, 18.8353 ], [ 100.5298, 18.8737 ], [ 100.5265, 18.8999 ], [ 100.532, 18.9106 ], [ 100.5184, 18.931 ], [ 100.5283, 18.9327 ], [ 100.5389, 18.9469 ], [ 100.5337, 18.9572 ], [ 100.511, 18.9725 ], [ 100.5008, 18.9863 ], [ 100.5034, 18.9926 ], [ 100.4975, 18.9969 ], [ 100.483, 19.0033 ], [ 100.4596, 19.0034 ], [ 100.4572, 19.0096 ], [ 100.4794, 19.0271 ], [ 100.4798, 19.0364 ], [ 100.4897, 19.0394 ], [ 100.4944, 19.0525 ], [ 100.5315, 19.0413 ], [ 100.5373, 19.0466 ], [ 100.5485, 19.0405 ], [ 100.5564, 19.0446 ], [ 100.566, 19.0304 ], [ 100.5825, 19.0305 ], [ 100.6055, 19.0203 ], [ 100.6195, 19.034 ], [ 100.6147, 19.0419 ], [ 100.6333, 19.0616 ], [ 100.6565, 19.0582 ], [ 100.6648, 19.0609 ], [ 100.6715, 19.0512 ], [ 100.6864, 19.0444 ], [ 100.7086, 19.0442 ], [ 100.7263, 19.0274 ], [ 100.7268, 19.015 ], [ 100.7354, 19.0084 ], [ 100.7467, 19.0165 ], [ 100.7713, 19.012 ], [ 100.7799, 19.0157 ], [ 100.7847, 19.0105 ], [ 100.8158, 19.0034 ], [ 100.8308, 18.994 ], [ 100.836, 18.9797 ], [ 100.8279, 18.9656 ], [ 100.8217, 18.9687 ], [ 100.823, 18.9648 ], [ 100.8164, 18.9617 ], [ 100.818, 18.9562 ], [ 100.8108, 18.952 ], [ 100.81, 18.9358 ], [ 100.8153, 18.932 ], [ 100.8112, 18.9272 ], [ 100.8016, 18.9257 ], [ 100.7989, 18.9291 ], [ 100.7959, 18.9167 ], [ 100.8024, 18.9127 ], [ 100.7934, 18.9072 ], [ 100.7951, 18.9024 ], [ 100.7855, 18.9064 ], [ 100.7852, 18.8913 ], [ 100.7801, 18.8885 ], [ 100.7817, 18.8826 ], [ 100.7932, 18.8688 ], [ 100.7968, 18.8566 ], [ 100.7802, 18.8483 ], [ 100.7867, 18.8304 ], [ 100.7858, 18.806 ], [ 100.7937, 18.802 ], [ 100.7919, 18.7901 ], [ 100.7765, 18.7682 ], [ 100.7678, 18.7646 ], [ 100.7716, 18.7543 ], [ 100.7635, 18.7411 ], [ 100.756, 18.7397 ], [ 100.7655, 18.7189 ], [ 100.7603, 18.7142 ], [ 100.7582, 18.7229 ], [ 100.754, 18.7204 ], [ 100.7596, 18.7061 ], [ 100.7787, 18.7052 ], [ 100.7791, 18.6934 ] ] ] } },
{ "type": "Feature", "properties": { "id": "AMP_0049", "name": "แม่จริม" }, "geometry": { "type": "Polygon", "coordinates": [ [ [ 101.2436, 18.7703 ], [ 101.2359, 18.7415 ], [ 101.2241, 18.7327 ], [ 101.2329, 18.7222 ], [ 101.2343, 18.7125 ], [ 101.2461, 18.7118 ], [ 101.2568, 18.7057 ], [ 101.2678, 18.698 ], [ 101.2723, 18.6885 ], [ 101.259, 18.6781 ], [ 101.2502, 18.6574 ], [ 101.2418, 18.6517 ], [ 101.2418, 18.6395 ], [ 101.2261, 18.6244 ], [ 101.1822, 18.6118 ], [ 101.18, 18.5889 ], [ 101.1867, 18.579 ], [ 101.1831, 18.5606 ], [ 101.1485, 18.5526 ], [ 101.1485, 18.5427 ], [ 101.1383, 18.5283 ], [ 101.1272, 18.5244 ], [ 101.1154, 18.5275 ], [ 101.1039, 18.5217 ], [ 101.0701, 18.5473 ], [ 101.0312, 18.5606 ], [ 101.027, 18.5711 ], [ 101.022, 18.5737 ], [ 101.0125, 18.5707 ], [ 100.9944, 18.5807 ], [ 100.987, 18.5919 ], [ 100.9858, 18.601 ], [ 100.9719, 18.602 ], [ 100.9407, 18.6225 ], [ 100.9269, 18.6242 ], [ 100.9196, 18.6443 ], [ 100.9213, 18.6607 ], [ 100.9145, 18.6774 ], [ 100.9196, 18.6833 ], [ 100.9206, 18.6948 ], [ 100.9329, 18.6972 ], [ 100.9536, 18.7147 ], [ 100.9545, 18.7204 ], [ 100.9485, 18.7273 ], [ 100.9576, 18.7403 ], [ 100.9556, 18.749 ], [ 100.9623, 18.7577 ], [ 100.9684, 18.7873 ], [ 100.9745, 18.789 ], [ 100.9855, 18.8149 ], [ 100.9823, 18.8314 ], [ 100.9848, 18.846 ], [ 100.9959, 18.8479 ], [ 100.9988, 18.8579 ], [ 101.0095, 18.8589 ], [ 101.031, 18.8782 ], [ 101.049, 18.8698 ], [ 101.0635, 18.8687 ], [ 101.0934, 18.8533 ], [ 101.1088, 18.8518 ], [ 101.1175, 18.8576 ], [ 101.1287, 18.8753 ], [ 101.1734, 18.9012 ], [ 101.1907, 18.8887 ], [ 101.2098, 18.8959 ], [ 101.2172, 18.8946 ], [ 101.2223, 18.9004 ], [ 101.2361, 18.8945 ], [ 101.2489, 18.896 ], [ 101.2456, 18.8865 ], [ 101.2548, 18.8653 ], [ 101.2543, 18.8484 ], [ 101.2432, 18.8329 ], [ 101.2482, 18.8174 ], [ 101.2584, 18.8092 ], [ 101.2491, 18.7917 ], [ 101.2517, 18.7837 ], [ 101.2491, 18.7761 ], [ 101.2524, 18.7717 ], [ 101.2436, 18.7703 ] ] ] } },
{ "type": "Feature", "properties": { "id": "AMP_0050", "name": "เวียงเก่า" }, "geometry": { "type": "Polygon", "coordinates": [ [ [ 102.3467, 16.663 ], [ 102.3238, 16.6436 ], [ 102.2749, 16.6146 ], [ 102.2213, 16.5995 ], [ 102.2114, 16.602 ], [ 102.2001, 16.5886 ], [ 102.1821, 16.5925 ], [ 102.1749, 16.6033 ], [ 102.1601, 16.6053 ], [ 102.1584, 16.609 ], [ 102.1597, 16.6246 ], [ 102.1643, 16.6384 ], [ 102.1943, 16.6525 ], [ 102.2022, 16.6608 ], [ 102.1997, 16.6676 ], [ 102.2044, 16.6874 ], [ 102.2139, 16.7099 ], [ 102.2349, 16.749 ], [ 102.237, 16.7711 ], [ 102.225, 16.8071 ], [ 102.2313, 16.851 ], [ 102.2285, 16.8543 ], [ 102.2405, 16.8565 ], [ 102.2667, 16.8353 ], [ 102.2735, 16.8202 ], [ 102.2761, 16.793 ], [ 102.292, 16.7771 ], [ 102.3406, 16.758 ], [ 102.3518, 16.7487 ], [ 102.3597, 16.7335 ], [ 102.3634, 16.7173 ], [ 102.3611, 16.6995 ], [ 102.3522, 16.6807 ], [ 102.3467, 16.663 ] ] ] } },
{ "type": "Feature", "properties": { "id": "AMP_0051", "name": "เมืองกำแพงเพชร" }, "geometry": { "type": "Polygon", "coordinates": [ [ [ 99.6173, 16.2961 ], [ 99.5817, 16.2993 ], [ 99.5533, 16.2929 ], [ 99.5299, 16.3033 ], [ 99.5285, 16.2862 ], [ 99.525, 16.2817 ], [ 99.5209, 16.288 ], [ 99.5152, 16.2854 ], [ 99.5001, 16.2585 ], [ 99.4874, 16.2412 ], [ 99.4905, 16.2237 ], [ 99.4795, 16.2149 ], [ 99.4835, 16.2057 ], [ 99.48, 16.1871 ], [ 99.4891, 16.1647 ], [ 99.4645, 16.1651 ], [ 99.4524, 16.1525 ], [ 99.4437, 16.153 ], [ 99.4395, 16.1457 ], [ 99.4342, 16.1509 ], [ 99.4296, 16.1382 ], [ 99.419, 16.1323 ], [ 99.4125, 16.1511 ], [ 99.4272, 16.173 ], [ 99.4269, 16.187 ], [ 99.4175, 16.1949 ], [ 99.4138, 16.2113 ], [ 99.3734, 16.253 ], [ 99.37, 16.247 ], [ 99.3589, 16.2494 ], [ 99.3579, 16.2606 ], [ 99.3475, 16.2669 ], [ 99.3542, 16.284 ], [ 99.3654, 16.2922 ], [ 99.3808, 16.287 ], [ 99.386, 16.2898 ], [ 99.4185, 16.3477 ], [ 99.4001, 16.3447 ], [ 99.395, 16.3518 ], [ 99.3889, 16.3495 ], [ 99.3855, 16.3548 ], [ 99.3726, 16.3506 ], [ 99.3675, 16.353 ], [ 99.3684, 16.3654 ], [ 99.3579, 16.3885 ], [ 99.3483, 16.3801 ], [ 99.3046, 16.3984 ], [ 99.3032, 16.4139 ], [ 99.3075, 16.424 ], [ 99.2971, 16.4262 ], [ 99.292, 16.4414 ], [ 99.2797, 16.4552 ], [ 99.2624, 16.4586 ], [ 99.2432, 16.486 ], [ 99.2362, 16.484 ], [ 99.2284, 16.4954 ], [ 99.2323, 16.5014 ], [ 99.2294, 16.5069 ], [ 99.2415, 16.4892 ], [ 99.245, 16.5011 ], [ 99.248, 16.4968 ], [ 99.277, 16.5056 ], [ 99.2861, 16.4987 ], [ 99.2965, 16.5047 ], [ 99.2963, 16.5141 ], [ 99.3067, 16.5253 ], [ 99.3177, 16.5228 ], [ 99.3274, 16.5327 ], [ 99.3341, 16.5338 ], [ 99.3503, 16.5228 ], [ 99.3679, 16.5242 ], [ 99.379, 16.5201 ], [ 99.3935, 16.5399 ], [ 99.4056, 16.5371 ], [ 99.4159, 16.5439 ], [ 99.4421, 16.5544 ], [ 99.4797, 16.5551 ], [ 99.452, 16.5888 ], [ 99.4351, 16.6223 ], [ 99.4139, 16.6372 ], [ 99.366, 16.6344 ], [ 99.3817, 16.657 ], [ 99.3785, 16.657 ], [ 99.374, 16.6722 ], [ 99.3845, 16.6806 ], [ 99.381, 16.6914 ], [ 99.3902, 16.6916 ], [ 99.4011, 16.6852 ], [ 99.4138, 16.6742 ], [ 99.4094, 16.6645 ], [ 99.4149, 16.6562 ], [ 99.4491, 16.6538 ], [ 99.4578, 16.6486 ], [ 99.4807, 16.6491 ], [ 99.5176, 16.6337 ], [ 99.5415, 16.5909 ], [ 99.5578, 16.5913 ], [ 99.6107, 16.5565 ], [ 99.6325, 16.5501 ], [ 99.6409, 16.5402 ], [ 99.6751, 16.5562 ], [ 99.6889, 16.5507 ], [ 99.6853, 16.523 ], [ 99.7062, 16.5199 ], [ 99.7471, 16.5309 ], [ 99.7331, 16.4466 ], [ 99.7037, 16.45 ], [ 99.7052, 16.4272 ], [ 99.7186, 16.4087 ], [ 99.7181, 16.3869 ], [ 99.7579, 16.3681 ], [ 99.7712, 16.3471 ], [ 99.7385, 16.3454 ], [ 99.7064, 16.3254 ], [ 99.6173, 16.2961 ] ] ] } },
{ "type": "Feature", "properties": { "id": "AMP_0052", "name": "ไทรงาม" }, "geometry": { "type": "Polygon", "coordinates": [ [ [ 99.994, 16.3874 ], [ 99.9834, 16.3751 ], [ 99.9954, 16.3556 ], [ 99.99, 16.3436 ], [ 99.9832, 16.3392 ], [ 99.9678, 16.3418 ], [ 99.953, 16.3574 ], [ 99.9272, 16.3685 ], [ 99.8948, 16.368 ], [ 99.8769, 16.3701 ], [ 99.8398, 16.3544 ], [ 99.8316, 16.3551 ], [ 99.8125, 16.3509 ], [ 99.7983, 16.3541 ], [ 99.7712, 16.3471 ], [ 99.7579, 16.3681 ], [ 99.7181, 16.3869 ], [ 99.7186, 16.4087 ], [ 99.7052, 16.4272 ], [ 99.7037, 16.45 ], [ 99.7331, 16.4466 ], [ 99.7471, 16.5309 ], [ 99.7572, 16.5267 ], [ 99.7698, 16.5316 ], [ 99.7666, 16.5442 ], [ 99.8323, 16.5343 ], [ 99.8371, 16.5252 ], [ 99.8559, 16.5333 ], [ 99.8644, 16.5287 ], [ 99.871, 16.5338 ], [ 99.8774, 16.5293 ], [ 99.8847, 16.5384 ], [ 99.9133, 16.5351 ], [ 99.9194, 16.518 ], [ 99.9354, 16.516 ], [ 99.9542, 16.5219 ], [ 99.9573, 16.5137 ], [ 99.9688, 16.5055 ], [ 99.9714, 16.4981 ], [ 100.0347, 16.5022 ], [ 100.0034, 16.4582 ], [ 100.0, 16.45 ], [ 100.003, 16.4379 ], [ 99.9971, 16.4195 ], [ 99.994, 16.3874 ] ] ] } },
{ "type": "Feature", "properties": { "id": "AMP_0053", "name": "ปางศิลาทอง" }, "geometry": { "type": "Polygon", "coordinates": [ [ [ 99.2161, 16.0595 ], [ 99.2197, 16.06 ], [ 99.2287, 16.0426 ], [ 99.2445, 16.0411 ], [ 99.2462, 16.033 ], [ 99.2519, 16.0303 ], [ 99.2573, 16.0369 ], [ 99.2692, 16.0358 ], [ 99.2755, 16.0436 ], [ 99.2797, 16.0411 ], [ 99.2992, 16.0458 ], [ 99.3043, 16.0552 ], [ 99.3131, 16.052 ], [ 99.3115, 16.0583 ], [ 99.32, 16.0689 ], [ 99.3364, 16.0598 ], [ 99.3456, 16.0626 ], [ 99.3505, 16.0561 ], [ 99.371, 16.058 ], [ 99.3709, 16.0626 ], [ 99.3866, 16.069 ], [ 99.389, 16.0741 ], [ 99.3962, 16.0646 ], [ 99.4, 16.0753 ], [ 99.4057, 16.0734 ], [ 99.4141, 16.0843 ], [ 99.4226, 16.0856 ], [ 99.424, 16.0894 ], [ 99.427, 16.0864 ], [ 99.4385, 16.0992 ], [ 99.4554, 16.1059 ], [ 99.4548, 16.1111 ], [ 99.419, 16.1323 ], [ 99.4296, 16.1382 ], [ 99.4342, 16.1509 ], [ 99.4395, 16.1457 ], [ 99.4437, 16.153 ], [ 99.4524, 16.1525 ], [ 99.4645, 16.1651 ], [ 99.4891, 16.1647 ], [ 99.4938, 16.1559 ], [ 99.5142, 16.15 ], [ 99.5396, 16.1554 ], [ 99.5476, 16.1499 ], [ 99.5557, 16.1502 ], [ 99.5651, 16.1576 ], [ 99.571, 16.1541 ], [ 99.5786, 16.1564 ], [ 99.5831, 16.162 ], [ 99.6471, 16.1605 ], [ 99.6658, 16.154 ], [ 99.6518, 16.1402 ], [ 99.6513, 16.1278 ], [ 99.6408, 16.12 ], [ 99.593, 16.1193 ], [ 99.5895, 16.1161 ], [ 99.5794, 16.1236 ], [ 99.5596, 16.1029 ], [ 99.5523, 16.1008 ], [ 99.5503, 16.0904 ], [ 99.5363, 16.0833 ], [ 99.5355, 16.0746 ], [ 99.5279, 16.0709 ], [ 99.5227, 16.0569 ], [ 99.5081, 16.0534 ], [ 99.5059, 16.0454 ], [ 99.4438, 16.0365 ], [ 99.4254, 16.0176 ], [ 99.4155, 16.016 ], [ 99.4333, 15.9782 ], [ 99.4188, 15.9697 ], [ 99.4012, 15.9732 ], [ 99.3888, 15.9655 ], [ 99.3832, 15.9713 ], [ 99.3745, 15.9669 ], [ 99.3698, 15.9702 ], [ 99.3619, 15.9664 ], [ 99.354, 15.9691 ], [ 99.3403, 15.9643 ], [ 99.3343, 15.9516 ], [ 99.3507, 15.9238 ], [ 99.3301, 15.9115 ], [ 99.3274, 15.9208 ], [ 99.3194, 15.9275 ], [ 99.3194, 15.9175 ], [ 99.3102, 15.9174 ], [ 99.3091, 15.9041 ], [ 99.2972, 15.909 ], [ 99.2943, 15.903 ], [ 99.2896, 15.9048 ], [ 99.2899, 15.8919 ], [ 99.2738, 15.9042 ], [ 99.2706, 15.9123 ], [ 99.2667, 15.9074 ], [ 99.2339, 15.9286 ], [ 99.2224, 15.9448 ], [ 99.2184, 15.9369 ], [ 99.2133, 15.9395 ], [ 99.2168, 15.9441 ], [ 99.2082, 15.9487 ], [ 99.2045, 15.9363 ], [ 99.1943, 15.9451 ], [ 99.195, 15.9386 ], [ 99.1864, 15.9286 ], [ 99.1722, 15.9372 ], [ 99.1734, 15.9284 ], [ 99.1534, 15.9201 ], [ 99.1482, 15.9094 ], [ 99.1381, 15.9058 ], [ 99.1287, 15.9127 ], [ 99.0952, 15.8833 ], [ 99.0867, 15.8868 ], [ 99.0858, 15.9123 ], [ 99.0969, 15.9309 ], [ 99.0863, 15.948 ], [ 99.075, 15.9523 ], [ 99.0751, 15.962 ], [ 99.0888, 15.9799 ], [ 99.0814, 16.0072 ], [ 99.0835, 16.0263 ], [ 99.0881, 16.0434 ], [ 99.1055, 16.0496 ], [ 99.1148, 16.0614 ], [ 99.1163, 16.0754 ], [ 99.1082, 16.0853 ], [ 99.1253, 16.0951 ], [ 99.1304, 16.0891 ], [ 99.1374, 16.0945 ], [ 99.1451, 16.0879 ], [ 99.1464, 16.0961 ], [ 99.1637, 16.1089 ], [ 99.1718, 16.1066 ], [ 99.2161, 16.0595 ] ] ] } },
{ "type": "Feature", "properties": { "id": "AMP_0054", "name": "ลานกระบือ" }, "geometry": { "type": "Polygon", "coordinates": [ [ [ 100.0106, 16.5219 ], [ 100.025, 16.5201 ], [ 100.0347, 16.5022 ], [ 99.9714, 16.4981 ], [ 99.9688, 16.5055 ], [ 99.9573, 16.5137 ], [ 99.9542, 16.5219 ], [ 99.9354, 16.516 ], [ 99.9194, 16.518 ], [ 99.9133, 16.5351 ], [ 99.8847, 16.5384 ], [ 99.8774, 16.5293 ], [ 99.871, 16.5338 ], [ 99.8644, 16.5287 ], [ 99.8559, 16.5333 ], [ 99.8371, 16.5252 ], [ 99.8323, 16.5343 ], [ 99.7666, 16.5442 ], [ 99.7698, 16.5316 ], [ 99.7572, 16.5267 ], [ 99.7471, 16.5309 ], [ 99.7532, 16.5486 ], [ 99.7539, 16.5733 ], [ 99.7215, 16.5852 ], [ 99.7257, 16.593 ], [ 99.7456, 16.6064 ], [ 99.7411, 16.6209 ], [ 99.733, 16.6293 ], [ 99.7405, 16.6484 ], [ 99.7592, 16.6725 ], [ 99.756, 16.6832 ], [ 99.7928, 16.6865 ], [ 99.8044, 16.6985 ], [ 99.8097, 16.6989 ], [ 99.8044, 16.7121 ], [ 99.8149, 16.7203 ], [ 99.8281, 16.7241 ], [ 99.8329, 16.7145 ], [ 99.8445, 16.7149 ], [ 99.8534, 16.7356 ], [ 99.8568, 16.7293 ], [ 99.8604, 16.7318 ], [ 99.8712, 16.7219 ], [ 99.8728, 16.7143 ], [ 99.8872, 16.7142 ], [ 99.8952, 16.7063 ], [ 99.886, 16.6939 ], [ 99.8917, 16.6867 ], [ 99.8883, 16.6744 ], [ 99.8953, 16.6676 ], [ 99.8942, 16.6618 ], [ 99.8979, 16.6333 ], [ 99.9097, 16.6219 ], [ 99.9164, 16.6007 ], [ 99.9255, 16.5815 ], [ 99.9336, 16.5766 ], [ 99.98, 16.5805 ], [ 99.9937, 16.5775 ], [ 100.0039, 16.5793 ], [ 100.007, 16.5865 ], [ 100.0154, 16.5814 ], [ 100.0126, 16.5751 ], [ 100.0114, 16.5543 ], [ 100.0123, 16.5396 ], [ 100.0106, 16.5219 ] ] ] } },
{ "type": "Feature", "properties": { "id": "AMP_0055", "name": "ทรายทองวัฒนา" }, "geometry": { "type": "Polygon", "coordinates": [ [ [ 99.9258, 16.2556 ], [ 99.9169, 16.2537 ], [ 99.8958, 16.2366 ], [ 99.8786, 16.2589 ], [ 99.862, 16.2583 ], [ 99.858, 16.2662 ], [ 99.8442, 16.2642 ], [ 99.8401, 16.2673 ], [ 99.8322, 16.2674 ], [ 99.8255, 16.2777 ], [ 99.8122, 16.2802 ], [ 99.8043, 16.2878 ], [ 99.7904, 16.2766 ], [ 99.7789, 16.2746 ], [ 99.7586, 16.2883 ], [ 99.7632, 16.2948 ], [ 99.7615, 16.3042 ], [ 99.7756, 16.3108 ], [ 99.7825, 16.3265 ], [ 99.7712, 16.3471 ], [ 99.7983, 16.3541 ], [ 99.8125, 16.3509 ], [ 99.8316, 16.3551 ], [ 99.8398, 16.3544 ], [ 99.8769, 16.3701 ], [ 99.8948, 16.368 ], [ 99.9272, 16.3685 ], [ 99.953, 16.3574 ], [ 99.9678, 16.3418 ], [ 99.9832, 16.3392 ], [ 99.99, 16.3436 ], [ 99.9376, 16.2889 ], [ 99.9258, 16.2556 ] ] ] } },
{ "type": "Feature", "properties": { "id": "AMP_0056", "name": "คลองขลุง" }, "geometry": { "type": "Polygon", "coordinates": [ [ [ 99.8322, 16.2674 ], [ 99.8401, 16.2673 ], [ 99.8442, 16.2642 ], [ 99.858, 16.2662 ], [ 99.862, 16.2583 ], [ 99.8786, 16.2589 ], [ 99.8958, 16.2366 ], [ 99.8857, 16.2248 ], [ 99.8765, 16.1983 ], [ 99.8777, 16.1639 ], [ 99.8395, 16.1501 ], [ 99.8307, 16.1363 ], [ 99.8157, 16.1348 ], [ 99.8052, 16.1401 ], [ 99.7956, 16.1291 ], [ 99.7884, 16.1287 ], [ 99.7863, 16.1342 ], [ 99.7829, 16.1377 ], [ 99.7547, 16.132 ], [ 99.7351, 16.1305 ], [ 99.7192, 16.1343 ], [ 99.703, 16.1257 ], [ 99.6969, 16.1333 ], [ 99.686, 16.1346 ], [ 99.6754, 16.1227 ], [ 99.6692, 16.1212 ], [ 99.6513, 16.1278 ], [ 99.6518, 16.1402 ], [ 99.6658, 16.154 ], [ 99.6471, 16.1605 ], [ 99.5831, 16.162 ], [ 99.5786, 16.1564 ], [ 99.571, 16.1541 ], [ 99.5651, 16.1576 ], [ 99.5557, 16.1502 ], [ 99.5476, 16.1499 ], [ 99.5396, 16.1554 ], [ 99.5142, 16.15 ], [ 99.4938, 16.1559 ], [ 99.48, 16.1871 ], [ 99.4835, 16.2057 ], [ 99.4795, 16.2149 ], [ 99.4905, 16.2237 ], [ 99.4874, 16.2412 ], [ 99.5001, 16.2585 ], [ 99.5152, 16.2854 ], [ 99.5209, 16.288 ], [ 99.525, 16.2817 ], [ 99.5285, 16.2862 ], [ 99.5299, 16.3033 ], [ 99.5533, 16.2929 ], [ 99.5817, 16.2993 ], [ 99.6173, 16.2961 ], [ 99.7064, 16.3254 ], [ 99.7385, 16.3454 ], [ 99.7712, 16.3471 ], [ 99.7825, 16.3265 ], [ 99.7756, 16.3108 ], [ 99.7615, 16.3042 ], [ 99.7632, 16.2948 ], [ 99.7586, 16.2883 ], [ 99.7789, 16.2746 ], [ 99.7904, 16.2766 ], [ 99.8043, 16.2878 ], [ 99.8122, 16.2802 ], [ 99.8255, 16.2777 ], [ 99.8322, 16.2674 ] ] ] } },
{ "type": "Feature", "properties": { "id": "AMP_0057", "name": "พรานกระต่าย" }, "geometry": { "type": "Polygon", "coordinates": [ [ [ 99.7257, 16.593 ], [ 99.7215, 16.5852 ], [ 99.7539, 16.5733 ], [ 99.7532, 16.5486 ], [ 99.7471, 16.5309 ], [ 99.7062, 16.5199 ], [ 99.6853, 16.523 ], [ 99.6889, 16.5507 ], [ 99.6751, 16.5562 ], [ 99.6409, 16.5402 ], [ 99.6325, 16.5501 ], [ 99.6107, 16.5565 ], [ 99.5578, 16.5913 ], [ 99.5415, 16.5909 ], [ 99.5176, 16.6337 ], [ 99.4807, 16.6491 ], [ 99.4578, 16.6486 ], [ 99.4491, 16.6538 ], [ 99.4149, 16.6562 ], [ 99.4094, 16.6645 ], [ 99.4138, 16.6742 ], [ 99.4011, 16.6852 ], [ 99.3902, 16.6916 ], [ 99.381, 16.6914 ], [ 99.3636, 16.7333 ], [ 99.342, 16.7426 ], [ 99.3327, 16.7706 ], [ 99.306, 16.7692 ], [ 99.294, 16.7763 ], [ 99.2915, 16.7836 ], [ 99.2994, 16.7921 ], [ 99.317, 16.7968 ], [ 99.3248, 16.815 ], [ 99.345, 16.8137 ], [ 99.368, 16.8053 ], [ 99.3765, 16.8123 ], [ 99.3866, 16.8112 ], [ 99.3821, 16.8225 ], [ 99.387, 16.8271 ], [ 99.3823, 16.8356 ], [ 99.4143, 16.8472 ], [ 99.4167, 16.8655 ], [ 99.4299, 16.8649 ], [ 99.4378, 16.8713 ], [ 99.4581, 16.8639 ], [ 99.4687, 16.8667 ], [ 99.4625, 16.8817 ], [ 99.4701, 16.901 ], [ 99.4888, 16.9135 ], [ 99.4922, 16.9067 ], [ 99.5152, 16.8903 ], [ 99.5131, 16.8697 ], [ 99.5314, 16.825 ], [ 99.5432, 16.8437 ], [ 99.5428, 16.8593 ], [ 99.5484, 16.8629 ], [ 99.5683, 16.8531 ], [ 99.5609, 16.8602 ], [ 99.5713, 16.8593 ], [ 99.5767, 16.8281 ], [ 99.5818, 16.8202 ], [ 99.5787, 16.812 ], [ 99.5818, 16.8033 ], [ 99.601, 16.7911 ], [ 99.6229, 16.7575 ], [ 99.643, 16.7431 ], [ 99.6531, 16.7467 ], [ 99.6762, 16.728 ], [ 99.6936, 16.7313 ], [ 99.6949, 16.7186 ], [ 99.7038, 16.7174 ], [ 99.7054, 16.7228 ], [ 99.7165, 16.7213 ], [ 99.7459, 16.7434 ], [ 99.7417, 16.7289 ], [ 99.7647, 16.7169 ], [ 99.7611, 16.6989 ], [ 99.7644, 16.6842 ], [ 99.756, 16.6832 ], [ 99.7592, 16.6725 ], [ 99.7405, 16.6484 ], [ 99.733, 16.6293 ], [ 99.7411, 16.6209 ], [ 99.7456, 16.6064 ], [ 99.7257, 16.593 ] ] ] } },
{ "type": "Feature", "properties": { "id": "AMP_0058", "name": "คลองลาน" }, "geometry": { "type": "Polygon", "coordinates": [ [ [ 99.4125, 16.1511 ], [ 99.419, 16.1323 ], [ 99.4548, 16.1111 ], [ 99.4554, 16.1059 ], [ 99.4385, 16.0992 ], [ 99.427, 16.0864 ], [ 99.424, 16.0894 ], [ 99.4226, 16.0856 ], [ 99.4141, 16.0843 ], [ 99.4057, 16.0734 ], [ 99.4, 16.0753 ], [ 99.3962, 16.0646 ], [ 99.389, 16.0741 ], [ 99.3866, 16.069 ], [ 99.3709, 16.0626 ], [ 99.371, 16.058 ], [ 99.3505, 16.0561 ], [ 99.3456, 16.0626 ], [ 99.3364, 16.0598 ], [ 99.32, 16.0689 ], [ 99.3115, 16.0583 ], [ 99.3131, 16.052 ], [ 99.3043, 16.0552 ], [ 99.2992, 16.0458 ], [ 99.2797, 16.0411 ], [ 99.2755, 16.0436 ], [ 99.2692, 16.0358 ], [ 99.2573, 16.0369 ], [ 99.2519, 16.0303 ], [ 99.2462, 16.033 ], [ 99.2445, 16.0411 ], [ 99.2287, 16.0426 ], [ 99.2197, 16.06 ], [ 99.2161, 16.0595 ], [ 99.1718, 16.1066 ], [ 99.1637, 16.1089 ], [ 99.1464, 16.0961 ], [ 99.1451, 16.0879 ], [ 99.1374, 16.0945 ], [ 99.1304, 16.0891 ], [ 99.1253, 16.0951 ], [ 99.1082, 16.0853 ], [ 99.1086, 16.0992 ], [ 99.0938, 16.103 ], [ 99.0784, 16.1265 ], [ 99.0506, 16.1373 ], [ 99.0506, 16.1604 ], [ 99.0677, 16.1653 ], [ 99.0737, 16.1964 ], [ 99.0808, 16.2018 ], [ 99.0805, 16.2159 ], [ 99.0489, 16.2594 ], [ 99.0422, 16.2922 ], [ 99.0535, 16.3092 ], [ 99.0521, 16.3303 ], [ 99.0423, 16.3385 ], [ 99.045, 16.3535 ], [ 99.0412, 16.3758 ], [ 99.0361, 16.3838 ], [ 99.0268, 16.3828 ], [ 99.0161, 16.3876 ], [ 99.02, 16.4176 ], [ 99.0298, 16.4215 ], [ 99.0403, 16.4173 ], [ 99.045, 16.4198 ], [ 99.073, 16.3948 ], [ 99.1019, 16.3892 ], [ 99.1132, 16.4056 ], [ 99.121, 16.4085 ], [ 99.1265, 16.4205 ], [ 99.1266, 16.4269 ], [ 99.1155, 16.431 ], [ 99.1147, 16.4436 ], [ 99.1379, 16.445 ], [ 99.1547, 16.4537 ], [ 99.1642, 16.4431 ], [ 99.1689, 16.4497 ], [ 99.1779, 16.4425 ], [ 99.1796, 16.4482 ], [ 99.2007, 16.462 ], [ 99.2061, 16.4738 ], [ 99.2119, 16.4686 ], [ 99.2185, 16.4792 ], [ 99.2432, 16.486 ], [ 99.2624, 16.4586 ], [ 99.2797, 16.4552 ], [ 99.292, 16.4414 ], [ 99.2971, 16.4262 ], [ 99.3075, 16.424 ], [ 99.3032, 16.4139 ], [ 99.3046, 16.3984 ], [ 99.3483, 16.3801 ], [ 99.3579, 16.3885 ], [ 99.3684, 16.3654 ], [ 99.3675, 16.353 ], [ 99.3726, 16.3506 ], [ 99.3855, 16.3548 ], [ 99.3889, 16.3495 ], [ 99.395, 16.3518 ], [ 99.4001, 16.3447 ], [ 99.4185, 16.3477 ], [ 99.386, 16.2898 ], [ 99.3808, 16.287 ], [ 99.3654, 16.2922 ], [ 99.3542, 16.284 ], [ 99.3475, 16.2669 ], [ 99.3579, 16.2606 ], [ 99.3589, 16.2494 ], [ 99.37, 16.247 ], [ 99.3734, 16.253 ], [ 99.4138, 16.2113 ], [ 99.4175, 16.1949 ], [ 99.4269, 16.187 ], [ 99.4272, 16.173 ], [ 99.4125, 16.1511 ] ] ] } },
{ "type": "Feature", "properties": { "id": "AMP_0059", "name": "ขาณุวรลักษบุรี" }, "geometry": { "type": "Polygon", "coordinates": [ [ [ 99.8047, 15.9204 ], [ 99.787, 15.9267 ], [ 99.7696, 15.9192 ], [ 99.7722, 15.8992 ], [ 99.7511, 15.8801 ], [ 99.7398, 15.8582 ], [ 99.7277, 15.872 ], [ 99.7158, 15.8736 ], [ 99.7092, 15.8797 ], [ 99.688, 15.8729 ], [ 99.6824, 15.8672 ], [ 99.647, 15.9078 ], [ 99.628, 15.9151 ], [ 99.594, 15.9113 ], [ 99.5811, 15.9033 ], [ 99.5564, 15.906 ], [ 99.5536, 15.9161 ], [ 99.5404, 15.9263 ], [ 99.5284, 15.9209 ], [ 99.5246, 15.9252 ], [ 99.5122, 15.9234 ], [ 99.5018, 15.9286 ], [ 99.4777, 15.9212 ], [ 99.4812, 15.9108 ], [ 99.4764, 15.9026 ], [ 99.451, 15.9049 ], [ 99.4463, 15.9025 ], [ 99.4365, 15.9105 ], [ 99.4315, 15.909 ], [ 99.425, 15.9213 ], [ 99.4132, 15.9105 ], [ 99.4089, 15.9141 ], [ 99.4047, 15.911 ], [ 99.3857, 15.9169 ], [ 99.3735, 15.9157 ], [ 99.357, 15.9264 ], [ 99.3507, 15.9238 ], [ 99.3343, 15.9516 ], [ 99.3403, 15.9643 ], [ 99.354, 15.9691 ], [ 99.3619, 15.9664 ], [ 99.3698, 15.9702 ], [ 99.3745, 15.9669 ], [ 99.3832, 15.9713 ], [ 99.3888, 15.9655 ], [ 99.4012, 15.9732 ], [ 99.4188, 15.9697 ], [ 99.4333, 15.9782 ], [ 99.4155, 16.016 ], [ 99.4254, 16.0176 ], [ 99.4438, 16.0365 ], [ 99.5059, 16.0454 ], [ 99.5081, 16.0534 ], [ 99.5227, 16.0569 ], [ 99.5279, 16.0709 ], [ 99.5355, 16.0746 ], [ 99.5363, 16.0833 ], [ 99.5503, 16.0904 ], [ 99.5523, 16.1008 ], [ 99.5596, 16.1029 ], [ 99.5794, 16.1236 ], [ 99.5895, 16.1161 ], [ 99.593, 16.1193 ], [ 99.6408, 16.12 ], [ 99.6513, 16.1278 ], [ 99.6692, 16.1212 ], [ 99.6754, 16.1227 ], [ 99.686, 16.1346 ], [ 99.6969, 16.1333 ], [ 99.703, 16.1257 ], [ 99.7192, 16.1343 ], [ 99.7351, 16.1305 ], [ 99.7547, 16.132 ], [ 99.7829, 16.1377 ], [ 99.7863, 16.1342 ], [ 99.7884, 16.1287 ], [ 99.7956, 16.1291 ], [ 99.8052, 16.1401 ], [ 99.8157, 16.1348 ], [ 99.8307, 16.1363 ], [ 99.8395, 16.1501 ], [ 99.8869, 16.1662 ], [ 99.89, 16.1521 ], [ 99.8823, 16.1372 ], [ 99.8942, 16.1278 ], [ 99.9034, 16.1286 ], [ 99.9138, 16.1362 ], [ 99.9217, 16.1261 ], [ 99.9324, 16.1417 ], [ 99.9477, 16.1426 ], [ 99.9738, 16.1352 ], [ 99.9849, 16.1177 ], [ 99.9386, 16.0687 ], [ 99.9318, 16.0539 ], [ 99.917, 16.0494 ], [ 99.8944, 16.0539 ], [ 99.8717, 16.0429 ], [ 99.8451, 16.0173 ], [ 99.8462, 15.9814 ], [ 99.8278, 15.9626 ], [ 99.8252, 15.9501 ], [ 99.8073, 15.9438 ], [ 99.8047, 15.9204 ] ] ] } },
{ "type": "Feature", "properties": { "id": "AMP_0060", "name": "ภูเพียง" }, "geometry": { "type": "Polygon", "coordinates": [ [ [ 100.9329, 18.6972 ], [ 100.9206, 18.6948 ], [ 100.9196, 18.6833 ], [ 100.9145, 18.6774 ], [ 100.9186, 18.6685 ], [ 100.877, 18.6776 ], [ 100.8573, 18.6713 ], [ 100.8487, 18.6754 ], [ 100.8481, 18.6848 ], [ 100.8377, 18.69 ], [ 100.8293, 18.6808 ], [ 100.8173, 18.681 ], [ 100.7928, 18.675 ], [ 100.7791, 18.6934 ], [ 100.7787, 18.7052 ], [ 100.7596, 18.7061 ], [ 100.754, 18.7204 ], [ 100.7582, 18.7229 ], [ 100.7603, 18.7142 ], [ 100.7655, 18.7189 ], [ 100.756, 18.7397 ], [ 100.7635, 18.7411 ], [ 100.7716, 18.7543 ], [ 100.7678, 18.7646 ], [ 100.7765, 18.7682 ], [ 100.7919, 18.7901 ], [ 100.7937, 18.802 ], [ 100.7858, 18.806 ], [ 100.7867, 18.8304 ], [ 100.7802, 18.8483 ], [ 100.7968, 18.8566 ], [ 100.7932, 18.8688 ], [ 100.7817, 18.8826 ], [ 100.7801, 18.8885 ], [ 100.7852, 18.8913 ], [ 100.7855, 18.9064 ], [ 100.7951, 18.9024 ], [ 100.7934, 18.9072 ], [ 100.8024, 18.9127 ], [ 100.7959, 18.9167 ], [ 100.7989, 18.9291 ], [ 100.8016, 18.9257 ], [ 100.8112, 18.9272 ], [ 100.8195, 18.9226 ], [ 100.8282, 18.9307 ], [ 100.8554, 18.9124 ], [ 100.8701, 18.8997 ], [ 100.8788, 18.8576 ], [ 100.8816, 18.8614 ], [ 100.8974, 18.8631 ], [ 100.9255, 18.8579 ], [ 100.9359, 18.8622 ], [ 100.964, 18.8603 ], [ 100.9848, 18.846 ], [ 100.9823, 18.8314 ], [ 100.9855, 18.8149 ], [ 100.9745, 18.789 ], [ 100.9684, 18.7873 ], [ 100.9623, 18.7577 ], [ 100.9556, 18.749 ], [ 100.9576, 18.7403 ], [ 100.9485, 18.7273 ], [ 100.9545, 18.7204 ], [ 100.9536, 18.7147 ], [ 100.9329, 18.6972 ] ] ] } },
{ "type": "Feature", "properties": { "id": "AMP_0061", "name": "นาหมื่น" }, "geometry": { "type": "Polygon", "coordinates": [ [ [ 100.5402, 18.0419 ], [ 100.5341, 18.0388 ], [ 100.5207, 18.0428 ], [ 100.5031, 18.0539 ], [ 100.4973, 18.0508 ], [ 100.4813, 18.0553 ], [ 100.473, 18.045 ], [ 100.4561, 18.0414 ], [ 100.4411, 18.0233 ], [ 100.4235, 18.0134 ], [ 100.4136, 18.022 ], [ 100.4153, 18.0365 ], [ 100.4031, 18.0652 ], [ 100.4096, 18.0753 ], [ 100.3955, 18.0864 ], [ 100.3979, 18.105 ], [ 100.3915, 18.1177 ], [ 100.397, 18.1351 ], [ 100.4102, 18.1419 ], [ 100.4136, 18.1519 ], [ 100.4183, 18.1559 ], [ 100.4389, 18.1529 ], [ 100.4462, 18.1584 ], [ 100.4523, 18.1736 ], [ 100.4516, 18.1847 ], [ 100.4597, 18.1947 ], [ 100.4537, 18.2147 ], [ 100.4675, 18.2372 ], [ 100.4764, 18.265 ], [ 100.4924, 18.2774 ], [ 100.4995, 18.2765 ], [ 100.5035, 18.2703 ], [ 100.5218, 18.2745 ], [ 100.5255, 18.2528 ], [ 100.5342, 18.2518 ], [ 100.5543, 18.2352 ], [ 100.5804, 18.2396 ], [ 100.6011, 18.2365 ], [ 100.6324, 18.2368 ], [ 100.6374, 18.2455 ], [ 100.6631, 18.2461 ], [ 100.688, 18.217 ], [ 100.6997, 18.2112 ], [ 100.7126, 18.2113 ], [ 100.736, 18.1859 ], [ 100.7555, 18.1783 ], [ 100.7654, 18.1831 ], [ 100.7648, 18.195 ], [ 100.7737, 18.2093 ], [ 100.7695, 18.2253 ], [ 100.7912, 18.2363 ], [ 100.8018, 18.2337 ], [ 100.8145, 18.2207 ], [ 100.8102, 18.203 ], [ 100.8142, 18.1899 ], [ 100.8104, 18.1821 ], [ 100.8155, 18.1788 ], [ 100.8297, 18.1969 ], [ 100.8512, 18.2063 ], [ 100.8593, 18.2205 ], [ 100.8755, 18.2167 ], [ 100.8946, 18.2212 ], [ 100.9159, 18.2113 ], [ 100.9253, 18.2119 ], [ 100.9079, 18.1934 ], [ 100.9064, 18.1754 ], [ 100.9138, 18.1593 ], [ 100.889, 18.1473 ], [ 100.8837, 18.1512 ], [ 100.8757, 18.1423 ], [ 100.8717, 18.1259 ], [ 100.8754, 18.1186 ], [ 100.8566, 18.1029 ], [ 100.8499, 18.0828 ], [ 100.842, 18.0797 ], [ 100.8191, 18.0829 ], [ 100.8104, 18.0774 ], [ 100.8009, 18.0541 ], [ 100.777, 18.0325 ], [ 100.776, 18.0472 ], [ 100.7642, 18.0572 ], [ 100.7631, 18.0634 ], [ 100.7532, 18.0647 ], [ 100.726, 18.0477 ], [ 100.7183, 18.0533 ], [ 100.7171, 18.0677 ], [ 100.7123, 18.0563 ], [ 100.7128, 18.0382 ], [ 100.7058, 18.0265 ], [ 100.6806, 18.0281 ], [ 100.6819, 18.0322 ], [ 100.67, 18.0418 ], [ 100.6574, 18.0389 ], [ 100.6234, 18.0433 ], [ 100.6102, 18.0498 ], [ 100.5916, 18.0409 ], [ 100.577, 18.044 ], [ 100.5729, 18.0355 ], [ 100.5524, 18.0349 ], [ 100.5402, 18.0419 ] ] ] } },
{ "type": "Feature", "properties": { "id": "AMP_0062", "name": "เวียงสา" }, "geometry": { "type": "Polygon", "coordinates": [ [ [ 101.0934, 18.4798 ], [ 101.0825, 18.4758 ], [ 101.0542, 18.4427 ], [ 101.0552, 18.4238 ], [ 101.0345, 18.4011 ], [ 101.026, 18.3981 ], [ 101.0197, 18.3838 ], [ 100.9907, 18.3888 ], [ 100.9863, 18.3789 ], [ 100.9636, 18.3772 ], [ 100.9401, 18.3594 ], [ 100.9184, 18.3589 ], [ 100.9128, 18.3533 ], [ 100.915, 18.3485 ], [ 100.9103, 18.3502 ], [ 100.907, 18.3452 ], [ 100.9058, 18.3504 ], [ 100.8893, 18.3369 ], [ 100.883, 18.3443 ], [ 100.8771, 18.3676 ], [ 100.8615, 18.3726 ], [ 100.8577, 18.3842 ], [ 100.8483, 18.3921 ], [ 100.8496, 18.4173 ], [ 100.8458, 18.4294 ], [ 100.8363, 18.4287 ], [ 100.8354, 18.4244 ], [ 100.8045, 18.4293 ], [ 100.7883, 18.4229 ], [ 100.7641, 18.4268 ], [ 100.7527, 18.422 ], [ 100.7351, 18.4235 ], [ 100.7352, 18.4195 ], [ 100.7157, 18.4222 ], [ 100.7167, 18.4363 ], [ 100.7, 18.4308 ], [ 100.6903, 18.4376 ], [ 100.6772, 18.4394 ], [ 100.668, 18.4372 ], [ 100.6671, 18.4331 ], [ 100.6545, 18.4205 ], [ 100.6406, 18.4188 ], [ 100.6067, 18.4316 ], [ 100.5904, 18.428 ], [ 100.5844, 18.4439 ], [ 100.5772, 18.4473 ], [ 100.5703, 18.4208 ], [ 100.5505, 18.4179 ], [ 100.5497, 18.456 ], [ 100.5433, 18.4697 ], [ 100.5413, 18.4896 ], [ 100.5251, 18.4834 ], [ 100.5205, 18.4758 ], [ 100.5124, 18.4771 ], [ 100.5061, 18.4731 ], [ 100.4934, 18.475 ], [ 100.4818, 18.4828 ], [ 100.4755, 18.4956 ], [ 100.4605, 18.4913 ], [ 100.447, 18.4964 ], [ 100.4439, 18.4902 ], [ 100.4352, 18.5009 ], [ 100.4219, 18.4954 ], [ 100.4155, 18.4823 ], [ 100.3998, 18.4859 ], [ 100.3961, 18.5035 ], [ 100.3869, 18.5117 ], [ 100.396, 18.5271 ], [ 100.3876, 18.5433 ], [ 100.3876, 18.5582 ], [ 100.3706, 18.5659 ], [ 100.378, 18.586 ], [ 100.3752, 18.5914 ], [ 100.3809, 18.6197 ], [ 100.3838, 18.6246 ], [ 100.3968, 18.6281 ], [ 100.3924, 18.6385 ], [ 100.376, 18.6367 ], [ 100.3619, 18.6445 ], [ 100.3524, 18.6803 ], [ 100.3639, 18.7076 ], [ 100.3716, 18.7109 ], [ 100.3816, 18.7258 ], [ 100.3887, 18.7266 ], [ 100.3918, 18.7404 ], [ 100.4054, 18.7388 ], [ 100.4184, 18.7471 ], [ 100.437, 18.741 ], [ 100.4511, 18.7464 ], [ 100.4641, 18.7283 ], [ 100.4782, 18.7286 ], [ 100.4941, 18.736 ], [ 100.5085, 18.794 ], [ 100.5065, 18.8195 ], [ 100.5287, 18.8353 ], [ 100.5395, 18.8288 ], [ 100.5688, 18.8276 ], [ 100.5814, 18.813 ], [ 100.5908, 18.7845 ], [ 100.6079, 18.7774 ], [ 100.6019, 18.7652 ], [ 100.6057, 18.7479 ], [ 100.5979, 18.7453 ], [ 100.5929, 18.7371 ], [ 100.5971, 18.715 ], [ 100.5896, 18.7033 ], [ 100.6101, 18.7102 ], [ 100.621, 18.7011 ], [ 100.6302, 18.7071 ], [ 100.6319, 18.6955 ], [ 100.6391, 18.6906 ], [ 100.6756, 18.6884 ], [ 100.6894, 18.6958 ], [ 100.6917, 18.6869 ], [ 100.7083, 18.702 ], [ 100.7116, 18.6998 ], [ 100.7165, 18.6829 ], [ 100.7296, 18.6753 ], [ 100.7364, 18.6797 ], [ 100.748, 18.674 ], [ 100.7928, 18.675 ], [ 100.8173, 18.681 ], [ 100.8293, 18.6808 ], [ 100.8377, 18.69 ], [ 100.8481, 18.6848 ], [ 100.8487, 18.6754 ], [ 100.8573, 18.6713 ], [ 100.877, 18.6776 ], [ 100.9186, 18.6685 ], [ 100.9213, 18.6607 ], [ 100.9196, 18.6443 ], [ 100.9269, 18.6242 ], [ 100.9407, 18.6225 ], [ 100.9719, 18.602 ], [ 100.9858, 18.601 ], [ 100.987, 18.5919 ], [ 100.9944, 18.5807 ], [ 101.0125, 18.5707 ], [ 101.022, 18.5737 ], [ 101.027, 18.5711 ], [ 101.0312, 18.5606 ], [ 101.0701, 18.5473 ], [ 101.1039, 18.5217 ], [ 101.0984, 18.503 ], [ 101.0915, 18.4993 ], [ 101.0934, 18.4798 ] ] ] } },
{ "type": "Feature", "properties": { "id": "AMP_0063", "name": "น้ำโสม" }, "geometry": { "type": "Polygon", "coordinates": [ [ [ 102.2628, 17.66 ], [ 102.2461, 17.6659 ], [ 102.2174, 17.6606 ], [ 102.1842, 17.6678 ], [ 102.1723, 17.662 ], [ 102.1602, 17.6662 ], [ 102.1452, 17.6617 ], [ 102.1379, 17.6487 ], [ 102.1318, 17.6473 ], [ 102.1292, 17.6362 ], [ 102.121, 17.6331 ], [ 102.1095, 17.6389 ], [ 102.1042, 17.647 ], [ 102.0828, 17.635 ], [ 102.0777, 17.6468 ], [ 102.072, 17.6445 ], [ 102.0593, 17.6571 ], [ 102.0458, 17.6496 ], [ 102.0371, 17.6502 ], [ 102.0311, 17.6596 ], [ 102.0397, 17.6643 ], [ 102.0326, 17.667 ], [ 102.0265, 17.6794 ], [ 102.0266, 17.708 ], [ 102.0171, 17.7478 ], [ 102.0234, 17.755 ], [ 102.0299, 17.786 ], [ 102.0398, 17.7851 ], [ 102.0459, 17.7897 ], [ 102.04, 17.8015 ], [ 102.057, 17.8078 ], [ 102.0676, 17.7949 ], [ 102.1096, 17.792 ], [ 102.1289, 17.7983 ], [ 102.1343, 17.8126 ], [ 102.1464, 17.8184 ], [ 102.1536, 17.8275 ], [ 102.1499, 17.841 ], [ 102.161, 17.8533 ], [ 102.1771, 17.8564 ], [ 102.18, 17.8517 ], [ 102.187, 17.8591 ], [ 102.2073, 17.8579 ], [ 102.22, 17.8591 ], [ 102.2338, 17.8756 ], [ 102.2472, 17.8821 ], [ 102.258, 17.8774 ], [ 102.2665, 17.8681 ], [ 102.2714, 17.8688 ], [ 102.2724, 17.8594 ], [ 102.2901, 17.8358 ], [ 102.3264, 17.811 ], [ 102.3284, 17.8026 ], [ 102.3178, 17.794 ], [ 102.3197, 17.7674 ], [ 102.3182, 17.6788 ], [ 102.2868, 17.6737 ], [ 102.2966, 17.6622 ], [ 102.2754, 17.6676 ], [ 102.2628, 17.66 ] ] ] } },
{ "type": "Feature", "properties": { "id": "AMP_0064", "name": "นายูง" }, "geometry": { "type": "Polygon", "coordinates": [ [ [ 102.2518, 17.9314 ], [ 102.2581, 17.9247 ], [ 102.2521, 17.921 ], [ 102.2515, 17.9097 ], [ 102.258, 17.8774 ], [ 102.2472, 17.8821 ], [ 102.2338, 17.8756 ], [ 102.22, 17.8591 ], [ 102.2073, 17.8579 ], [ 102.187, 17.8591 ], [ 102.18, 17.8517 ], [ 102.1771, 17.8564 ], [ 102.161, 17.8533 ], [ 102.1499, 17.841 ], [ 102.1536, 17.8275 ], [ 102.1464, 17.8184 ], [ 102.1343, 17.8126 ], [ 102.1289, 17.7983 ], [ 102.1096, 17.792 ], [ 102.0676, 17.7949 ], [ 102.057, 17.8078 ], [ 102.04, 17.8015 ], [ 102.0367, 17.8064 ], [ 102.0475, 17.8193 ], [ 102.0517, 17.8487 ], [ 102.0484, 17.8538 ], [ 102.0514, 17.8698 ], [ 102.0383, 17.8847 ], [ 102.041, 17.8941 ], [ 102.0304, 17.9375 ], [ 102.0236, 17.9556 ], [ 102.025, 17.9762 ], [ 102.0178, 17.9828 ], [ 102.026, 17.9912 ], [ 102.0424, 17.9893 ], [ 102.0382, 18.0227 ], [ 102.0555, 18.0398 ], [ 102.0552, 18.0861 ], [ 102.0749, 18.0841 ], [ 102.0836, 18.0774 ], [ 102.0957, 18.0855 ], [ 102.1128, 18.0535 ], [ 102.1045, 18.0287 ], [ 102.1073, 18.0258 ], [ 102.1283, 18.0348 ], [ 102.1434, 18.0351 ], [ 102.1402, 18.0067 ], [ 102.1525, 17.9904 ], [ 102.1606, 17.9897 ], [ 102.1742, 18.0188 ], [ 102.1879, 18.0125 ], [ 102.2053, 18.0225 ], [ 102.2021, 18.0137 ], [ 102.2053, 18.0076 ], [ 102.2234, 18.0076 ], [ 102.2385, 18.0028 ], [ 102.2414, 17.9978 ], [ 102.2723, 17.9818 ], [ 102.2582, 17.9559 ], [ 102.2518, 17.9314 ] ] ] } },
{ "type": "Feature", "properties": { "id": "AMP_0065", "name": "ชุมแพ" }, "geometry": { "type": "Polygon", "coordinates": [ [ [ 102.2932, 16.4582 ], [ 102.3004, 16.457 ], [ 102.2968, 16.4522 ], [ 102.3002, 16.448 ], [ 102.3004, 16.4452 ], [ 102.2933, 16.4461 ], [ 102.2891, 16.454 ], [ 102.2778, 16.4569 ], [ 102.2782, 16.4605 ], [ 102.276, 16.4558 ], [ 102.2689, 16.4558 ], [ 102.2642, 16.4619 ], [ 102.2552, 16.4612 ], [ 102.2563, 16.4667 ], [ 102.2434, 16.4702 ], [ 102.2408, 16.481 ], [ 102.2347, 16.4863 ], [ 102.2278, 16.4843 ], [ 102.2134, 16.5012 ], [ 102.2056, 16.4987 ], [ 102.2059, 16.5033 ], [ 102.1985, 16.5042 ], [ 102.1917, 16.4986 ], [ 102.1831, 16.5064 ], [ 102.1728, 16.4911 ], [ 102.1701, 16.4969 ], [ 102.1633, 16.4975 ], [ 102.165, 16.501 ], [ 102.1573, 16.4982 ], [ 102.1583, 16.5036 ], [ 102.1487, 16.4985 ], [ 102.1412, 16.5031 ], [ 102.1342, 16.4954 ], [ 102.1248, 16.4948 ], [ 102.1056, 16.4974 ], [ 102.0995, 16.4941 ], [ 102.0942, 16.498 ], [ 102.085, 16.492 ], [ 102.079, 16.4964 ], [ 102.0752, 16.4925 ], [ 102.0678, 16.4938 ], [ 102.0729, 16.5028 ], [ 102.0425, 16.5084 ], [ 102.03, 16.5254 ], [ 102.0338, 16.5321 ], [ 102.028, 16.5409 ], [ 102.0324, 16.5417 ], [ 102.0243, 16.5451 ], [ 102.0236, 16.5587 ], [ 102.0222, 16.5559 ], [ 102.0191, 16.5597 ], [ 102.0065, 16.5579 ], [ 101.9984, 16.5652 ], [ 101.9948, 16.5619 ], [ 101.9889, 16.5665 ], [ 101.9875, 16.5777 ], [ 101.9923, 16.5784 ], [ 101.9887, 16.5817 ], [ 101.9924, 16.5847 ], [ 101.984, 16.5831 ], [ 101.9779, 16.5877 ], [ 101.9835, 16.5903 ], [ 101.9796, 16.5924 ], [ 101.9836, 16.5959 ], [ 101.9756, 16.6045 ], [ 101.9777, 16.6102 ], [ 101.9723, 16.6148 ], [ 101.9698, 16.6111 ], [ 101.9673, 16.6187 ], [ 101.9644, 16.6149 ], [ 101.9584, 16.62 ], [ 101.9563, 16.6167 ], [ 101.9543, 16.6225 ], [ 101.9513, 16.6231 ], [ 101.9584, 16.6379 ], [ 101.9534, 16.6588 ], [ 101.9527, 16.6888 ], [ 101.9433, 16.7055 ], [ 101.9439, 16.7132 ], [ 101.9363, 16.7183 ], [ 101.941, 16.729 ], [ 101.9361, 16.7387 ], [ 101.9348, 16.7628 ], [ 101.9439, 16.7848 ], [ 101.9431, 16.8323 ], [ 101.9395, 16.8382 ], [ 101.9488, 16.8411 ], [ 101.9443, 16.8531 ], [ 101.9564, 16.8472 ], [ 101.9622, 16.8525 ], [ 101.9706, 16.842 ], [ 101.9791, 16.8452 ], [ 101.9792, 16.84 ], [ 101.9876, 16.844 ], [ 101.9916, 16.8396 ], [ 101.9989, 16.8445 ], [ 101.9959, 16.8502 ], [ 102.0001, 16.8491 ], [ 102.0059, 16.855 ], [ 101.9991, 16.8599 ], [ 102.0103, 16.8701 ], [ 102.0159, 16.864 ], [ 102.0187, 16.8685 ], [ 102.0273, 16.8613 ], [ 102.0287, 16.8438 ], [ 102.0341, 16.8439 ], [ 102.0317, 16.824 ], [ 102.0225, 16.8143 ], [ 102.0201, 16.8027 ], [ 102.0143, 16.7903 ], [ 102.0171, 16.7447 ], [ 102.0108, 16.7437 ], [ 102.0113, 16.7287 ], [ 102.0059, 16.7173 ], [ 102.018, 16.7063 ], [ 102.0531, 16.6943 ], [ 102.0575, 16.6746 ], [ 102.0658, 16.6619 ], [ 102.0996, 16.6512 ], [ 102.1103, 16.656 ], [ 102.1335, 16.6242 ], [ 102.1597, 16.6246 ], [ 102.1584, 16.609 ], [ 102.1601, 16.6053 ], [ 102.1749, 16.6033 ], [ 102.1821, 16.5925 ], [ 102.2001, 16.5886 ], [ 102.2114, 16.602 ], [ 102.2213, 16.5995 ], [ 102.2749, 16.6146 ], [ 102.287, 16.6005 ], [ 102.3092, 16.5947 ], [ 102.3157, 16.5832 ], [ 102.305, 16.5756 ], [ 102.2877, 16.5736 ], [ 102.2836, 16.5618 ], [ 102.2813, 16.5347 ], [ 102.2915, 16.5171 ], [ 102.2875, 16.486 ], [ 102.2928, 16.4729 ], [ 102.3021, 16.464 ], [ 102.2932, 16.4582 ] ] ] } },
{ "type": "Feature", "properties": { "id": "AMP_0066", "name": "สีชมพู" }, "geometry": { "type": "Polygon", "coordinates": [ [ [ 102.2044, 16.6874 ], [ 102.1997, 16.6676 ], [ 102.2022, 16.6608 ], [ 102.1943, 16.6525 ], [ 102.1643, 16.6384 ], [ 102.1597, 16.6246 ], [ 102.1335, 16.6242 ], [ 102.1103, 16.656 ], [ 102.0996, 16.6512 ], [ 102.0658, 16.6619 ], [ 102.0575, 16.6746 ], [ 102.0531, 16.6943 ], [ 102.018, 16.7063 ], [ 102.0059, 16.7173 ], [ 102.0113, 16.7287 ], [ 102.0108, 16.7437 ], [ 102.0171, 16.7447 ], [ 102.0143, 16.7903 ], [ 102.0201, 16.8027 ], [ 102.0225, 16.8143 ], [ 102.0317, 16.824 ], [ 102.0341, 16.8439 ], [ 102.0287, 16.8438 ], [ 102.0273, 16.8613 ], [ 102.0312, 16.8633 ], [ 102.04, 16.8582 ], [ 102.0448, 16.8615 ], [ 102.0447, 16.8678 ], [ 102.056, 16.8675 ], [ 102.0595, 16.8709 ], [ 102.0549, 16.8758 ], [ 102.0627, 16.8809 ], [ 102.0626, 16.8868 ], [ 102.0694, 16.8891 ], [ 102.0702, 16.885 ], [ 102.0812, 16.8894 ], [ 102.0993, 16.882 ], [ 102.0968, 16.8908 ], [ 102.1047, 16.8973 ], [ 102.1239, 16.881 ], [ 102.1378, 16.8791 ], [ 102.1442, 16.8765 ], [ 102.1442, 16.8807 ], [ 102.1558, 16.8812 ], [ 102.1584, 16.8717 ], [ 102.1675, 16.8704 ], [ 102.1713, 16.8652 ], [ 102.1803, 16.8718 ], [ 102.1877, 16.858 ], [ 102.2036, 16.8625 ], [ 102.2285, 16.8543 ], [ 102.2313, 16.851 ], [ 102.225, 16.8071 ], [ 102.237, 16.7711 ], [ 102.2349, 16.749 ], [ 102.2139, 16.7099 ], [ 102.2044, 16.6874 ] ] ] } },
{ "type": "Feature", "properties": { "id": "AMP_0067", "name": "สุวรรณคูหา" }, "geometry": { "type": "Polygon", "coordinates": [ [ [ 102.3687, 17.4997 ], [ 102.3993, 17.4146 ], [ 102.376, 17.4155 ], [ 102.3668, 17.4242 ], [ 102.353, 17.426 ], [ 102.3465, 17.4321 ], [ 102.3369, 17.4288 ], [ 102.3292, 17.434 ], [ 102.3164, 17.4315 ], [ 102.3163, 17.4198 ], [ 102.3097, 17.4096 ], [ 102.2949, 17.4134 ], [ 102.284, 17.4271 ], [ 102.2761, 17.4176 ], [ 102.2563, 17.4265 ], [ 102.2557, 17.4406 ], [ 102.2393, 17.4586 ], [ 102.2204, 17.4654 ], [ 102.209, 17.4627 ], [ 102.207, 17.4716 ], [ 102.1987, 17.4741 ], [ 102.178, 17.492 ], [ 102.1612, 17.4928 ], [ 102.1583, 17.4858 ], [ 102.1501, 17.4868 ], [ 102.1333, 17.4978 ], [ 102.1273, 17.4983 ], [ 102.126, 17.5093 ], [ 102.1348, 17.5095 ], [ 102.1393, 17.5228 ], [ 102.14, 17.5303 ], [ 102.1335, 17.5421 ], [ 102.1344, 17.5595 ], [ 102.116, 17.5766 ], [ 102.1149, 17.59 ], [ 102.1058, 17.6083 ], [ 102.0958, 17.6157 ], [ 102.0828, 17.635 ], [ 102.1042, 17.647 ], [ 102.1095, 17.6389 ], [ 102.121, 17.6331 ], [ 102.1292, 17.6362 ], [ 102.1318, 17.6473 ], [ 102.1379, 17.6487 ], [ 102.1452, 17.6617 ], [ 102.1602, 17.6662 ], [ 102.1723, 17.662 ], [ 102.1842, 17.6678 ], [ 102.2174, 17.6606 ], [ 102.2461, 17.6659 ], [ 102.2628, 17.66 ], [ 102.2754, 17.6676 ], [ 102.2966, 17.6622 ], [ 102.2868, 17.6737 ], [ 102.3182, 17.6788 ], [ 102.3267, 17.5922 ], [ 102.3336, 17.5787 ], [ 102.3323, 17.5546 ], [ 102.3687, 17.4997 ] ] ] } },
{ "type": "Feature", "properties": { "id": "AMP_0068", "name": "นาวัง" }, "geometry": { "type": "Polygon", "coordinates": [ [ [ 102.1008, 17.2132 ], [ 102.0949, 17.1945 ], [ 102.0855, 17.2109 ], [ 102.0818, 17.2313 ], [ 102.0844, 17.2366 ], [ 102.0695, 17.2571 ], [ 102.0527, 17.2516 ], [ 102.0299, 17.2707 ], [ 102.0268, 17.2812 ], [ 102.0148, 17.2795 ], [ 102.0167, 17.2868 ], [ 102.0027, 17.2958 ], [ 101.9861, 17.3233 ], [ 101.9923, 17.335 ], [ 102.0097, 17.3336 ], [ 102.0206, 17.3412 ], [ 102.0134, 17.3622 ], [ 102.0184, 17.3668 ], [ 102.0179, 17.374 ], [ 101.9892, 17.4036 ], [ 101.9849, 17.4149 ], [ 101.9931, 17.4195 ], [ 101.9846, 17.4427 ], [ 101.9919, 17.4595 ], [ 101.9989, 17.4564 ], [ 102.0324, 17.4589 ], [ 102.0521, 17.4495 ], [ 102.0917, 17.4643 ], [ 102.0962, 17.4722 ], [ 102.1118, 17.4818 ], [ 102.1203, 17.4673 ], [ 102.1105, 17.4489 ], [ 102.1008, 17.4444 ], [ 102.0967, 17.4359 ], [ 102.1032, 17.4178 ], [ 102.1159, 17.404 ], [ 102.1112, 17.3934 ], [ 102.1073, 17.3933 ], [ 102.1099, 17.3903 ], [ 102.1074, 17.3846 ], [ 102.1164, 17.3378 ], [ 102.1066, 17.3318 ], [ 102.12, 17.3223 ], [ 102.1207, 17.3051 ], [ 102.126, 17.3037 ], [ 102.1059, 17.2862 ], [ 102.1052, 17.2631 ], [ 102.0939, 17.2508 ], [ 102.1008, 17.2132 ] ] ] } },
{ "type": "Feature", "properties": { "id": "AMP_0069", "name": "หนองเรือ" }, "geometry": { "type": "Polygon", "coordinates": [ [ [ 102.5506, 16.3929 ], [ 102.5439, 16.3747 ], [ 102.5184, 16.354 ], [ 102.494, 16.3636 ], [ 102.4886, 16.3746 ], [ 102.4796, 16.3797 ], [ 102.4779, 16.3883 ], [ 102.4706, 16.3864 ], [ 102.4594, 16.3942 ], [ 102.4485, 16.3976 ], [ 102.4422, 16.4088 ], [ 102.428, 16.4135 ], [ 102.4129, 16.4285 ], [ 102.4056, 16.4412 ], [ 102.4098, 16.4623 ], [ 102.4042, 16.4603 ], [ 102.4028, 16.466 ], [ 102.3963, 16.4664 ], [ 102.3989, 16.4597 ], [ 102.3943, 16.4597 ], [ 102.3976, 16.4577 ], [ 102.3944, 16.4549 ], [ 102.3982, 16.4469 ], [ 102.3836, 16.4421 ], [ 102.3824, 16.4455 ], [ 102.3732, 16.4364 ], [ 102.3653, 16.4384 ], [ 102.3679, 16.4479 ], [ 102.3646, 16.4529 ], [ 102.3577, 16.4484 ], [ 102.3501, 16.4522 ], [ 102.3426, 16.4464 ], [ 102.324, 16.4455 ], [ 102.3186, 16.4461 ], [ 102.3175, 16.4561 ], [ 102.3002, 16.448 ], [ 102.2968, 16.4522 ], [ 102.3004, 16.457 ], [ 102.2932, 16.4582 ], [ 102.3021, 16.464 ], [ 102.2928, 16.4729 ], [ 102.2875, 16.486 ], [ 102.2915, 16.5171 ], [ 102.2813, 16.5347 ], [ 102.2836, 16.5618 ], [ 102.3103, 16.567 ], [ 102.3237, 16.5631 ], [ 102.3294, 16.5698 ], [ 102.3487, 16.5753 ], [ 102.3605, 16.5735 ], [ 102.3798, 16.5836 ], [ 102.4005, 16.5793 ], [ 102.412, 16.5855 ], [ 102.4164, 16.5932 ], [ 102.4254, 16.603 ], [ 102.4495, 16.5983 ], [ 102.4585, 16.5737 ], [ 102.4681, 16.5607 ], [ 102.469, 16.5447 ], [ 102.4805, 16.5449 ], [ 102.4906, 16.5377 ], [ 102.5, 16.5446 ], [ 102.5089, 16.5381 ], [ 102.5199, 16.5393 ], [ 102.5227, 16.5547 ], [ 102.5287, 16.5511 ], [ 102.5331, 16.5514 ], [ 102.5299, 16.5549 ], [ 102.5336, 16.5584 ], [ 102.5484, 16.556 ], [ 102.5562, 16.5657 ], [ 102.5529, 16.5815 ], [ 102.5419, 16.5954 ], [ 102.5453, 16.6041 ], [ 102.5671, 16.6268 ], [ 102.5753, 16.6278 ], [ 102.5802, 16.6173 ], [ 102.5794, 16.5928 ], [ 102.5835, 16.5789 ], [ 102.5736, 16.5061 ], [ 102.5627, 16.4616 ], [ 102.5528, 16.4411 ], [ 102.5506, 16.3929 ] ] ] } },
{ "type": "Feature", "properties": { "id": "AMP_0070", "name": "โนนสัง" }, "geometry": { "type": "Polygon", "coordinates": [ [ [ 102.5378, 16.7846 ], [ 102.4965, 16.8036 ], [ 102.479, 16.8073 ], [ 102.4712, 16.8025 ], [ 102.4536, 16.8109 ], [ 102.4536, 16.8058 ], [ 102.4477, 16.8028 ], [ 102.45, 16.7948 ], [ 102.4454, 16.7919 ], [ 102.433, 16.7947 ], [ 102.4205, 16.7952 ], [ 102.4057, 16.8138 ], [ 102.4053, 16.8268 ], [ 102.3906, 16.8472 ], [ 102.3863, 16.8626 ], [ 102.3909, 16.868 ], [ 102.3772, 16.8708 ], [ 102.3776, 16.8754 ], [ 102.3678, 16.878 ], [ 102.3788, 16.9011 ], [ 102.3746, 16.9084 ], [ 102.3816, 16.9115 ], [ 102.3869, 16.9271 ], [ 102.41, 16.9275 ], [ 102.4182, 16.9631 ], [ 102.4487, 17.0151 ], [ 102.4594, 17.0245 ], [ 102.4712, 17.0281 ], [ 102.4852, 17.0223 ], [ 102.4954, 17.0039 ], [ 102.5037, 17.002 ], [ 102.523, 17.0119 ], [ 102.545, 17.0139 ], [ 102.5747, 17.0327 ], [ 102.5805, 17.0405 ], [ 102.6086, 17.0275 ], [ 102.6383, 17.0066 ], [ 102.6694, 16.9937 ], [ 102.6762, 16.9818 ], [ 102.6795, 16.968 ], [ 102.671, 16.9413 ], [ 102.6244, 16.8436 ], [ 102.613, 16.7989 ], [ 102.615, 16.7771 ], [ 102.6108, 16.7713 ], [ 102.5378, 16.7846 ] ] ] } },
{ "type": "Feature", "properties": { "id": "AMP_0071", "name": "ศรีบุญเรือง" }, "geometry": { "type": "Polygon", "coordinates": [ [ [ 102.3909, 16.868 ], [ 102.3863, 16.8626 ], [ 102.3906, 16.8472 ], [ 102.4053, 16.8268 ], [ 102.4057, 16.8138 ], [ 102.3916, 16.8104 ], [ 102.3781, 16.8173 ], [ 102.3776, 16.8105 ], [ 102.3613, 16.8165 ], [ 102.3506, 16.8303 ], [ 102.3465, 16.8172 ], [ 102.3383, 16.8239 ], [ 102.336, 16.8312 ], [ 102.3397, 16.8371 ], [ 102.3233, 16.8465 ], [ 102.3317, 16.8486 ], [ 102.3303, 16.8552 ], [ 102.316, 16.855 ], [ 102.3246, 16.8674 ], [ 102.3111, 16.868 ], [ 102.3019, 16.8775 ], [ 102.3072, 16.8842 ], [ 102.2907, 16.8851 ], [ 102.2961, 16.8909 ], [ 102.2546, 16.8948 ], [ 102.2501, 16.8915 ], [ 102.2493, 16.8787 ], [ 102.2448, 16.8814 ], [ 102.2421, 16.8757 ], [ 102.2342, 16.8802 ], [ 102.2333, 16.8751 ], [ 102.2276, 16.8751 ], [ 102.2257, 16.8688 ], [ 102.2133, 16.8614 ], [ 102.2153, 16.8583 ], [ 102.2036, 16.8625 ], [ 102.1877, 16.858 ], [ 102.1803, 16.8718 ], [ 102.1713, 16.8652 ], [ 102.1675, 16.8704 ], [ 102.1584, 16.8717 ], [ 102.1558, 16.8812 ], [ 102.1442, 16.8807 ], [ 102.1442, 16.8765 ], [ 102.1378, 16.8791 ], [ 102.1239, 16.881 ], [ 102.1047, 16.8973 ], [ 102.0968, 16.8908 ], [ 102.0993, 16.882 ], [ 102.0812, 16.8894 ], [ 102.0702, 16.885 ], [ 102.066, 16.8957 ], [ 102.0457, 16.9072 ], [ 102.0299, 16.9505 ], [ 102.0585, 16.9652 ], [ 102.0652, 16.9609 ], [ 102.0718, 16.9625 ], [ 102.0893, 16.9788 ], [ 102.1254, 16.9913 ], [ 102.1358, 17.0113 ], [ 102.1408, 17.0117 ], [ 102.1535, 17.0274 ], [ 102.1253, 17.041 ], [ 102.1172, 17.0579 ], [ 102.108, 17.0614 ], [ 102.1019, 17.0697 ], [ 102.1056, 17.0827 ], [ 102.1, 17.087 ], [ 102.0991, 17.1018 ], [ 102.092, 17.1032 ], [ 102.0914, 17.1108 ], [ 102.0725, 17.1124 ], [ 102.0654, 17.1207 ], [ 102.0482, 17.1238 ], [ 102.0379, 17.131 ], [ 102.023, 17.1313 ], [ 102.0164, 17.1399 ], [ 102.0206, 17.154 ], [ 102.0383, 17.1579 ], [ 102.0449, 17.165 ], [ 102.0323, 17.1735 ], [ 102.03, 17.1921 ], [ 102.0174, 17.2021 ], [ 102.0278, 17.2047 ], [ 102.0377, 17.2208 ], [ 102.0407, 17.211 ], [ 102.0635, 17.2023 ], [ 102.0819, 17.1702 ], [ 102.0929, 17.1748 ], [ 102.0999, 17.1805 ], [ 102.1096, 17.1777 ], [ 102.124, 17.1824 ], [ 102.1307, 17.1726 ], [ 102.1417, 17.1766 ], [ 102.1678, 17.1644 ], [ 102.1808, 17.1678 ], [ 102.192, 17.1547 ], [ 102.2194, 17.1507 ], [ 102.2281, 17.1432 ], [ 102.23, 17.1283 ], [ 102.2422, 17.1373 ], [ 102.2493, 17.1355 ], [ 102.2557, 17.1396 ], [ 102.2746, 17.1348 ], [ 102.2821, 17.1272 ], [ 102.3192, 17.1178 ], [ 102.3313, 17.0846 ], [ 102.3302, 17.0703 ], [ 102.3226, 17.0539 ], [ 102.3273, 17.0436 ], [ 102.3289, 17.0299 ], [ 102.3205, 16.9764 ], [ 102.3215, 16.9636 ], [ 102.3298, 16.9553 ], [ 102.3441, 16.9634 ], [ 102.3572, 16.9484 ], [ 102.3749, 16.9523 ], [ 102.3734, 16.9302 ], [ 102.3869, 16.9271 ], [ 102.3816, 16.9115 ], [ 102.3746, 16.9084 ], [ 102.3788, 16.9011 ], [ 102.3678, 16.878 ], [ 102.3776, 16.8754 ], [ 102.3772, 16.8708 ], [ 102.3909, 16.868 ] ] ] } },
{ "type": "Feature", "properties": { "id": "AMP_0072", "name": "เมืองหนองบัวลำภู" }, "geometry": { "type": "Polygon", "coordinates": [ [ [ 102.41, 16.9275 ], [ 102.3869, 16.9271 ], [ 102.3734, 16.9302 ], [ 102.3749, 16.9523 ], [ 102.3572, 16.9484 ], [ 102.3441, 16.9634 ], [ 102.3296, 16.9555 ], [ 102.3215, 16.9636 ], [ 102.3205, 16.9764 ], [ 102.3289, 17.0299 ], [ 102.3273, 17.0436 ], [ 102.3226, 17.0539 ], [ 102.3302, 17.0703 ], [ 102.3313, 17.0846 ], [ 102.3192, 17.1178 ], [ 102.2821, 17.1272 ], [ 102.2746, 17.1348 ], [ 102.2557, 17.1396 ], [ 102.2493, 17.1355 ], [ 102.2422, 17.1373 ], [ 102.2451, 17.1461 ], [ 102.2403, 17.1514 ], [ 102.2429, 17.1631 ], [ 102.2758, 17.2069 ], [ 102.2699, 17.2224 ], [ 102.2789, 17.2392 ], [ 102.2769, 17.2495 ], [ 102.2494, 17.2774 ], [ 102.2614, 17.2881 ], [ 102.2358, 17.3249 ], [ 102.2405, 17.3394 ], [ 102.2452, 17.3417 ], [ 102.2655, 17.3108 ], [ 102.2741, 17.314 ], [ 102.2897, 17.3081 ], [ 102.2945, 17.3314 ], [ 102.3042, 17.3394 ], [ 102.3066, 17.3492 ], [ 102.3082, 17.3595 ], [ 102.3028, 17.3772 ], [ 102.3148, 17.367 ], [ 102.3424, 17.3599 ], [ 102.3805, 17.3823 ], [ 102.4217, 17.3751 ], [ 102.4378, 17.3394 ], [ 102.4414, 17.3223 ], [ 102.4395, 17.2805 ], [ 102.4584, 17.2817 ], [ 102.4626, 17.2754 ], [ 102.4783, 17.2751 ], [ 102.4899, 17.2843 ], [ 102.5033, 17.286 ], [ 102.5218, 17.2747 ], [ 102.5366, 17.2583 ], [ 102.571, 17.2551 ], [ 102.5929, 17.2655 ], [ 102.5732, 17.2362 ], [ 102.5518, 17.2359 ], [ 102.5419, 17.2171 ], [ 102.5355, 17.2288 ], [ 102.5218, 17.2253 ], [ 102.5036, 17.1951 ], [ 102.5206, 17.1511 ], [ 102.5206, 17.1454 ], [ 102.5069, 17.1392 ], [ 102.5202, 17.1003 ], [ 102.5438, 17.0672 ], [ 102.5805, 17.0405 ], [ 102.5747, 17.0327 ], [ 102.545, 17.0139 ], [ 102.523, 17.0119 ], [ 102.5037, 17.002 ], [ 102.4954, 17.0039 ], [ 102.4852, 17.0223 ], [ 102.4712, 17.0281 ], [ 102.4594, 17.0245 ], [ 102.4487, 17.0151 ], [ 102.4182, 16.9631 ], [ 102.41, 16.9275 ] ] ] } },
{ "type": "Feature", "properties": { "id": "AMP_0073", "name": "นากลาง" }, "geometry": { "type": "Polygon", "coordinates": [ [ [ 102.2451, 17.1461 ], [ 102.2422, 17.1373 ], [ 102.23, 17.1283 ], [ 102.2281, 17.1432 ], [ 102.2194, 17.1507 ], [ 102.192, 17.1547 ], [ 102.1808, 17.1678 ], [ 102.1678, 17.1644 ], [ 102.1417, 17.1766 ], [ 102.1307, 17.1726 ], [ 102.124, 17.1824 ], [ 102.1096, 17.1777 ], [ 102.0999, 17.1805 ], [ 102.0949, 17.1945 ], [ 102.1008, 17.2132 ], [ 102.0939, 17.2508 ], [ 102.1052, 17.2631 ], [ 102.1059, 17.2862 ], [ 102.126, 17.3037 ], [ 102.1207, 17.3051 ], [ 102.12, 17.3223 ], [ 102.1066, 17.3318 ], [ 102.1164, 17.3378 ], [ 102.1074, 17.3846 ], [ 102.1099, 17.3903 ], [ 102.1073, 17.3933 ], [ 102.1112, 17.3934 ], [ 102.1159, 17.404 ], [ 102.1032, 17.4178 ], [ 102.0967, 17.4359 ], [ 102.1008, 17.4444 ], [ 102.1105, 17.4489 ], [ 102.1203, 17.4673 ], [ 102.1118, 17.4818 ], [ 102.1286, 17.4922 ], [ 102.1273, 17.4983 ], [ 102.1333, 17.4978 ], [ 102.1501, 17.4868 ], [ 102.1583, 17.4858 ], [ 102.1612, 17.4928 ], [ 102.178, 17.492 ], [ 102.1987, 17.4741 ], [ 102.207, 17.4716 ], [ 102.209, 17.4627 ], [ 102.2204, 17.4654 ], [ 102.2393, 17.4586 ], [ 102.2557, 17.4406 ], [ 102.2563, 17.4265 ], [ 102.2761, 17.4176 ], [ 102.284, 17.4271 ], [ 102.2949, 17.4134 ], [ 102.3097, 17.4096 ], [ 102.3163, 17.4198 ], [ 102.3164, 17.4315 ], [ 102.3292, 17.434 ], [ 102.3369, 17.4288 ], [ 102.3465, 17.4321 ], [ 102.353, 17.426 ], [ 102.3668, 17.4242 ], [ 102.376, 17.4155 ], [ 102.3993, 17.4146 ], [ 102.4217, 17.3751 ], [ 102.3805, 17.3823 ], [ 102.3424, 17.3599 ], [ 102.3148, 17.367 ], [ 102.3028, 17.3772 ], [ 102.3082, 17.3595 ], [ 102.3066, 17.3492 ], [ 102.3042, 17.3394 ], [ 102.2945, 17.3314 ], [ 102.2897, 17.3081 ], [ 102.2741, 17.314 ], [ 102.2655, 17.3108 ], [ 102.2452, 17.3417 ], [ 102.2405, 17.3394 ], [ 102.2358, 17.3249 ], [ 102.2614, 17.2881 ], [ 102.2494, 17.2774 ], [ 102.2769, 17.2495 ], [ 102.2789, 17.2392 ], [ 102.2699, 17.2224 ], [ 102.2758, 17.2069 ], [ 102.2429, 17.1631 ], [ 102.2403, 17.1514 ], [ 102.2451, 17.1461 ] ] ] } },
{ "type": "Feature", "properties": { "id": "AMP_0074", "name": "ทุ่งเสลี่ยม" }, "geometry": { "type": "Polygon", "coordinates": [ [ [ 99.6816, 17.2744 ], [ 99.688, 17.262 ], [ 99.6669, 17.2559 ], [ 99.6654, 17.2487 ], [ 99.6673, 17.2266 ], [ 99.6731, 17.2132 ], [ 99.6813, 17.214 ], [ 99.6841, 17.2078 ], [ 99.6671, 17.2045 ], [ 99.65, 17.2111 ], [ 99.6301, 17.2295 ], [ 99.604, 17.2354 ], [ 99.5941, 17.232 ], [ 99.5838, 17.2347 ], [ 99.5794, 17.247 ], [ 99.5885, 17.2498 ], [ 99.5997, 17.2605 ], [ 99.5946, 17.2825 ], [ 99.577, 17.2607 ], [ 99.54, 17.2597 ], [ 99.5181, 17.2526 ], [ 99.5016, 17.2405 ], [ 99.4963, 17.2384 ], [ 99.4921, 17.2439 ], [ 99.4677, 17.2469 ], [ 99.4598, 17.2433 ], [ 99.4605, 17.25 ], [ 99.4557, 17.2545 ], [ 99.4514, 17.2906 ], [ 99.4547, 17.3087 ], [ 99.4617, 17.3106 ], [ 99.4764, 17.3258 ], [ 99.4764, 17.3411 ], [ 99.4695, 17.3683 ], [ 99.4557, 17.3687 ], [ 99.4422, 17.3892 ], [ 99.4295, 17.3923 ], [ 99.4273, 17.4089 ], [ 99.4303, 17.4181 ], [ 99.4399, 17.4214 ], [ 99.4428, 17.4343 ], [ 99.4332, 17.4346 ], [ 99.4145, 17.4498 ], [ 99.4175, 17.458 ], [ 99.4061, 17.4713 ], [ 99.4192, 17.4876 ], [ 99.4266, 17.4872 ], [ 99.4471, 17.5002 ], [ 99.4601, 17.5003 ], [ 99.4632, 17.5062 ], [ 99.4694, 17.5071 ], [ 99.4688, 17.5114 ], [ 99.4845, 17.5148 ], [ 99.4956, 17.5089 ], [ 99.5016, 17.5135 ], [ 99.521, 17.5078 ], [ 99.5262, 17.5099 ], [ 99.5331, 17.4999 ], [ 99.5248, 17.481 ], [ 99.5415, 17.4717 ], [ 99.5424, 17.458 ], [ 99.5487, 17.452 ], [ 99.5616, 17.4618 ], [ 99.5728, 17.4577 ], [ 99.5819, 17.4376 ], [ 99.6058, 17.411 ], [ 99.62, 17.3739 ], [ 99.6311, 17.364 ], [ 99.6454, 17.3555 ], [ 99.6709, 17.3626 ], [ 99.7068, 17.3785 ], [ 99.719, 17.3822 ], [ 99.7253, 17.3769 ], [ 99.7104, 17.3449 ], [ 99.6877, 17.2857 ], [ 99.6816, 17.2744 ] ] ] } },
{ "type": "Feature", "properties": { "id": "AMP_0075", "name": "ดอยหล่อ" }, "geometry": { "type": "Polygon", "coordinates": [ [ [ 98.8577, 18.5092 ], [ 98.8468, 18.5072 ], [ 98.8465, 18.4996 ], [ 98.8391, 18.4866 ], [ 98.8256, 18.4795 ], [ 98.8154, 18.4714 ], [ 98.8142, 18.462 ], [ 98.8054, 18.4632 ], [ 98.7985, 18.4532 ], [ 98.7777, 18.45 ], [ 98.7644, 18.4347 ], [ 98.7542, 18.437 ], [ 98.7434, 18.4312 ], [ 98.7396, 18.4359 ], [ 98.748, 18.4458 ], [ 98.7467, 18.4748 ], [ 98.7396, 18.4918 ], [ 98.7263, 18.4989 ], [ 98.693, 18.5111 ], [ 98.683, 18.5246 ], [ 98.6895, 18.5355 ], [ 98.6678, 18.5586 ], [ 98.6668, 18.5668 ], [ 98.6596, 18.5668 ], [ 98.6447, 18.5805 ], [ 98.6348, 18.5831 ], [ 98.6232, 18.6004 ], [ 98.6316, 18.6134 ], [ 98.6513, 18.61 ], [ 98.6774, 18.621 ], [ 98.6918, 18.6219 ], [ 98.7141, 18.5996 ], [ 98.7116, 18.5828 ], [ 98.718, 18.5701 ], [ 98.7443, 18.5514 ], [ 98.7606, 18.5554 ], [ 98.7975, 18.5848 ], [ 98.8273, 18.5642 ], [ 98.8396, 18.5602 ], [ 98.8476, 18.5468 ], [ 98.8535, 18.5454 ], [ 98.8574, 18.5413 ], [ 98.8577, 18.5092 ] ] ] } },
{ "type": "Feature", "properties": { "id": "AMP_0076", "name": "เมืองตาก" }, "geometry": { "type": "Polygon", "coordinates": [ [ [ 98.927, 16.9609 ], [ 98.9368, 16.9424 ], [ 98.9351, 16.9354 ], [ 98.9805, 16.9128 ], [ 98.9943, 16.9187 ], [ 99.0123, 16.9382 ], [ 99.0229, 16.9414 ], [ 99.0261, 16.9508 ], [ 99.0483, 16.9638 ], [ 99.061, 16.9656 ], [ 99.0782, 16.9788 ], [ 99.0976, 16.9713 ], [ 99.1383, 16.9711 ], [ 99.156, 16.9905 ], [ 99.1652, 16.9845 ], [ 99.1711, 16.9858 ], [ 99.1765, 16.9954 ], [ 99.1941, 17.0089 ], [ 99.2077, 17.0246 ], [ 99.2158, 17.0682 ], [ 99.2011, 17.0905 ], [ 99.1771, 17.0943 ], [ 99.1842, 17.1179 ], [ 99.1975, 17.1325 ], [ 99.1983, 17.1486 ], [ 99.2201, 17.1621 ], [ 99.231, 17.1816 ], [ 99.2404, 17.1782 ], [ 99.2543, 17.1858 ], [ 99.2665, 17.1756 ], [ 99.273, 17.1804 ], [ 99.2749, 17.1924 ], [ 99.2787, 17.1894 ], [ 99.2851, 17.1956 ], [ 99.299, 17.1963 ], [ 99.3183, 17.2144 ], [ 99.3119, 17.1891 ], [ 99.3188, 17.1573 ], [ 99.3144, 17.1446 ], [ 99.3299, 17.1374 ], [ 99.3206, 17.1271 ], [ 99.3223, 17.112 ], [ 99.3392, 17.0934 ], [ 99.3547, 17.0956 ], [ 99.3642, 17.0924 ], [ 99.3703, 17.0976 ], [ 99.3851, 17.0825 ], [ 99.3935, 17.0828 ], [ 99.3872, 17.0705 ], [ 99.3936, 17.0546 ], [ 99.3926, 17.0304 ], [ 99.3973, 17.0226 ], [ 99.4161, 17.0183 ], [ 99.4326, 16.9801 ], [ 99.4453, 16.9612 ], [ 99.445, 16.9463 ], [ 99.4531, 16.9389 ], [ 99.4465, 16.9156 ], [ 99.448, 16.8901 ], [ 99.4625, 16.8817 ], [ 99.4687, 16.8667 ], [ 99.4581, 16.8639 ], [ 99.4378, 16.8713 ], [ 99.4299, 16.8649 ], [ 99.4167, 16.8655 ], [ 99.4143, 16.8472 ], [ 99.3823, 16.8356 ], [ 99.387, 16.8271 ], [ 99.3821, 16.8225 ], [ 99.3866, 16.8112 ], [ 99.3765, 16.8123 ], [ 99.368, 16.8053 ], [ 99.345, 16.8137 ], [ 99.3248, 16.815 ], [ 99.317, 16.7968 ], [ 99.2994, 16.7921 ], [ 99.2915, 16.7836 ], [ 99.294, 16.7763 ], [ 99.306, 16.7692 ], [ 99.303, 16.7392 ], [ 99.2971, 16.7313 ], [ 99.2953, 16.7185 ], [ 99.2817, 16.7065 ], [ 99.2825, 16.689 ], [ 99.2717, 16.6841 ], [ 99.2649, 16.7019 ], [ 99.241, 16.7248 ], [ 99.2271, 16.733 ], [ 99.2177, 16.7498 ], [ 99.1746, 16.7933 ], [ 99.1614, 16.8015 ], [ 99.1486, 16.7903 ], [ 99.1445, 16.7665 ], [ 99.1318, 16.7441 ], [ 99.1154, 16.7422 ], [ 99.1065, 16.7533 ], [ 99.0878, 16.7525 ], [ 99.0716, 16.731 ], [ 99.0507, 16.7266 ], [ 99.0489, 16.7198 ], [ 99.0363, 16.7089 ], [ 99.0033, 16.7008 ], [ 99.0007, 16.6955 ], [ 99.0105, 16.6879 ], [ 99.0118, 16.6721 ], [ 99.0232, 16.6622 ], [ 99.0133, 16.6547 ], [ 99.0171, 16.6353 ], [ 99.0452, 16.6068 ], [ 99.0391, 16.6035 ], [ 99.0382, 16.5856 ], [ 99.0241, 16.5766 ], [ 98.9929, 16.5761 ], [ 98.9807, 16.5599 ], [ 98.9687, 16.5629 ], [ 98.964, 16.5732 ], [ 98.9566, 16.5728 ], [ 98.9584, 16.5815 ], [ 98.9504, 16.5929 ], [ 98.9562, 16.6032 ], [ 98.9456, 16.6107 ], [ 98.9459, 16.6191 ], [ 98.9516, 16.6208 ], [ 98.9541, 16.6286 ], [ 98.9468, 16.6343 ], [ 98.9481, 16.6374 ], [ 98.94, 16.6362 ], [ 98.9324, 16.641 ], [ 98.9293, 16.6462 ], [ 98.9411, 16.6476 ], [ 98.9554, 16.6651 ], [ 98.9567, 16.6957 ], [ 98.943, 16.7036 ], [ 98.9535, 16.7166 ], [ 98.9536, 16.7232 ], [ 98.9304, 16.7457 ], [ 98.9178, 16.7839 ], [ 98.911, 16.7926 ], [ 98.8953, 16.7922 ], [ 98.8688, 16.8201 ], [ 98.8737, 16.8275 ], [ 98.8692, 16.836 ], [ 98.8448, 16.8448 ], [ 98.8253, 16.8725 ], [ 98.8418, 16.8832 ], [ 98.8409, 16.8957 ], [ 98.8346, 16.9028 ], [ 98.837, 16.9131 ], [ 98.8507, 16.9043 ], [ 98.8737, 16.9111 ], [ 98.8967, 16.9107 ], [ 98.8892, 16.9202 ], [ 98.8912, 16.9246 ], [ 98.8815, 16.926 ], [ 98.8809, 16.934 ], [ 98.8747, 16.9381 ], [ 98.8949, 16.9567 ], [ 98.9028, 16.9566 ], [ 98.9122, 16.9756 ], [ 98.923, 16.9754 ], [ 98.9284, 16.9707 ], [ 98.927, 16.9609 ] ] ] } },
{ "type": "Feature", "properties": { "id": "AMP_0077", "name": "แม่ออน" }, "geometry": { "type": "Polygon", "coordinates": [ [ [ 99.3277, 18.6185 ], [ 99.3478, 18.6171 ], [ 99.3595, 18.607 ], [ 99.3491, 18.5933 ], [ 99.3535, 18.5802 ], [ 99.3432, 18.5751 ], [ 99.3322, 18.5758 ], [ 99.327, 18.5433 ], [ 99.3171, 18.5321 ], [ 99.2963, 18.5372 ], [ 99.2638, 18.5716 ], [ 99.2519, 18.5738 ], [ 99.2454, 18.5823 ], [ 99.2188, 18.5924 ], [ 99.2234, 18.6075 ], [ 99.2354, 18.6171 ], [ 99.2318, 18.6294 ], [ 99.2336, 18.6518 ], [ 99.2466, 18.6564 ], [ 99.2489, 18.6612 ], [ 99.2583, 18.669 ], [ 99.2647, 18.6688 ], [ 99.2625, 18.6759 ], [ 99.27, 18.6837 ], [ 99.2686, 18.7176 ], [ 99.256, 18.7401 ], [ 99.2293, 18.7439 ], [ 99.2166, 18.7538 ], [ 99.2147, 18.7604 ], [ 99.2246, 18.7661 ], [ 99.2283, 18.778 ], [ 99.2259, 18.7935 ], [ 99.2147, 18.8027 ], [ 99.209, 18.8142 ], [ 99.2195, 18.819 ], [ 99.2186, 18.8294 ], [ 99.2352, 18.8347 ], [ 99.2379, 18.8505 ], [ 99.2348, 18.8674 ], [ 99.2485, 18.874 ], [ 99.2569, 18.8829 ], [ 99.256, 18.8882 ], [ 99.2628, 18.8908 ], [ 99.2794, 18.903 ], [ 99.3019, 18.9063 ], [ 99.317, 18.9192 ], [ 99.3485, 18.9093 ], [ 99.3561, 18.9139 ], [ 99.3698, 18.9134 ], [ 99.3779, 18.9208 ], [ 99.3874, 18.8964 ], [ 99.3862, 18.8892 ], [ 99.3915, 18.8848 ], [ 99.3861, 18.8778 ], [ 99.3858, 18.8677 ], [ 99.3527, 18.8462 ], [ 99.3525, 18.8234 ], [ 99.3587, 18.802 ], [ 99.3711, 18.7809 ], [ 99.367, 18.7749 ], [ 99.3712, 18.7534 ], [ 99.3483, 18.7358 ], [ 99.3484, 18.7244 ], [ 99.3404, 18.7159 ], [ 99.341, 18.7064 ], [ 99.3332, 18.7008 ], [ 99.336, 18.6933 ], [ 99.3274, 18.6854 ], [ 99.3332, 18.6687 ], [ 99.3472, 18.6571 ], [ 99.3422, 18.6497 ], [ 99.3326, 18.65 ], [ 99.3274, 18.6392 ], [ 99.3277, 18.6185 ] ] ] } },
{ "type": "Feature", "properties": { "id": "AMP_0078", "name": "อุ้มผาง" }, "geometry": { "type": "Polygon", "coordinates": [ [ [ 99.0881, 16.0434 ], [ 99.0835, 16.0263 ], [ 99.0814, 16.0072 ], [ 99.0888, 15.9799 ], [ 99.0751, 15.962 ], [ 99.075, 15.9523 ], [ 99.0863, 15.948 ], [ 99.0969, 15.9309 ], [ 99.0858, 15.9123 ], [ 99.0867, 15.8868 ], [ 99.0973, 15.8713 ], [ 99.0941, 15.8612 ], [ 99.0988, 15.8538 ], [ 99.0962, 15.8315 ], [ 99.1037, 15.8273 ], [ 99.1033, 15.8211 ], [ 99.1239, 15.8144 ], [ 99.1338, 15.7982 ], [ 99.1362, 15.7894 ], [ 99.1276, 15.7671 ], [ 99.1389, 15.7313 ], [ 99.1308, 15.7248 ], [ 99.1301, 15.7063 ], [ 99.1116, 15.6682 ], [ 99.1155, 15.6632 ], [ 99.1118, 15.6497 ], [ 99.1167, 15.6455 ], [ 99.1157, 15.6335 ], [ 99.1068, 15.616 ], [ 99.0976, 15.6114 ], [ 99.0919, 15.5924 ], [ 99.0942, 15.5827 ], [ 99.0525, 15.5642 ], [ 99.0483, 15.5554 ], [ 99.0552, 15.5251 ], [ 99.0729, 15.512 ], [ 99.0784, 15.4998 ], [ 99.0757, 15.4883 ], [ 99.0645, 15.4733 ], [ 99.0652, 15.4635 ], [ 99.0588, 15.4597 ], [ 99.0559, 15.4441 ], [ 99.0677, 15.42 ], [ 99.0684, 15.3953 ], [ 99.0588, 15.3947 ], [ 99.0547, 15.3822 ], [ 99.0435, 15.3762 ], [ 99.0464, 15.3642 ], [ 99.043, 15.3462 ], [ 99.0309, 15.3354 ], [ 99.031, 15.303 ], [ 99.0378, 15.2979 ], [ 99.0391, 15.2889 ], [ 99.024, 15.2786 ], [ 99.0166, 15.2649 ], [ 99.0193, 15.2469 ], [ 99.0062, 15.2392 ], [ 99.0084, 15.2084 ], [ 99.0022, 15.1852 ], [ 98.9892, 15.1868 ], [ 98.9844, 15.1803 ], [ 98.972, 15.1908 ], [ 98.964, 15.206 ], [ 98.9554, 15.2474 ], [ 98.9433, 15.2527 ], [ 98.9227, 15.2465 ], [ 98.9116, 15.2684 ], [ 98.8865, 15.2754 ], [ 98.8914, 15.2901 ], [ 98.871, 15.3249 ], [ 98.8396, 15.3486 ], [ 98.8314, 15.3457 ], [ 98.8295, 15.3557 ], [ 98.7926, 15.4026 ], [ 98.7832, 15.4087 ], [ 98.7787, 15.4239 ], [ 98.7545, 15.4411 ], [ 98.7592, 15.4514 ], [ 98.7549, 15.4585 ], [ 98.7592, 15.4725 ], [ 98.7471, 15.4827 ], [ 98.7374, 15.4795 ], [ 98.7293, 15.4886 ], [ 98.7026, 15.5015 ], [ 98.7034, 15.5098 ], [ 98.7125, 15.5048 ], [ 98.7188, 15.5063 ], [ 98.718, 15.5128 ], [ 98.7237, 15.5176 ], [ 98.7065, 15.5355 ], [ 98.6678, 15.5949 ], [ 98.6611, 15.5988 ], [ 98.6479, 15.6332 ], [ 98.6406, 15.6381 ], [ 98.6258, 15.6263 ], [ 98.6225, 15.6306 ], [ 98.627, 15.6385 ], [ 98.6126, 15.6445 ], [ 98.607, 15.6412 ], [ 98.5902, 15.6449 ], [ 98.5831, 15.6604 ], [ 98.5586, 15.6511 ], [ 98.5466, 15.6821 ], [ 98.573, 15.7846 ], [ 98.6105, 15.8765 ], [ 98.6014, 15.8729 ], [ 98.5959, 15.8753 ], [ 98.5974, 15.8853 ], [ 98.5892, 15.8942 ], [ 98.5847, 15.9169 ], [ 98.5959, 15.9604 ], [ 98.6062, 15.9651 ], [ 98.609, 15.9721 ], [ 98.6072, 15.9854 ], [ 98.5967, 16.0085 ], [ 98.5648, 16.0299 ], [ 98.5612, 16.0375 ], [ 98.5668, 16.0559 ], [ 98.5787, 16.061 ], [ 98.5867, 16.0754 ], [ 98.6006, 16.0734 ], [ 98.6085, 16.0609 ], [ 98.6037, 16.0535 ], [ 98.6073, 16.044 ], [ 98.6138, 16.0399 ], [ 98.6313, 16.0478 ], [ 98.627, 16.0619 ], [ 98.6402, 16.0611 ], [ 98.6426, 16.0665 ], [ 98.661, 16.073 ], [ 98.6598, 16.0832 ], [ 98.675, 16.0955 ], [ 98.6663, 16.11 ], [ 98.6824, 16.1116 ], [ 98.6784, 16.1258 ], [ 98.6862, 16.1282 ], [ 98.6867, 16.1331 ], [ 98.7089, 16.1347 ], [ 98.7186, 16.1229 ], [ 98.7431, 16.1189 ], [ 98.7679, 16.1201 ], [ 98.7799, 16.1263 ], [ 98.785, 16.123 ], [ 98.7887, 16.1108 ], [ 98.8045, 16.1036 ], [ 98.8247, 16.1133 ], [ 98.8285, 16.1217 ], [ 98.8409, 16.1297 ], [ 98.8476, 16.1276 ], [ 98.8545, 16.1565 ], [ 98.8509, 16.1609 ], [ 98.8622, 16.17 ], [ 98.8609, 16.1874 ], [ 98.8542, 16.1927 ], [ 98.8617, 16.1984 ], [ 98.8526, 16.2145 ], [ 98.8558, 16.2237 ], [ 98.8723, 16.2386 ], [ 98.8782, 16.2304 ], [ 98.888, 16.2483 ], [ 98.9036, 16.2539 ], [ 98.9107, 16.2686 ], [ 98.907, 16.2752 ], [ 98.911, 16.2984 ], [ 98.9161, 16.3057 ], [ 98.928, 16.3065 ], [ 98.9253, 16.3128 ], [ 98.932, 16.3287 ], [ 98.9244, 16.3418 ], [ 98.9265, 16.3454 ], [ 98.9118, 16.3445 ], [ 98.9091, 16.3477 ], [ 98.9173, 16.3579 ], [ 98.9188, 16.3847 ], [ 98.9343, 16.3898 ], [ 98.9431, 16.3837 ], [ 98.985, 16.3737 ], [ 98.9923, 16.3773 ], [ 99.0033, 16.3693 ], [ 99.0075, 16.3821 ], [ 99.0205, 16.3797 ], [ 99.0268, 16.3828 ], [ 99.0361, 16.3838 ], [ 99.0412, 16.3758 ], [ 99.045, 16.3535 ], [ 99.0423, 16.3385 ], [ 99.0521, 16.3303 ], [ 99.0535, 16.3092 ], [ 99.0422, 16.2922 ], [ 99.0489, 16.2594 ], [ 99.0805, 16.2159 ], [ 99.0808, 16.2018 ], [ 99.0737, 16.1964 ], [ 99.0677, 16.1653 ], [ 99.0506, 16.1604 ], [ 99.0506, 16.1373 ], [ 99.0784, 16.1265 ], [ 99.0938, 16.103 ], [ 99.1086, 16.0992 ], [ 99.1082, 16.0853 ], [ 99.1163, 16.0754 ], [ 99.1148, 16.0614 ], [ 99.1055, 16.0496 ], [ 99.0881, 16.0434 ] ] ] } },
{ "type": "Feature", "properties": { "id": "AMP_0079", "name": "วังเจ้า" }, "geometry": { "type": "Polygon", "coordinates": [ [ [ 99.2754, 16.6775 ], [ 99.2721, 16.6686 ], [ 99.2659, 16.6713 ], [ 99.2467, 16.6621 ], [ 99.2477, 16.6442 ], [ 99.2431, 16.6395 ], [ 99.2428, 16.6239 ], [ 99.2554, 16.6037 ], [ 99.2506, 16.5902 ], [ 99.2572, 16.5825 ], [ 99.2568, 16.568 ], [ 99.2452, 16.5547 ], [ 99.2476, 16.5488 ], [ 99.2405, 16.5335 ], [ 99.2298, 16.5347 ], [ 99.2193, 16.5274 ], [ 99.1997, 16.5316 ], [ 99.1913, 16.5388 ], [ 99.1914, 16.5311 ], [ 99.1803, 16.5322 ], [ 99.1801, 16.5268 ], [ 99.1711, 16.5214 ], [ 99.1675, 16.5121 ], [ 99.1728, 16.5099 ], [ 99.164, 16.5026 ], [ 99.1622, 16.507 ], [ 99.154, 16.5001 ], [ 99.1505, 16.5035 ], [ 99.1395, 16.5001 ], [ 99.1343, 16.4905 ], [ 99.126, 16.486 ], [ 99.1224, 16.4749 ], [ 99.1196, 16.4792 ], [ 99.1071, 16.4807 ], [ 99.0994, 16.4736 ], [ 99.094, 16.4753 ], [ 99.0673, 16.4615 ], [ 99.0478, 16.4313 ], [ 99.045, 16.4198 ], [ 99.0403, 16.4173 ], [ 99.0298, 16.4215 ], [ 99.0397, 16.4234 ], [ 99.031, 16.4357 ], [ 99.0363, 16.4892 ], [ 99.0165, 16.4988 ], [ 98.9997, 16.5346 ], [ 98.9936, 16.5353 ], [ 98.9951, 16.5415 ], [ 98.985, 16.5465 ], [ 98.9803, 16.5561 ], [ 98.9699, 16.5576 ], [ 98.9687, 16.5629 ], [ 98.9807, 16.5599 ], [ 98.9929, 16.5761 ], [ 99.0241, 16.5766 ], [ 99.0382, 16.5856 ], [ 99.0391, 16.6035 ], [ 99.0452, 16.6068 ], [ 99.0171, 16.6353 ], [ 99.0133, 16.6547 ], [ 99.0232, 16.6622 ], [ 99.0118, 16.6721 ], [ 99.0105, 16.6879 ], [ 99.0007, 16.6955 ], [ 99.0033, 16.7008 ], [ 99.0363, 16.7089 ], [ 99.0489, 16.7198 ], [ 99.0507, 16.7266 ], [ 99.0716, 16.731 ], [ 99.0878, 16.7525 ], [ 99.1065, 16.7533 ], [ 99.1154, 16.7422 ], [ 99.1318, 16.7441 ], [ 99.1445, 16.7665 ], [ 99.1486, 16.7903 ], [ 99.1614, 16.8015 ], [ 99.1746, 16.7933 ], [ 99.2177, 16.7498 ], [ 99.2271, 16.733 ], [ 99.241, 16.7248 ], [ 99.2649, 16.7019 ], [ 99.2754, 16.6775 ] ] ] } },
{ "type": "Feature", "properties": { "id": "AMP_0080", "name": "แม่สอด" }, "geometry": { "type": "Polygon", "coordinates": [ [ [ 98.7565, 16.5948 ], [ 98.7506, 16.57 ], [ 98.7371, 16.5593 ], [ 98.7302, 16.5606 ], [ 98.7163, 16.5518 ], [ 98.7071, 16.5521 ], [ 98.6881, 16.534 ], [ 98.6768, 16.5402 ], [ 98.6568, 16.5371 ], [ 98.6506, 16.5411 ], [ 98.6407, 16.535 ], [ 98.6225, 16.5444 ], [ 98.5978, 16.5415 ], [ 98.5972, 16.5472 ], [ 98.5903, 16.5433 ], [ 98.5829, 16.5476 ], [ 98.5853, 16.5591 ], [ 98.5785, 16.5574 ], [ 98.5786, 16.5665 ], [ 98.5726, 16.5688 ], [ 98.5771, 16.5737 ], [ 98.5804, 16.5664 ], [ 98.5874, 16.5665 ], [ 98.5798, 16.5754 ], [ 98.5872, 16.5861 ], [ 98.584, 16.5994 ], [ 98.5771, 16.598 ], [ 98.5771, 16.6043 ], [ 98.5711, 16.6061 ], [ 98.5689, 16.6159 ], [ 98.5738, 16.6201 ], [ 98.5712, 16.6318 ], [ 98.5616, 16.6299 ], [ 98.5592, 16.6355 ], [ 98.5419, 16.6372 ], [ 98.5339, 16.6357 ], [ 98.5243, 16.6429 ], [ 98.5234, 16.6502 ], [ 98.5124, 16.6441 ], [ 98.5156, 16.6589 ], [ 98.5179, 16.6926 ], [ 98.5118, 16.6959 ], [ 98.5174, 16.7012 ], [ 98.503, 16.6988 ], [ 98.5009, 16.6916 ], [ 98.4962, 16.6907 ], [ 98.4991, 16.696 ], [ 98.4963, 16.7032 ], [ 98.5022, 16.7142 ], [ 98.4943, 16.7157 ], [ 98.4908, 16.7088 ], [ 98.4856, 16.7166 ], [ 98.4705, 16.7144 ], [ 98.478, 16.7187 ], [ 98.4685, 16.7283 ], [ 98.4635, 16.7281 ], [ 98.469, 16.7385 ], [ 98.462, 16.749 ], [ 98.4669, 16.7525 ], [ 98.4748, 16.7459 ], [ 98.4798, 16.7476 ], [ 98.4768, 16.7635 ], [ 98.4893, 16.7726 ], [ 98.4833, 16.7818 ], [ 98.4872, 16.7912 ], [ 98.4923, 16.7886 ], [ 98.4953, 16.7919 ], [ 98.5038, 16.7855 ], [ 98.5107, 16.7979 ], [ 98.5152, 16.7916 ], [ 98.5211, 16.7906 ], [ 98.526, 16.7983 ], [ 98.5163, 16.7979 ], [ 98.5149, 16.8046 ], [ 98.5478, 16.8146 ], [ 98.5365, 16.8296 ], [ 98.5457, 16.8328 ], [ 98.5477, 16.8385 ], [ 98.5553, 16.8333 ], [ 98.5645, 16.8366 ], [ 98.5626, 16.8471 ], [ 98.5773, 16.8668 ], [ 98.581, 16.8806 ], [ 98.5774, 16.8974 ], [ 98.5816, 16.9234 ], [ 98.5988, 16.9298 ], [ 98.6092, 16.9269 ], [ 98.6106, 16.9393 ], [ 98.6234, 16.9474 ], [ 98.666, 16.9453 ], [ 98.6743, 16.9389 ], [ 98.6887, 16.954 ], [ 98.6794, 16.9651 ], [ 98.6795, 16.9717 ], [ 98.6882, 16.9689 ], [ 98.6983, 16.9753 ], [ 98.7116, 16.9647 ], [ 98.7293, 16.9632 ], [ 98.7339, 16.9677 ], [ 98.7323, 16.9774 ], [ 98.7491, 16.9776 ], [ 98.7571, 16.9846 ], [ 98.7673, 16.9796 ], [ 98.773, 16.9673 ], [ 98.7997, 16.9478 ], [ 98.8103, 16.9451 ], [ 98.8175, 16.9296 ], [ 98.8252, 16.9284 ], [ 98.837, 16.9131 ], [ 98.8346, 16.9028 ], [ 98.8409, 16.8957 ], [ 98.8418, 16.8832 ], [ 98.8253, 16.8725 ], [ 98.8448, 16.8448 ], [ 98.8692, 16.836 ], [ 98.8737, 16.8275 ], [ 98.8688, 16.8201 ], [ 98.8953, 16.7922 ], [ 98.911, 16.7926 ], [ 98.9178, 16.7839 ], [ 98.9304, 16.7457 ], [ 98.9536, 16.7232 ], [ 98.9535, 16.7166 ], [ 98.943, 16.7036 ], [ 98.9567, 16.6957 ], [ 98.9554, 16.6651 ], [ 98.9411, 16.6476 ], [ 98.9293, 16.6462 ], [ 98.9324, 16.641 ], [ 98.9264, 16.6304 ], [ 98.9094, 16.6165 ], [ 98.8806, 16.6151 ], [ 98.8749, 16.616 ], [ 98.8753, 16.6196 ], [ 98.8497, 16.6104 ], [ 98.8209, 16.6091 ], [ 98.8151, 16.6141 ], [ 98.8019, 16.6077 ], [ 98.7893, 16.6134 ], [ 98.7802, 16.6102 ], [ 98.7565, 16.5948 ] ] ] } },
{ "type": "Feature", "properties": { "id": "AMP_0081", "name": "พบพระ" }, "geometry": { "type": "Polygon", "coordinates": [ [ [ 98.7824, 16.3658 ], [ 98.783, 16.355 ], [ 98.7763, 16.3499 ], [ 98.7768, 16.3451 ], [ 98.772, 16.3479 ], [ 98.7655, 16.3428 ], [ 98.7474, 16.3466 ], [ 98.7427, 16.3382 ], [ 98.7283, 16.3327 ], [ 98.7274, 16.3156 ], [ 98.7189, 16.3102 ], [ 98.7198, 16.2965 ], [ 98.7072, 16.2945 ], [ 98.7041, 16.2729 ], [ 98.6986, 16.2687 ], [ 98.682, 16.282 ], [ 98.6811, 16.2741 ], [ 98.6762, 16.2712 ], [ 98.675, 16.2829 ], [ 98.6691, 16.2837 ], [ 98.6667, 16.2921 ], [ 98.6717, 16.3006 ], [ 98.6676, 16.309 ], [ 98.6718, 16.3174 ], [ 98.6637, 16.3195 ], [ 98.669, 16.3264 ], [ 98.6666, 16.3458 ], [ 98.653, 16.3522 ], [ 98.6628, 16.3606 ], [ 98.6636, 16.3672 ], [ 98.6536, 16.3705 ], [ 98.6583, 16.3778 ], [ 98.6491, 16.3936 ], [ 98.6561, 16.3999 ], [ 98.6437, 16.4034 ], [ 98.6362, 16.4115 ], [ 98.6404, 16.4167 ], [ 98.6397, 16.4312 ], [ 98.6572, 16.4522 ], [ 98.6511, 16.4718 ], [ 98.6442, 16.4728 ], [ 98.643, 16.4789 ], [ 98.634, 16.4781 ], [ 98.6273, 16.4959 ], [ 98.6132, 16.507 ], [ 98.6061, 16.5268 ], [ 98.5956, 16.5375 ], [ 98.5978, 16.5415 ], [ 98.6225, 16.5444 ], [ 98.6407, 16.535 ], [ 98.6506, 16.5411 ], [ 98.6568, 16.5371 ], [ 98.6768, 16.5402 ], [ 98.6881, 16.534 ], [ 98.7071, 16.5521 ], [ 98.7163, 16.5518 ], [ 98.7302, 16.5606 ], [ 98.7371, 16.5593 ], [ 98.7506, 16.57 ], [ 98.7565, 16.5948 ], [ 98.7802, 16.6102 ], [ 98.7893, 16.6134 ], [ 98.8019, 16.6077 ], [ 98.8151, 16.6141 ], [ 98.8209, 16.6091 ], [ 98.8497, 16.6104 ], [ 98.8753, 16.6196 ], [ 98.8749, 16.616 ], [ 98.8806, 16.6151 ], [ 98.9094, 16.6165 ], [ 98.9264, 16.6304 ], [ 98.9324, 16.641 ], [ 98.94, 16.6362 ], [ 98.9481, 16.6374 ], [ 98.9468, 16.6343 ], [ 98.9541, 16.6286 ], [ 98.9516, 16.6208 ], [ 98.9459, 16.6191 ], [ 98.9456, 16.6107 ], [ 98.9562, 16.6032 ], [ 98.9504, 16.5929 ], [ 98.9584, 16.5815 ], [ 98.9566, 16.5728 ], [ 98.964, 16.5732 ], [ 98.9699, 16.5576 ], [ 98.9803, 16.5561 ], [ 98.985, 16.5465 ], [ 98.9951, 16.5415 ], [ 98.9936, 16.5353 ], [ 98.9997, 16.5346 ], [ 99.0165, 16.4988 ], [ 99.0363, 16.4892 ], [ 99.031, 16.4357 ], [ 99.0397, 16.4234 ], [ 99.0298, 16.4215 ], [ 99.02, 16.4176 ], [ 99.0161, 16.3876 ], [ 99.0268, 16.3828 ], [ 99.0205, 16.3797 ], [ 99.0075, 16.3821 ], [ 99.0033, 16.3693 ], [ 98.9923, 16.3773 ], [ 98.985, 16.3737 ], [ 98.9431, 16.3837 ], [ 98.9343, 16.3898 ], [ 98.9188, 16.3847 ], [ 98.8965, 16.4075 ], [ 98.8919, 16.4074 ], [ 98.8891, 16.4169 ], [ 98.8792, 16.4258 ], [ 98.8713, 16.4232 ], [ 98.8583, 16.4299 ], [ 98.8467, 16.4193 ], [ 98.8289, 16.4221 ], [ 98.8273, 16.4127 ], [ 98.8133, 16.3939 ], [ 98.8169, 16.3853 ], [ 98.7824, 16.3658 ] ] ] } },
{ "type": "Feature", "properties": { "id": "AMP_0082", "name": "แม่ระมาด" }, "geometry": { "type": "Polygon", "coordinates": [ [ [ 98.6106, 16.9393 ], [ 98.6092, 16.9269 ], [ 98.5988, 16.9298 ], [ 98.5816, 16.9234 ], [ 98.5774, 16.8974 ], [ 98.581, 16.8806 ], [ 98.5773, 16.8668 ], [ 98.5626, 16.8471 ], [ 98.5645, 16.8366 ], [ 98.5553, 16.8333 ], [ 98.5477, 16.8385 ], [ 98.5457, 16.8328 ], [ 98.526, 16.827 ], [ 98.523, 16.8349 ], [ 98.5153, 16.8375 ], [ 98.5026, 16.8322 ], [ 98.4921, 16.8415 ], [ 98.5012, 16.8641 ], [ 98.5076, 16.8666 ], [ 98.5115, 16.8561 ], [ 98.5156, 16.8569 ], [ 98.5084, 16.8795 ], [ 98.5202, 16.8778 ], [ 98.5358, 16.86 ], [ 98.5399, 16.8609 ], [ 98.5265, 16.8837 ], [ 98.5288, 16.8909 ], [ 98.5356, 16.8934 ], [ 98.5357, 16.899 ], [ 98.5126, 16.9026 ], [ 98.5214, 16.9106 ], [ 98.5217, 16.9176 ], [ 98.51, 16.9166 ], [ 98.5075, 16.9107 ], [ 98.5012, 16.9176 ], [ 98.5055, 16.9279 ], [ 98.4896, 16.9233 ], [ 98.4911, 16.9335 ], [ 98.4835, 16.9366 ], [ 98.484, 16.9411 ], [ 98.4973, 16.9503 ], [ 98.5049, 16.9444 ], [ 98.5083, 16.9478 ], [ 98.5, 16.9573 ], [ 98.4888, 16.9578 ], [ 98.4876, 16.9712 ], [ 98.4697, 16.9707 ], [ 98.4807, 16.9798 ], [ 98.4734, 16.9862 ], [ 98.4734, 16.9936 ], [ 98.4693, 16.9962 ], [ 98.4583, 16.9912 ], [ 98.4486, 16.9967 ], [ 98.4554, 17.0222 ], [ 98.4303, 17.0222 ], [ 98.4366, 17.0275 ], [ 98.4376, 17.0363 ], [ 98.424, 17.0379 ], [ 98.4243, 17.0436 ], [ 98.4163, 17.043 ], [ 98.4106, 17.0543 ], [ 98.404, 17.0561 ], [ 98.3971, 17.0474 ], [ 98.3907, 17.0526 ], [ 98.3902, 17.0606 ], [ 98.3707, 17.0563 ], [ 98.3608, 17.049 ], [ 98.3449, 17.0481 ], [ 98.3222, 17.0666 ], [ 98.3426, 17.0773 ], [ 98.3508, 17.0747 ], [ 98.3487, 17.0886 ], [ 98.3814, 17.1093 ], [ 98.3949, 17.1064 ], [ 98.4076, 17.1222 ], [ 98.4214, 17.1275 ], [ 98.4193, 17.1374 ], [ 98.4333, 17.1438 ], [ 98.4329, 17.1493 ], [ 98.442, 17.1496 ], [ 98.4556, 17.1596 ], [ 98.4672, 17.1569 ], [ 98.4703, 17.1703 ], [ 98.4699, 17.1797 ], [ 98.4609, 17.188 ], [ 98.4455, 17.1946 ], [ 98.4444, 17.1988 ], [ 98.436, 17.1989 ], [ 98.422, 17.2106 ], [ 98.4164, 17.2103 ], [ 98.4097, 17.2287 ], [ 98.4011, 17.2305 ], [ 98.3926, 17.2423 ], [ 98.4302, 17.2572 ], [ 98.436, 17.2662 ], [ 98.4497, 17.2713 ], [ 98.454, 17.2692 ], [ 98.4607, 17.2757 ], [ 98.4781, 17.2767 ], [ 98.4897, 17.2703 ], [ 98.4961, 17.2728 ], [ 98.5033, 17.2799 ], [ 98.5196, 17.2811 ], [ 98.5324, 17.2744 ], [ 98.5441, 17.283 ], [ 98.5743, 17.2847 ], [ 98.5789, 17.2988 ], [ 98.5935, 17.2741 ], [ 98.6122, 17.2647 ], [ 98.6192, 17.2552 ], [ 98.6271, 17.2557 ], [ 98.6398, 17.2477 ], [ 98.6516, 17.2327 ], [ 98.6599, 17.2292 ], [ 98.6643, 17.2119 ], [ 98.6773, 17.1977 ], [ 98.6836, 17.1812 ], [ 98.7047, 17.1691 ], [ 98.7037, 17.1653 ], [ 98.7411, 17.1554 ], [ 98.7552, 17.1401 ], [ 98.7657, 17.1364 ], [ 98.766, 17.1475 ], [ 98.7565, 17.158 ], [ 98.7786, 17.1706 ], [ 98.7815, 17.1819 ], [ 98.8053, 17.1907 ], [ 98.8195, 17.1684 ], [ 98.8446, 17.1511 ], [ 98.8502, 17.1208 ], [ 98.8462, 17.1163 ], [ 98.8464, 17.103 ], [ 98.826, 17.0891 ], [ 98.825, 17.0718 ], [ 98.8307, 17.0687 ], [ 98.8389, 17.0509 ], [ 98.8664, 17.0238 ], [ 98.8734, 17.0218 ], [ 98.8904, 17.0058 ], [ 98.8931, 16.995 ], [ 98.9067, 16.9932 ], [ 98.9122, 16.9756 ], [ 98.9028, 16.9566 ], [ 98.8949, 16.9567 ], [ 98.8747, 16.9381 ], [ 98.8809, 16.934 ], [ 98.8815, 16.926 ], [ 98.8912, 16.9246 ], [ 98.8892, 16.9202 ], [ 98.8967, 16.9107 ], [ 98.8737, 16.9111 ], [ 98.8507, 16.9043 ], [ 98.837, 16.9131 ], [ 98.8252, 16.9284 ], [ 98.8175, 16.9296 ], [ 98.8103, 16.9451 ], [ 98.7997, 16.9478 ], [ 98.773, 16.9673 ], [ 98.7673, 16.9796 ], [ 98.7571, 16.9846 ], [ 98.7491, 16.9776 ], [ 98.7323, 16.9774 ], [ 98.7339, 16.9677 ], [ 98.7293, 16.9632 ], [ 98.7116, 16.9647 ], [ 98.6983, 16.9753 ], [ 98.6882, 16.9689 ], [ 98.6795, 16.9717 ], [ 98.6794, 16.9651 ], [ 98.6887, 16.954 ], [ 98.6743, 16.9389 ], [ 98.666, 16.9453 ], [ 98.6234, 16.9474 ], [ 98.6106, 16.9393 ] ] ] } },
{ "type": "Feature", "properties": { "id": "AMP_0083", "name": "ท่าสองยาง" }, "geometry": { "type": "Polygon", "coordinates": [ [ [ 98.4011, 17.2305 ], [ 98.4097, 17.2287 ], [ 98.4164, 17.2103 ], [ 98.422, 17.2106 ], [ 98.436, 17.1989 ], [ 98.4444, 17.1988 ], [ 98.4455, 17.1946 ], [ 98.4609, 17.188 ], [ 98.4699, 17.1797 ], [ 98.4703, 17.1703 ], [ 98.4672, 17.1569 ], [ 98.4556, 17.1596 ], [ 98.442, 17.1496 ], [ 98.4329, 17.1493 ], [ 98.4333, 17.1438 ], [ 98.4193, 17.1374 ], [ 98.4214, 17.1275 ], [ 98.4076, 17.1222 ], [ 98.3949, 17.1064 ], [ 98.3814, 17.1093 ], [ 98.3487, 17.0886 ], [ 98.3508, 17.0747 ], [ 98.3426, 17.0773 ], [ 98.3222, 17.0666 ], [ 98.3122, 17.0789 ], [ 98.3126, 17.0889 ], [ 98.2996, 17.0911 ], [ 98.3087, 17.1007 ], [ 98.3157, 17.0949 ], [ 98.3226, 17.111 ], [ 98.3085, 17.1118 ], [ 98.3013, 17.1078 ], [ 98.2981, 17.1275 ], [ 98.2933, 17.1228 ], [ 98.2932, 17.114 ], [ 98.286, 17.1117 ], [ 98.2802, 17.1155 ], [ 98.2865, 17.1304 ], [ 98.2847, 17.1438 ], [ 98.2965, 17.1417 ], [ 98.298, 17.1457 ], [ 98.2875, 17.1562 ], [ 98.2715, 17.1518 ], [ 98.2672, 17.161 ], [ 98.2801, 17.1688 ], [ 98.2791, 17.1735 ], [ 98.27, 17.1759 ], [ 98.2587, 17.1756 ], [ 98.2625, 17.1876 ], [ 98.2488, 17.1831 ], [ 98.2516, 17.1969 ], [ 98.2444, 17.1967 ], [ 98.2469, 17.2109 ], [ 98.2284, 17.2048 ], [ 98.2297, 17.2126 ], [ 98.2448, 17.2229 ], [ 98.2425, 17.2295 ], [ 98.2272, 17.2215 ], [ 98.2123, 17.2293 ], [ 98.2049, 17.2502 ], [ 98.1667, 17.2632 ], [ 98.1673, 17.2732 ], [ 98.1617, 17.279 ], [ 98.1465, 17.292 ], [ 98.1351, 17.2926 ], [ 98.1382, 17.2998 ], [ 98.129, 17.3077 ], [ 98.1264, 17.3197 ], [ 98.1198, 17.3231 ], [ 98.1119, 17.3203 ], [ 98.1052, 17.3538 ], [ 98.1197, 17.3734 ], [ 98.11, 17.3762 ], [ 98.1099, 17.3858 ], [ 98.0946, 17.3907 ], [ 98.0879, 17.3961 ], [ 98.0807, 17.3898 ], [ 98.0611, 17.42 ], [ 98.0457, 17.4299 ], [ 98.0567, 17.4369 ], [ 98.0563, 17.4419 ], [ 98.0486, 17.4428 ], [ 98.0368, 17.4523 ], [ 97.9916, 17.5108 ], [ 97.9708, 17.5083 ], [ 97.9623, 17.5278 ], [ 97.9236, 17.5393 ], [ 97.9192, 17.5579 ], [ 97.9104, 17.5631 ], [ 97.9045, 17.5856 ], [ 97.8505, 17.6246 ], [ 97.8217, 17.6529 ], [ 97.8183, 17.6622 ], [ 97.7935, 17.6795 ], [ 97.7912, 17.692 ], [ 97.7627, 17.7251 ], [ 97.7627, 17.7454 ], [ 97.7744, 17.7511 ], [ 97.7589, 17.77 ], [ 97.7458, 17.77 ], [ 97.7426, 17.7848 ], [ 97.7623, 17.7763 ], [ 97.7858, 17.7848 ], [ 97.7956, 17.7771 ], [ 97.8134, 17.7847 ], [ 97.8473, 17.7785 ], [ 97.8629, 17.79 ], [ 97.8675, 17.7886 ], [ 97.8708, 17.7942 ], [ 97.8948, 17.8039 ], [ 97.9054, 17.8134 ], [ 97.906, 17.82 ], [ 97.899, 17.8304 ], [ 97.9074, 17.84 ], [ 97.9112, 17.8542 ], [ 97.9187, 17.8585 ], [ 97.9531, 17.8605 ], [ 97.9694, 17.8682 ], [ 97.9733, 17.865 ], [ 97.9672, 17.8567 ], [ 97.9707, 17.8473 ], [ 97.9748, 17.848 ], [ 97.9825, 17.8367 ], [ 97.9752, 17.823 ], [ 97.9802, 17.8229 ], [ 97.9799, 17.8138 ], [ 97.9914, 17.8101 ], [ 97.9857, 17.8071 ], [ 97.9949, 17.7883 ], [ 97.9894, 17.7862 ], [ 97.9961, 17.786 ], [ 97.9995, 17.7804 ], [ 97.9964, 17.7762 ], [ 98.0059, 17.775 ], [ 98.0101, 17.7693 ], [ 98.008, 17.7628 ], [ 98.0147, 17.7554 ], [ 98.0118, 17.749 ], [ 98.0216, 17.7388 ], [ 98.0208, 17.736 ], [ 98.014, 17.7397 ], [ 98.0154, 17.733 ], [ 98.0211, 17.7326 ], [ 98.022, 17.7247 ], [ 98.0276, 17.7209 ], [ 98.0233, 17.7105 ], [ 98.0315, 17.71 ], [ 98.0316, 17.7013 ], [ 98.0392, 17.6944 ], [ 98.0434, 17.6805 ], [ 98.0407, 17.6753 ], [ 98.0479, 17.669 ], [ 98.0467, 17.6646 ], [ 98.0528, 17.667 ], [ 98.0582, 17.6626 ], [ 98.0625, 17.6487 ], [ 98.073, 17.6479 ], [ 98.0898, 17.6366 ], [ 98.0981, 17.6221 ], [ 98.1023, 17.6224 ], [ 98.0997, 17.615 ], [ 98.1073, 17.6116 ], [ 98.1035, 17.6004 ], [ 98.11, 17.592 ], [ 98.1084, 17.5825 ], [ 98.1269, 17.5678 ], [ 98.1258, 17.5588 ], [ 98.1367, 17.5412 ], [ 98.1676, 17.5474 ], [ 98.1788, 17.5375 ], [ 98.1974, 17.5424 ], [ 98.2081, 17.5398 ], [ 98.2182, 17.547 ], [ 98.2266, 17.5451 ], [ 98.2386, 17.5497 ], [ 98.2409, 17.5553 ], [ 98.2494, 17.5579 ], [ 98.2557, 17.5728 ], [ 98.2687, 17.5795 ], [ 98.2981, 17.5764 ], [ 98.3028, 17.5663 ], [ 98.2989, 17.553 ], [ 98.3063, 17.5489 ], [ 98.31, 17.5299 ], [ 98.3147, 17.527 ], [ 98.3169, 17.5031 ], [ 98.3274, 17.489 ], [ 98.3295, 17.4692 ], [ 98.3198, 17.4442 ], [ 98.3197, 17.4354 ], [ 98.3275, 17.4293 ], [ 98.3228, 17.4167 ], [ 98.2917, 17.408 ], [ 98.3192, 17.3795 ], [ 98.3176, 17.3653 ], [ 98.3342, 17.3488 ], [ 98.3302, 17.3404 ], [ 98.332, 17.329 ], [ 98.3172, 17.3212 ], [ 98.3308, 17.3016 ], [ 98.361, 17.2885 ], [ 98.3581, 17.275 ], [ 98.3612, 17.2708 ], [ 98.3707, 17.267 ], [ 98.3769, 17.2557 ], [ 98.3926, 17.2423 ], [ 98.4011, 17.2305 ] ] ] } },
{ "type": "Feature", "properties": { "id": "AMP_0084", "name": "บ้านตาก" }, "geometry": { "type": "Polygon", "coordinates": [ [ [ 99.2011, 17.0905 ], [ 99.2158, 17.0682 ], [ 99.2077, 17.0246 ], [ 99.1941, 17.0089 ], [ 99.1765, 16.9954 ], [ 99.1711, 16.9858 ], [ 99.1652, 16.9845 ], [ 99.156, 16.9905 ], [ 99.1383, 16.9711 ], [ 99.0976, 16.9713 ], [ 99.0782, 16.9788 ], [ 99.061, 16.9656 ], [ 99.0483, 16.9638 ], [ 99.0261, 16.9508 ], [ 99.0229, 16.9414 ], [ 99.0123, 16.9382 ], [ 98.9943, 16.9187 ], [ 98.9805, 16.9128 ], [ 98.9351, 16.9354 ], [ 98.9368, 16.9424 ], [ 98.927, 16.9609 ], [ 98.9284, 16.9707 ], [ 98.923, 16.9754 ], [ 98.9122, 16.9756 ], [ 98.9067, 16.9932 ], [ 98.8931, 16.995 ], [ 98.8904, 17.0058 ], [ 98.8734, 17.0218 ], [ 98.8664, 17.0238 ], [ 98.8389, 17.0509 ], [ 98.8307, 17.0687 ], [ 98.825, 17.0718 ], [ 98.826, 17.0891 ], [ 98.8464, 17.103 ], [ 98.8462, 17.1163 ], [ 98.8502, 17.1208 ], [ 98.8446, 17.1511 ], [ 98.8456, 17.1568 ], [ 98.8674, 17.1622 ], [ 98.8721, 17.1681 ], [ 98.8836, 17.1632 ], [ 98.8863, 17.1574 ], [ 98.8982, 17.1635 ], [ 98.9118, 17.1581 ], [ 98.9073, 17.1649 ], [ 98.9097, 17.1679 ], [ 98.928, 17.1499 ], [ 98.9469, 17.1595 ], [ 98.9551, 17.1474 ], [ 98.9662, 17.1508 ], [ 98.97, 17.1647 ], [ 98.9831, 17.1676 ], [ 98.9982, 17.1576 ], [ 99.0198, 17.1588 ], [ 99.0265, 17.147 ], [ 99.0442, 17.1374 ], [ 99.0584, 17.1219 ], [ 99.063, 17.1281 ], [ 99.0746, 17.1265 ], [ 99.0956, 17.1396 ], [ 99.0891, 17.1547 ], [ 99.0944, 17.1656 ], [ 99.1077, 17.1663 ], [ 99.1118, 17.1735 ], [ 99.1308, 17.1774 ], [ 99.1475, 17.175 ], [ 99.1487, 17.1836 ], [ 99.159, 17.1911 ], [ 99.1683, 17.1878 ], [ 99.1704, 17.2003 ], [ 99.1827, 17.1992 ], [ 99.188, 17.2055 ], [ 99.1963, 17.2255 ], [ 99.2074, 17.2298 ], [ 99.2096, 17.2373 ], [ 99.2254, 17.2467 ], [ 99.2131, 17.3296 ], [ 99.2174, 17.3611 ], [ 99.2061, 17.3804 ], [ 99.213, 17.3911 ], [ 99.2284, 17.4056 ], [ 99.2381, 17.4026 ], [ 99.2611, 17.4054 ], [ 99.27, 17.4004 ], [ 99.2754, 17.3812 ], [ 99.2708, 17.3522 ], [ 99.274, 17.3452 ], [ 99.2779, 17.3456 ], [ 99.2768, 17.3311 ], [ 99.2874, 17.3114 ], [ 99.2972, 17.304 ], [ 99.3033, 17.2735 ], [ 99.3162, 17.2694 ], [ 99.3211, 17.2438 ], [ 99.3192, 17.2266 ], [ 99.3137, 17.2191 ], [ 99.3183, 17.2144 ], [ 99.299, 17.1963 ], [ 99.2851, 17.1956 ], [ 99.2787, 17.1894 ], [ 99.2749, 17.1924 ], [ 99.273, 17.1804 ], [ 99.2665, 17.1756 ], [ 99.2543, 17.1858 ], [ 99.2404, 17.1782 ], [ 99.231, 17.1816 ], [ 99.2201, 17.1621 ], [ 99.1983, 17.1486 ], [ 99.1975, 17.1325 ], [ 99.1842, 17.1179 ], [ 99.1771, 17.0945 ], [ 99.2011, 17.0905 ] ] ] } },
{ "type": "Feature", "properties": { "id": "AMP_0085", "name": "สามเงา" }, "geometry": { "type": "Polygon", "coordinates": [ [ [ 99.0746, 17.1265 ], [ 99.063, 17.1281 ], [ 99.0584, 17.1219 ], [ 99.0442, 17.1374 ], [ 99.0265, 17.147 ], [ 99.0198, 17.1588 ], [ 98.9982, 17.1576 ], [ 98.9831, 17.1676 ], [ 98.97, 17.1647 ], [ 98.9662, 17.1508 ], [ 98.9551, 17.1474 ], [ 98.9469, 17.1595 ], [ 98.928, 17.1499 ], [ 98.9097, 17.1679 ], [ 98.9073, 17.1649 ], [ 98.9118, 17.1581 ], [ 98.8982, 17.1635 ], [ 98.8863, 17.1574 ], [ 98.8836, 17.1632 ], [ 98.8721, 17.1681 ], [ 98.8674, 17.1622 ], [ 98.8456, 17.1568 ], [ 98.8446, 17.1511 ], [ 98.8195, 17.1684 ], [ 98.8053, 17.1907 ], [ 98.7815, 17.1819 ], [ 98.7786, 17.1706 ], [ 98.7565, 17.158 ], [ 98.766, 17.1475 ], [ 98.7657, 17.1364 ], [ 98.7552, 17.1401 ], [ 98.7411, 17.1554 ], [ 98.7037, 17.1653 ], [ 98.7047, 17.1691 ], [ 98.6836, 17.1812 ], [ 98.6773, 17.1977 ], [ 98.6643, 17.2119 ], [ 98.6599, 17.2292 ], [ 98.6516, 17.2327 ], [ 98.6398, 17.2477 ], [ 98.6271, 17.2557 ], [ 98.6192, 17.2552 ], [ 98.6122, 17.2647 ], [ 98.5935, 17.2741 ], [ 98.5789, 17.2988 ], [ 98.5576, 17.2938 ], [ 98.5563, 17.3128 ], [ 98.561, 17.318 ], [ 98.5558, 17.3374 ], [ 98.5619, 17.3513 ], [ 98.5549, 17.3566 ], [ 98.548, 17.3539 ], [ 98.5375, 17.3622 ], [ 98.5561, 17.3964 ], [ 98.5574, 17.4204 ], [ 98.5463, 17.4333 ], [ 98.547, 17.4459 ], [ 98.5294, 17.4521 ], [ 98.5184, 17.4777 ], [ 98.5245, 17.4953 ], [ 98.5194, 17.5117 ], [ 98.5259, 17.518 ], [ 98.5274, 17.5365 ], [ 98.5364, 17.5407 ], [ 98.5388, 17.551 ], [ 98.5228, 17.5728 ], [ 98.5331, 17.6199 ], [ 98.5291, 17.6352 ], [ 98.5317, 17.6478 ], [ 98.5226, 17.6788 ], [ 98.5263, 17.7077 ], [ 98.5174, 17.7378 ], [ 98.4945, 17.7808 ], [ 98.4939, 17.8137 ], [ 98.5093, 17.8126 ], [ 98.5189, 17.8249 ], [ 98.5312, 17.8148 ], [ 98.5445, 17.8115 ], [ 98.5594, 17.7965 ], [ 98.5715, 17.8099 ], [ 98.582, 17.8014 ], [ 98.5898, 17.8015 ], [ 98.5907, 17.8058 ], [ 98.5986, 17.8025 ], [ 98.6147, 17.7799 ], [ 98.624, 17.7773 ], [ 98.6316, 17.7852 ], [ 98.6319, 17.8011 ], [ 98.6392, 17.8145 ], [ 98.6478, 17.8165 ], [ 98.655, 17.8271 ], [ 98.6708, 17.834 ], [ 98.6719, 17.8198 ], [ 98.6852, 17.7911 ], [ 98.6872, 17.7797 ], [ 98.7044, 17.762 ], [ 98.7035, 17.7433 ], [ 98.7238, 17.7272 ], [ 98.7246, 17.7167 ], [ 98.7405, 17.707 ], [ 98.7459, 17.6927 ], [ 98.7378, 17.6832 ], [ 98.7228, 17.6756 ], [ 98.6839, 17.6658 ], [ 98.6891, 17.6554 ], [ 98.6845, 17.6447 ], [ 98.6922, 17.6313 ], [ 98.6824, 17.5971 ], [ 98.6936, 17.5862 ], [ 98.7019, 17.556 ], [ 98.7017, 17.5251 ], [ 98.6965, 17.5145 ], [ 98.7056, 17.5008 ], [ 98.7051, 17.4859 ], [ 98.7001, 17.4785 ], [ 98.6881, 17.4732 ], [ 98.6826, 17.4593 ], [ 98.6815, 17.4459 ], [ 98.6905, 17.434 ], [ 98.6906, 17.4241 ], [ 98.7005, 17.4354 ], [ 98.7029, 17.4473 ], [ 98.7134, 17.4528 ], [ 98.7176, 17.4645 ], [ 98.75, 17.4683 ], [ 98.7619, 17.4832 ], [ 98.7964, 17.5001 ], [ 98.8157, 17.5005 ], [ 98.8159, 17.5076 ], [ 98.8231, 17.5122 ], [ 98.8405, 17.5149 ], [ 98.8587, 17.5112 ], [ 98.8703, 17.5014 ], [ 98.8717, 17.4928 ], [ 98.88, 17.4911 ], [ 98.883, 17.5106 ], [ 98.8885, 17.5126 ], [ 98.8964, 17.5281 ], [ 98.9109, 17.5354 ], [ 98.9262, 17.5242 ], [ 98.9221, 17.5125 ], [ 98.9283, 17.5067 ], [ 98.927, 17.49 ], [ 98.9325, 17.4839 ], [ 98.932, 17.4743 ], [ 98.9459, 17.4686 ], [ 98.9554, 17.4748 ], [ 98.9591, 17.4636 ], [ 98.9627, 17.4667 ], [ 98.9812, 17.4647 ], [ 99.0135, 17.423 ], [ 99.0121, 17.4147 ], [ 99.0322, 17.4108 ], [ 99.0472, 17.3864 ], [ 99.0572, 17.3878 ], [ 99.0764, 17.3724 ], [ 99.088, 17.3765 ], [ 99.1093, 17.3588 ], [ 99.1133, 17.3725 ], [ 99.1213, 17.3646 ], [ 99.1417, 17.36 ], [ 99.1518, 17.3449 ], [ 99.1571, 17.3461 ], [ 99.1726, 17.3364 ], [ 99.1764, 17.3484 ], [ 99.1896, 17.3539 ], [ 99.209, 17.3736 ], [ 99.2174, 17.3611 ], [ 99.2131, 17.3296 ], [ 99.2254, 17.2467 ], [ 99.2096, 17.2373 ], [ 99.2074, 17.2298 ], [ 99.1963, 17.2255 ], [ 99.188, 17.2055 ], [ 99.1827, 17.1992 ], [ 99.1704, 17.2003 ], [ 99.1683, 17.1878 ], [ 99.159, 17.1911 ], [ 99.1487, 17.1836 ], [ 99.1475, 17.175 ], [ 99.1308, 17.1774 ], [ 99.1118, 17.1735 ], [ 99.1077, 17.1663 ], [ 99.0944, 17.1656 ], [ 99.0891, 17.1547 ], [ 99.0956, 17.1396 ], [ 99.0746, 17.1265 ] ] ] } },
{ "type": "Feature", "properties": { "id": "AMP_0086", "name": "จอมทอง" }, "geometry": { "type": "Polygon", "coordinates": [ [ [ 98.7095, 18.4152 ], [ 98.698, 18.3956 ], [ 98.6901, 18.3922 ], [ 98.6813, 18.3674 ], [ 98.6964, 18.3512 ], [ 98.7041, 18.3345 ], [ 98.6993, 18.3306 ], [ 98.6888, 18.3346 ], [ 98.6718, 18.3271 ], [ 98.6733, 18.3111 ], [ 98.7058, 18.2902 ], [ 98.7208, 18.2862 ], [ 98.7362, 18.2662 ], [ 98.77, 18.2561 ], [ 98.7737, 18.2512 ], [ 98.7774, 18.2377 ], [ 98.7729, 18.2297 ], [ 98.7852, 18.2208 ], [ 98.7844, 18.2006 ], [ 98.78, 18.1963 ], [ 98.7827, 18.1799 ], [ 98.7622, 18.1707 ], [ 98.7464, 18.1535 ], [ 98.738, 18.1553 ], [ 98.7218, 18.1493 ], [ 98.6923, 18.164 ], [ 98.6724, 18.1627 ], [ 98.6574, 18.1763 ], [ 98.6349, 18.183 ], [ 98.6281, 18.1973 ], [ 98.6128, 18.2036 ], [ 98.6073, 18.1983 ], [ 98.6045, 18.2057 ], [ 98.5952, 18.2101 ], [ 98.5905, 18.208 ], [ 98.5896, 18.2135 ], [ 98.555, 18.2331 ], [ 98.5321, 18.236 ], [ 98.478, 18.2221 ], [ 98.4626, 18.2225 ], [ 98.4544, 18.2288 ], [ 98.447, 18.2265 ], [ 98.4373, 18.2322 ], [ 98.4203, 18.2468 ], [ 98.426, 18.259 ], [ 98.4558, 18.2659 ], [ 98.4631, 18.2769 ], [ 98.463, 18.3078 ], [ 98.4554, 18.3113 ], [ 98.452, 18.3246 ], [ 98.4687, 18.3514 ], [ 98.4672, 18.366 ], [ 98.4709, 18.3895 ], [ 98.4811, 18.3984 ], [ 98.4872, 18.411 ], [ 98.4846, 18.4171 ], [ 98.4893, 18.4207 ], [ 98.4833, 18.4301 ], [ 98.4833, 18.4446 ], [ 98.4745, 18.4494 ], [ 98.4755, 18.4645 ], [ 98.4957, 18.4788 ], [ 98.4989, 18.4868 ], [ 98.5062, 18.4865 ], [ 98.5101, 18.4913 ], [ 98.5034, 18.501 ], [ 98.5075, 18.5059 ], [ 98.5026, 18.5067 ], [ 98.5075, 18.5167 ], [ 98.5054, 18.5248 ], [ 98.4976, 18.5252 ], [ 98.4933, 18.5367 ], [ 98.4826, 18.5501 ], [ 98.4789, 18.5827 ], [ 98.4876, 18.5922 ], [ 98.4983, 18.5908 ], [ 98.5085, 18.5948 ], [ 98.5442, 18.5847 ], [ 98.5848, 18.5812 ], [ 98.6007, 18.5841 ], [ 98.6092, 18.594 ], [ 98.6232, 18.6004 ], [ 98.6348, 18.5831 ], [ 98.6447, 18.5805 ], [ 98.6596, 18.5668 ], [ 98.6668, 18.5668 ], [ 98.6678, 18.5586 ], [ 98.6895, 18.5355 ], [ 98.683, 18.5246 ], [ 98.693, 18.5111 ], [ 98.7263, 18.4989 ], [ 98.7396, 18.4918 ], [ 98.7467, 18.4748 ], [ 98.748, 18.4458 ], [ 98.7396, 18.4359 ], [ 98.725, 18.4462 ], [ 98.7196, 18.4345 ], [ 98.7152, 18.4341 ], [ 98.7086, 18.4423 ], [ 98.6934, 18.419 ], [ 98.6967, 18.4112 ], [ 98.7095, 18.4152 ] ] ] } },
{ "type": "Feature", "properties": { "id": "AMP_0087", "name": "แก้งสนามนาง" }, "geometry": { "type": "Polygon", "coordinates": [ [ [ 102.2459, 15.6134 ], [ 102.233, 15.607 ], [ 102.2195, 15.6161 ], [ 102.1843, 15.6156 ], [ 102.1435, 15.6399 ], [ 102.121, 15.6449 ], [ 102.1196, 15.6524 ], [ 102.1281, 15.6509 ], [ 102.1284, 15.6593 ], [ 102.1241, 15.6619 ], [ 102.1321, 15.6669 ], [ 102.1281, 15.6708 ], [ 102.1323, 15.6746 ], [ 102.1364, 15.6711 ], [ 102.1448, 15.6796 ], [ 102.1434, 15.7076 ], [ 102.1495, 15.7075 ], [ 102.1469, 15.7108 ], [ 102.1529, 15.717 ], [ 102.151, 15.723 ], [ 102.1547, 15.7199 ], [ 102.1564, 15.7241 ], [ 102.1535, 15.7277 ], [ 102.1627, 15.7285 ], [ 102.1559, 15.7321 ], [ 102.1557, 15.7422 ], [ 102.1629, 15.7421 ], [ 102.163, 15.739 ], [ 102.1639, 15.7463 ], [ 102.1778, 15.7459 ], [ 102.1798, 15.7497 ], [ 102.1812, 15.7465 ], [ 102.1869, 15.7486 ], [ 102.1832, 15.7435 ], [ 102.1881, 15.7403 ], [ 102.1936, 15.7435 ], [ 102.2009, 15.7414 ], [ 102.2045, 15.7577 ], [ 102.2315, 15.7463 ], [ 102.2531, 15.7595 ], [ 102.2533, 15.7701 ], [ 102.2582, 15.7725 ], [ 102.2561, 15.7815 ], [ 102.2703, 15.7854 ], [ 102.2761, 15.7812 ], [ 102.284, 15.7834 ], [ 102.2847, 15.7877 ], [ 102.2922, 15.7854 ], [ 102.3079, 15.7937 ], [ 102.3127, 15.8077 ], [ 102.3279, 15.8037 ], [ 102.3438, 15.7802 ], [ 102.3627, 15.7675 ], [ 102.3569, 15.7404 ], [ 102.3612, 15.7303 ], [ 102.3582, 15.7081 ], [ 102.3289, 15.693 ], [ 102.3127, 15.6921 ], [ 102.3018, 15.6793 ], [ 102.3083, 15.6698 ], [ 102.292, 15.6524 ], [ 102.2459, 15.6134 ] ] ] } },
{ "type": "Feature", "properties": { "id": "AMP_0088", "name": "สีคิ้ว" }, "geometry": { "type": "Polygon", "coordinates": [ [ [ 101.7861, 14.8834 ], [ 101.7703, 14.8859 ], [ 101.7665, 14.8802 ], [ 101.7594, 14.88 ], [ 101.7567, 14.8725 ], [ 101.7491, 14.8762 ], [ 101.7321, 14.866 ], [ 101.7258, 14.8674 ], [ 101.7154, 14.8565 ], [ 101.7059, 14.8563 ], [ 101.6926, 14.8432 ], [ 101.6958, 14.8221 ], [ 101.7035, 14.8192 ], [ 101.7119, 14.8061 ], [ 101.7145, 14.7784 ], [ 101.7031, 14.7569 ], [ 101.6915, 14.7557 ], [ 101.6752, 14.7381 ], [ 101.681, 14.7191 ], [ 101.6886, 14.7129 ], [ 101.6845, 14.7001 ], [ 101.6782, 14.6949 ], [ 101.6574, 14.7041 ], [ 101.6477, 14.7163 ], [ 101.6413, 14.7195 ], [ 101.6193, 14.7163 ], [ 101.6135, 14.7489 ], [ 101.6021, 14.7574 ], [ 101.5902, 14.7565 ], [ 101.5788, 14.7607 ], [ 101.5745, 14.7701 ], [ 101.55, 14.7774 ], [ 101.5473, 14.7845 ], [ 101.5546, 14.7992 ], [ 101.5615, 14.8341 ], [ 101.5543, 14.846 ], [ 101.548, 14.8503 ], [ 101.5132, 14.8352 ], [ 101.4915, 14.8431 ], [ 101.4867, 14.8566 ], [ 101.4801, 14.8621 ], [ 101.4644, 14.8809 ], [ 101.4572, 14.8986 ], [ 101.4486, 14.9021 ], [ 101.4492, 14.913 ], [ 101.4316, 14.9499 ], [ 101.4291, 14.9831 ], [ 101.4203, 14.997 ], [ 101.4246, 15.0128 ], [ 101.4138, 15.0342 ], [ 101.4107, 15.0531 ], [ 101.3991, 15.0725 ], [ 101.3966, 15.0986 ], [ 101.3996, 15.102 ], [ 101.417, 15.0969 ], [ 101.437, 15.1066 ], [ 101.4533, 15.1061 ], [ 101.4654, 15.1127 ], [ 101.4969, 15.1063 ], [ 101.5442, 15.1063 ], [ 101.5668, 15.0927 ], [ 101.5782, 15.0967 ], [ 101.6316, 15.098 ], [ 101.6366, 15.0771 ], [ 101.6586, 15.0688 ], [ 101.6853, 15.0716 ], [ 101.6992, 15.0641 ], [ 101.7143, 15.0748 ], [ 101.7344, 15.0664 ], [ 101.7464, 15.0688 ], [ 101.7568, 15.0769 ], [ 101.7781, 15.0653 ], [ 101.7865, 15.0474 ], [ 101.7842, 15.0365 ], [ 101.771, 15.0184 ], [ 101.7637, 15.0034 ], [ 101.7589, 14.9664 ], [ 101.7716, 14.9409 ], [ 101.7845, 14.9217 ], [ 101.78, 14.9124 ], [ 101.7861, 14.8834 ] ] ] } },
{ "type": "Feature", "properties": { "id": "AMP_0089", "name": "พระทองคำ" }, "geometry": { "type": "Polygon", "coordinates": [ [ [ 102.0363, 15.2971 ], [ 102.0267, 15.2912 ], [ 102.0276, 15.2782 ], [ 102.0107, 15.2707 ], [ 102.0046, 15.2623 ], [ 102.015, 15.2634 ], [ 102.0176, 15.253 ], [ 102.0132, 15.2428 ], [ 101.9783, 15.2208 ], [ 101.9631, 15.2425 ], [ 101.946, 15.2464 ], [ 101.9421, 15.2519 ], [ 101.9474, 15.2634 ], [ 101.9617, 15.2761 ], [ 101.9632, 15.2833 ], [ 101.9505, 15.2819 ], [ 101.9334, 15.2885 ], [ 101.9172, 15.2836 ], [ 101.922, 15.3028 ], [ 101.9177, 15.3186 ], [ 101.9307, 15.3319 ], [ 101.9249, 15.337 ], [ 101.9232, 15.3464 ], [ 101.9151, 15.3547 ], [ 101.8937, 15.3642 ], [ 101.8735, 15.3818 ], [ 101.8774, 15.3914 ], [ 101.8962, 15.4044 ], [ 101.9063, 15.4192 ], [ 101.9121, 15.4341 ], [ 101.9253, 15.4429 ], [ 101.9331, 15.4565 ], [ 101.9646, 15.4558 ], [ 101.9965, 15.4662 ], [ 102.0095, 15.4582 ], [ 102.0149, 15.4484 ], [ 102.0469, 15.4334 ], [ 102.0442, 15.416 ], [ 102.0488, 15.3863 ], [ 102.0706, 15.3769 ], [ 102.0677, 15.3618 ], [ 102.0617, 15.3548 ], [ 102.0684, 15.3421 ], [ 102.0807, 15.3337 ], [ 102.0881, 15.3173 ], [ 102.112, 15.3117 ], [ 102.1016, 15.3065 ], [ 102.0918, 15.3071 ], [ 102.079, 15.2992 ], [ 102.0747, 15.2855 ], [ 102.0615, 15.2778 ], [ 102.0358, 15.3047 ], [ 102.0363, 15.2971 ] ] ] } },
{ "type": "Feature", "properties": { "id": "AMP_0090", "name": "เทพารักษ์" }, "geometry": { "type": "Polygon", "coordinates": [ [ [ 101.5977, 15.3095 ], [ 101.615, 15.308 ], [ 101.6356, 15.2866 ], [ 101.6403, 15.2686 ], [ 101.6354, 15.2375 ], [ 101.6096, 15.2519 ], [ 101.5941, 15.255 ], [ 101.591, 15.2479 ], [ 101.5926, 15.2356 ], [ 101.6012, 15.2205 ], [ 101.5995, 15.2159 ], [ 101.5519, 15.2066 ], [ 101.5512, 15.2025 ], [ 101.4972, 15.2029 ], [ 101.4886, 15.2091 ], [ 101.484, 15.224 ], [ 101.4689, 15.2363 ], [ 101.3915, 15.2294 ], [ 101.3911, 15.2402 ], [ 101.3864, 15.2429 ], [ 101.3843, 15.2529 ], [ 101.3812, 15.288 ], [ 101.3825, 15.3332 ], [ 101.4144, 15.3319 ], [ 101.4443, 15.3529 ], [ 101.4549, 15.3457 ], [ 101.4553, 15.3572 ], [ 101.4688, 15.3676 ], [ 101.4768, 15.3676 ], [ 101.4848, 15.3591 ], [ 101.4961, 15.3564 ], [ 101.5226, 15.3738 ], [ 101.5622, 15.3737 ], [ 101.5636, 15.3534 ], [ 101.5764, 15.348 ], [ 101.5787, 15.3338 ], [ 101.5977, 15.3095 ] ] ] } },
{ "type": "Feature", "properties": { "id": "AMP_0091", "name": "สันกำแพง" }, "geometry": { "type": "Polygon", "coordinates": [ [ [ 99.256, 18.7401 ], [ 99.2686, 18.7176 ], [ 99.27, 18.6837 ], [ 99.2625, 18.6759 ], [ 99.2647, 18.6688 ], [ 99.2583, 18.669 ], [ 99.2489, 18.6612 ], [ 99.2466, 18.6564 ], [ 99.2336, 18.6518 ], [ 99.2179, 18.6544 ], [ 99.2131, 18.6604 ], [ 99.2066, 18.66 ], [ 99.2055, 18.6685 ], [ 99.1883, 18.6792 ], [ 99.1892, 18.7071 ], [ 99.1762, 18.7065 ], [ 99.1556, 18.71 ], [ 99.1381, 18.7017 ], [ 99.1264, 18.6835 ], [ 99.1021, 18.6776 ], [ 99.0995, 18.6694 ], [ 99.0765, 18.6724 ], [ 99.0758, 18.6812 ], [ 99.0804, 18.6808 ], [ 99.0811, 18.6861 ], [ 99.076, 18.7065 ], [ 99.0667, 18.7264 ], [ 99.0709, 18.7326 ], [ 99.0506, 18.7601 ], [ 99.0422, 18.794 ], [ 99.0495, 18.7985 ], [ 99.058, 18.7893 ], [ 99.0596, 18.7794 ], [ 99.0819, 18.7774 ], [ 99.0833, 18.7817 ], [ 99.0926, 18.7817 ], [ 99.0996, 18.7694 ], [ 99.1136, 18.784 ], [ 99.1181, 18.7976 ], [ 99.129, 18.801 ], [ 99.1525, 18.7891 ], [ 99.1666, 18.8058 ], [ 99.1824, 18.8032 ], [ 99.209, 18.8142 ], [ 99.2147, 18.8027 ], [ 99.2259, 18.7935 ], [ 99.2283, 18.778 ], [ 99.2246, 18.7661 ], [ 99.2147, 18.7604 ], [ 99.2166, 18.7538 ], [ 99.2293, 18.7439 ], [ 99.256, 18.7401 ] ] ] } },
{ "type": "Feature", "properties": { "id": "AMP_0092", "name": "สันป่าตอง" }, "geometry": { "type": "Polygon", "coordinates": [ [ [ 98.8777, 18.5113 ], [ 98.873, 18.5169 ], [ 98.8649, 18.5149 ], [ 98.8598, 18.5015 ], [ 98.8465, 18.4996 ], [ 98.8468, 18.5072 ], [ 98.8577, 18.5092 ], [ 98.8574, 18.5413 ], [ 98.8535, 18.5454 ], [ 98.8578, 18.5505 ], [ 98.8342, 18.5766 ], [ 98.8367, 18.5839 ], [ 98.8322, 18.6056 ], [ 98.8335, 18.6207 ], [ 98.8293, 18.6314 ], [ 98.8178, 18.6405 ], [ 98.8236, 18.6445 ], [ 98.8223, 18.6591 ], [ 98.8278, 18.6668 ], [ 98.8066, 18.6856 ], [ 98.8126, 18.6916 ], [ 98.8082, 18.6957 ], [ 98.8229, 18.7077 ], [ 98.8233, 18.7188 ], [ 98.8347, 18.7143 ], [ 98.8342, 18.7043 ], [ 98.8546, 18.6898 ], [ 98.8739, 18.68 ], [ 98.8837, 18.6806 ], [ 98.8857, 18.6655 ], [ 98.8933, 18.6664 ], [ 98.8943, 18.655 ], [ 98.9183, 18.6422 ], [ 98.9199, 18.6344 ], [ 98.9246, 18.6281 ], [ 98.9247, 18.6164 ], [ 98.9331, 18.5968 ], [ 98.9444, 18.592 ], [ 98.9533, 18.5969 ], [ 98.9617, 18.5963 ], [ 98.9478, 18.5709 ], [ 98.9328, 18.5547 ], [ 98.9351, 18.5431 ], [ 98.9223, 18.5362 ], [ 98.915, 18.5367 ], [ 98.9027, 18.5272 ], [ 98.8777, 18.5113 ] ] ] } },
{ "type": "Feature", "properties": { "id": "AMP_0093", "name": "ดอยเต่า" }, "geometry": { "type": "Polygon", "coordinates": [ [ [ 98.7157, 17.7983 ], [ 98.6852, 17.7911 ], [ 98.6719, 17.8198 ], [ 98.6708, 17.834 ], [ 98.655, 17.8271 ], [ 98.6478, 17.8165 ], [ 98.6392, 17.8145 ], [ 98.6319, 17.8011 ], [ 98.6316, 17.7852 ], [ 98.624, 17.7773 ], [ 98.6147, 17.7799 ], [ 98.5986, 17.8025 ], [ 98.5907, 17.8058 ], [ 98.5898, 17.8015 ], [ 98.582, 17.8014 ], [ 98.5715, 17.8099 ], [ 98.5594, 17.7965 ], [ 98.5445, 17.8115 ], [ 98.5312, 17.8148 ], [ 98.5189, 17.8249 ], [ 98.5093, 17.8126 ], [ 98.4939, 17.8137 ], [ 98.4807, 17.8411 ], [ 98.473, 17.8445 ], [ 98.4582, 17.84 ], [ 98.4525, 17.8479 ], [ 98.439, 17.8526 ], [ 98.4314, 17.8642 ], [ 98.4354, 17.8806 ], [ 98.4305, 17.8946 ], [ 98.4354, 17.8918 ], [ 98.4416, 17.8984 ], [ 98.4502, 17.8914 ], [ 98.469, 17.9065 ], [ 98.4825, 17.9097 ], [ 98.4907, 17.9 ], [ 98.5108, 17.9129 ], [ 98.5191, 17.93 ], [ 98.574, 17.9282 ], [ 98.5927, 17.9382 ], [ 98.5967, 17.947 ], [ 98.573, 17.9793 ], [ 98.5897, 17.988 ], [ 98.5955, 17.9969 ], [ 98.6074, 17.994 ], [ 98.6104, 17.9992 ], [ 98.6078, 18.0102 ], [ 98.5833, 18.0187 ], [ 98.5956, 18.0292 ], [ 98.6113, 18.0188 ], [ 98.6148, 18.0308 ], [ 98.603, 18.0364 ], [ 98.5915, 18.0504 ], [ 98.5994, 18.0617 ], [ 98.6155, 18.0604 ], [ 98.62, 18.0662 ], [ 98.6348, 18.0756 ], [ 98.6609, 18.0651 ], [ 98.6804, 18.0339 ], [ 98.6809, 18.0225 ], [ 98.6919, 18.0275 ], [ 98.6969, 18.022 ], [ 98.7292, 18.0214 ], [ 98.7335, 18.0179 ], [ 98.779, 18.0055 ], [ 98.7783, 18.0026 ], [ 98.7894, 18.003 ], [ 98.8093, 18.0084 ], [ 98.8341, 17.9887 ], [ 98.8304, 17.9749 ], [ 98.8418, 17.965 ], [ 98.8427, 17.9417 ], [ 98.8574, 17.9086 ], [ 98.8553, 17.8974 ], [ 98.8611, 17.8954 ], [ 98.8706, 17.8498 ], [ 98.8602, 17.8566 ], [ 98.8528, 17.8476 ], [ 98.8534, 17.8257 ], [ 98.8563, 17.8146 ], [ 98.8221, 17.7973 ], [ 98.8089, 17.7997 ], [ 98.8004, 17.7957 ], [ 98.7932, 17.8103 ], [ 98.7977, 17.8139 ], [ 98.793, 17.8198 ], [ 98.7948, 17.8238 ], [ 98.7884, 17.8246 ], [ 98.79, 17.8305 ], [ 98.7838, 17.8326 ], [ 98.7779, 17.8309 ], [ 98.7629, 17.8014 ], [ 98.7434, 17.8054 ], [ 98.7269, 17.7938 ], [ 98.7157, 17.7983 ] ] ] } },
{ "type": "Feature", "properties": { "id": "AMP_0094", "name": "อมก๋อย" }, "geometry": { "type": "Polygon", "coordinates": [ [ [ 98.5388, 17.551 ], [ 98.5364, 17.5407 ], [ 98.5274, 17.5365 ], [ 98.5259, 17.518 ], [ 98.5194, 17.5117 ], [ 98.5245, 17.4953 ], [ 98.5184, 17.4777 ], [ 98.5294, 17.4521 ], [ 98.547, 17.4459 ], [ 98.5463, 17.4333 ], [ 98.5574, 17.4204 ], [ 98.5561, 17.3964 ], [ 98.5375, 17.3622 ], [ 98.548, 17.3539 ], [ 98.5549, 17.3566 ], [ 98.5619, 17.3513 ], [ 98.5558, 17.3374 ], [ 98.561, 17.318 ], [ 98.5563, 17.3128 ], [ 98.5576, 17.2938 ], [ 98.5789, 17.2988 ], [ 98.5743, 17.2847 ], [ 98.5441, 17.283 ], [ 98.5324, 17.2744 ], [ 98.5196, 17.2811 ], [ 98.5033, 17.2799 ], [ 98.4961, 17.2728 ], [ 98.4897, 17.2703 ], [ 98.4781, 17.2767 ], [ 98.4607, 17.2757 ], [ 98.454, 17.2692 ], [ 98.4497, 17.2713 ], [ 98.436, 17.2662 ], [ 98.4302, 17.2572 ], [ 98.3926, 17.2423 ], [ 98.3769, 17.2557 ], [ 98.3707, 17.267 ], [ 98.3612, 17.2708 ], [ 98.3581, 17.275 ], [ 98.361, 17.2885 ], [ 98.3308, 17.3016 ], [ 98.3172, 17.3212 ], [ 98.332, 17.329 ], [ 98.3302, 17.3404 ], [ 98.3342, 17.3488 ], [ 98.3176, 17.3653 ], [ 98.3192, 17.3795 ], [ 98.2917, 17.408 ], [ 98.3228, 17.4167 ], [ 98.3275, 17.4293 ], [ 98.3197, 17.4354 ], [ 98.3198, 17.4442 ], [ 98.3295, 17.4692 ], [ 98.3274, 17.489 ], [ 98.3169, 17.5031 ], [ 98.3147, 17.527 ], [ 98.31, 17.5299 ], [ 98.3063, 17.5489 ], [ 98.2989, 17.553 ], [ 98.3028, 17.5663 ], [ 98.2981, 17.5764 ], [ 98.2687, 17.5795 ], [ 98.2557, 17.5728 ], [ 98.2494, 17.5579 ], [ 98.2409, 17.5553 ], [ 98.2386, 17.5497 ], [ 98.2266, 17.5451 ], [ 98.2182, 17.547 ], [ 98.2081, 17.5398 ], [ 98.1974, 17.5424 ], [ 98.1788, 17.5375 ], [ 98.1676, 17.5474 ], [ 98.1367, 17.5412 ], [ 98.1258, 17.5588 ], [ 98.1269, 17.5678 ], [ 98.1084, 17.5825 ], [ 98.11, 17.592 ], [ 98.1035, 17.6004 ], [ 98.1073, 17.6116 ], [ 98.0997, 17.615 ], [ 98.1023, 17.6224 ], [ 98.0981, 17.6221 ], [ 98.0898, 17.6366 ], [ 98.1262, 17.6603 ], [ 98.1447, 17.6823 ], [ 98.1528, 17.7294 ], [ 98.1486, 17.7458 ], [ 98.1401, 17.7488 ], [ 98.1356, 17.7598 ], [ 98.1407, 17.7615 ], [ 98.1481, 17.7765 ], [ 98.1318, 17.7964 ], [ 98.1146, 17.7981 ], [ 98.1092, 17.7943 ], [ 98.1041, 17.7974 ], [ 98.0881, 17.8099 ], [ 98.073, 17.83 ], [ 98.0691, 17.853 ], [ 98.0581, 17.8594 ], [ 98.0546, 17.8681 ], [ 98.0575, 17.887 ], [ 98.0469, 17.8915 ], [ 98.045, 17.8986 ], [ 98.0494, 17.9055 ], [ 98.0493, 17.9246 ], [ 98.0599, 17.9331 ], [ 98.0475, 17.9442 ], [ 98.0553, 17.9521 ], [ 98.0626, 17.9515 ], [ 98.0888, 17.9635 ], [ 98.0993, 17.9622 ], [ 98.1223, 17.9462 ], [ 98.1334, 17.9458 ], [ 98.1437, 17.9357 ], [ 98.1496, 17.9401 ], [ 98.1527, 17.9605 ], [ 98.1603, 17.9626 ], [ 98.1618, 17.9708 ], [ 98.1698, 17.9695 ], [ 98.1673, 17.9726 ], [ 98.1715, 17.9752 ], [ 98.1797, 17.9726 ], [ 98.1844, 17.9811 ], [ 98.1891, 17.9785 ], [ 98.206, 17.9854 ], [ 98.2085, 17.9828 ], [ 98.2276, 17.9903 ], [ 98.2462, 17.9887 ], [ 98.2416, 18.0105 ], [ 98.2253, 18.0155 ], [ 98.2209, 18.0243 ], [ 98.234, 18.0337 ], [ 98.2307, 18.037 ], [ 98.2375, 18.0396 ], [ 98.2357, 18.0455 ], [ 98.2432, 18.0581 ], [ 98.2695, 18.0468 ], [ 98.2779, 18.0354 ], [ 98.2876, 18.0322 ], [ 98.2951, 18.0372 ], [ 98.3052, 18.037 ], [ 98.3157, 18.0276 ], [ 98.3296, 18.0339 ], [ 98.3341, 18.0416 ], [ 98.3311, 18.0453 ], [ 98.3398, 18.048 ], [ 98.3547, 18.0378 ], [ 98.3877, 18.0393 ], [ 98.4134, 18.0174 ], [ 98.4208, 18.0164 ], [ 98.4268, 18.0072 ], [ 98.4258, 17.9869 ], [ 98.4339, 17.9729 ], [ 98.4643, 17.9429 ], [ 98.4682, 17.9309 ], [ 98.4792, 17.9233 ], [ 98.4825, 17.9097 ], [ 98.469, 17.9065 ], [ 98.4502, 17.8914 ], [ 98.4416, 17.8984 ], [ 98.4354, 17.8918 ], [ 98.4305, 17.8946 ], [ 98.4354, 17.8806 ], [ 98.4314, 17.8642 ], [ 98.439, 17.8526 ], [ 98.4525, 17.8479 ], [ 98.4582, 17.84 ], [ 98.473, 17.8445 ], [ 98.4807, 17.8411 ], [ 98.4939, 17.8137 ], [ 98.4945, 17.7808 ], [ 98.5174, 17.7378 ], [ 98.5263, 17.7077 ], [ 98.5226, 17.6788 ], [ 98.5317, 17.6478 ], [ 98.5291, 17.6352 ], [ 98.5331, 17.6199 ], [ 98.5228, 17.5728 ], [ 98.5388, 17.551 ] ] ] } },
{ "type": "Feature", "properties": { "id": "AMP_0095", "name": "ฮอด" }, "geometry": { "type": "Polygon", "coordinates": [ [ [ 98.6574, 18.1763 ], [ 98.6724, 18.1627 ], [ 98.6923, 18.164 ], [ 98.7218, 18.1493 ], [ 98.738, 18.1553 ], [ 98.7464, 18.1535 ], [ 98.7622, 18.1707 ], [ 98.7827, 18.1799 ], [ 98.7931, 18.1604 ], [ 98.8045, 18.1568 ], [ 98.8071, 18.1376 ], [ 98.806, 18.1214 ], [ 98.81, 18.1129 ], [ 98.8018, 18.1044 ], [ 98.802, 18.0918 ], [ 98.7976, 18.0874 ], [ 98.8137, 18.0793 ], [ 98.8067, 18.0723 ], [ 98.8073, 18.0638 ], [ 98.7975, 18.0576 ], [ 98.7974, 18.0481 ], [ 98.7911, 18.0366 ], [ 98.7941, 18.0304 ], [ 98.7788, 18.0128 ], [ 98.779, 18.0055 ], [ 98.7335, 18.0179 ], [ 98.7292, 18.0214 ], [ 98.6969, 18.022 ], [ 98.6919, 18.0275 ], [ 98.6809, 18.0225 ], [ 98.6804, 18.0339 ], [ 98.6609, 18.0651 ], [ 98.6348, 18.0756 ], [ 98.62, 18.0662 ], [ 98.6155, 18.0604 ], [ 98.5994, 18.0617 ], [ 98.5915, 18.0504 ], [ 98.603, 18.0364 ], [ 98.6148, 18.0308 ], [ 98.6113, 18.0188 ], [ 98.5956, 18.0292 ], [ 98.5833, 18.0187 ], [ 98.6078, 18.0102 ], [ 98.6104, 17.9992 ], [ 98.6074, 17.994 ], [ 98.5955, 17.9969 ], [ 98.5897, 17.988 ], [ 98.573, 17.9793 ], [ 98.5967, 17.947 ], [ 98.5927, 17.9382 ], [ 98.574, 17.9282 ], [ 98.5191, 17.93 ], [ 98.5108, 17.9129 ], [ 98.4907, 17.9 ], [ 98.4825, 17.9097 ], [ 98.4792, 17.9233 ], [ 98.4682, 17.9309 ], [ 98.4643, 17.9429 ], [ 98.4339, 17.9729 ], [ 98.4258, 17.9869 ], [ 98.4268, 18.0072 ], [ 98.4208, 18.0164 ], [ 98.4134, 18.0174 ], [ 98.3877, 18.0393 ], [ 98.3547, 18.0378 ], [ 98.3398, 18.048 ], [ 98.3311, 18.0453 ], [ 98.3341, 18.0416 ], [ 98.3296, 18.0339 ], [ 98.3157, 18.0276 ], [ 98.3052, 18.037 ], [ 98.2951, 18.0372 ], [ 98.2876, 18.0322 ], [ 98.2779, 18.0354 ], [ 98.2695, 18.0468 ], [ 98.2432, 18.0581 ], [ 98.2521, 18.0648 ], [ 98.2518, 18.0728 ], [ 98.25, 18.0773 ], [ 98.242, 18.0786 ], [ 98.2422, 18.0879 ], [ 98.2289, 18.0887 ], [ 98.233, 18.0919 ], [ 98.2309, 18.0982 ], [ 98.2259, 18.0919 ], [ 98.213, 18.0874 ], [ 98.1926, 18.0971 ], [ 98.1814, 18.1534 ], [ 98.1601, 18.1566 ], [ 98.1567, 18.1659 ], [ 98.1672, 18.1684 ], [ 98.1672, 18.1826 ], [ 98.1767, 18.1915 ], [ 98.1665, 18.2043 ], [ 98.1721, 18.2185 ], [ 98.1588, 18.222 ], [ 98.1693, 18.2338 ], [ 98.1876, 18.2427 ], [ 98.1882, 18.2578 ], [ 98.1933, 18.2502 ], [ 98.1989, 18.2547 ], [ 98.2004, 18.2497 ], [ 98.2103, 18.2519 ], [ 98.2152, 18.2209 ], [ 98.2255, 18.2099 ], [ 98.2393, 18.2189 ], [ 98.2512, 18.2153 ], [ 98.2593, 18.2309 ], [ 98.2731, 18.2287 ], [ 98.2968, 18.233 ], [ 98.304, 18.2437 ], [ 98.3026, 18.2564 ], [ 98.2991, 18.2634 ], [ 98.3032, 18.276 ], [ 98.3076, 18.2765 ], [ 98.3083, 18.2831 ], [ 98.3162, 18.2826 ], [ 98.3237, 18.2751 ], [ 98.3267, 18.2792 ], [ 98.3371, 18.2758 ], [ 98.338, 18.2823 ], [ 98.346, 18.2823 ], [ 98.3488, 18.2883 ], [ 98.3577, 18.286 ], [ 98.3617, 18.2788 ], [ 98.3696, 18.2827 ], [ 98.3845, 18.277 ], [ 98.3892, 18.2691 ], [ 98.3971, 18.2673 ], [ 98.4003, 18.2564 ], [ 98.4152, 18.2531 ], [ 98.4203, 18.2468 ], [ 98.4373, 18.2322 ], [ 98.447, 18.2265 ], [ 98.4544, 18.2288 ], [ 98.4626, 18.2225 ], [ 98.478, 18.2221 ], [ 98.5321, 18.236 ], [ 98.555, 18.2331 ], [ 98.5896, 18.2135 ], [ 98.5905, 18.208 ], [ 98.5952, 18.2101 ], [ 98.6045, 18.2057 ], [ 98.6073, 18.1983 ], [ 98.6128, 18.2036 ], [ 98.6281, 18.1973 ], [ 98.6349, 18.183 ], [ 98.6574, 18.1763 ] ] ] } },
{ "type": "Feature", "properties": { "id": "AMP_0096", "name": "เมืองลำพูน" }, "geometry": { "type": "Polygon", "coordinates": [ [ [ 99.0014, 18.4539 ], [ 98.9943, 18.4592 ], [ 98.9787, 18.4535 ], [ 98.9761, 18.4374 ], [ 98.9643, 18.4295 ], [ 98.9464, 18.4315 ], [ 98.9514, 18.4372 ], [ 98.9477, 18.4495 ], [ 98.9525, 18.455 ], [ 98.9507, 18.4616 ], [ 98.9565, 18.4778 ], [ 98.9449, 18.4944 ], [ 98.9457, 18.5074 ], [ 98.9414, 18.5322 ], [ 98.9418, 18.5402 ], [ 98.9351, 18.5431 ], [ 98.9328, 18.5547 ], [ 98.9478, 18.5709 ], [ 98.9617, 18.5963 ], [ 98.9698, 18.6034 ], [ 98.9655, 18.6146 ], [ 98.9786, 18.6353 ], [ 98.9985, 18.6413 ], [ 99.0054, 18.6458 ], [ 99.0043, 18.6624 ], [ 99.0105, 18.6728 ], [ 99.0209, 18.6729 ], [ 99.0642, 18.6668 ], [ 99.0676, 18.6636 ], [ 99.0641, 18.6441 ], [ 99.0552, 18.6323 ], [ 99.0603, 18.6306 ], [ 99.0649, 18.6371 ], [ 99.0897, 18.6407 ], [ 99.1226, 18.6285 ], [ 99.1322, 18.6297 ], [ 99.1415, 18.6105 ], [ 99.1398, 18.6061 ], [ 99.1578, 18.6081 ], [ 99.1713, 18.5901 ], [ 99.1779, 18.5912 ], [ 99.1839, 18.5867 ], [ 99.2017, 18.5945 ], [ 99.2188, 18.5924 ], [ 99.2257, 18.5892 ], [ 99.2138, 18.573 ], [ 99.2151, 18.5645 ], [ 99.2068, 18.5478 ], [ 99.2024, 18.534 ], [ 99.1947, 18.5319 ], [ 99.1928, 18.5236 ], [ 99.1828, 18.5177 ], [ 99.1648, 18.4928 ], [ 99.154, 18.4899 ], [ 99.1493, 18.4963 ], [ 99.136, 18.4918 ], [ 99.1249, 18.4962 ], [ 99.1052, 18.4798 ], [ 99.0932, 18.4768 ], [ 99.0846, 18.4811 ], [ 99.0666, 18.4564 ], [ 99.0553, 18.4451 ], [ 99.0463, 18.4519 ], [ 99.0345, 18.4535 ], [ 99.0271, 18.45 ], [ 99.0105, 18.4647 ], [ 99.0014, 18.4539 ] ] ] } },
{ "type": "Feature", "properties": { "id": "AMP_0097", "name": "แม่ทา" }, "geometry": { "type": "Polygon", "coordinates": [ [ [ 99.0185, 18.2527 ], [ 99.0299, 18.2234 ], [ 99.0291, 18.2157 ], [ 99.0371, 18.2002 ], [ 99.0298, 18.1913 ], [ 99.0349, 18.1749 ], [ 99.0231, 18.1625 ], [ 98.9885, 18.1714 ], [ 98.9746, 18.1872 ], [ 98.9641, 18.1888 ], [ 98.9407, 18.2185 ], [ 98.9397, 18.2386 ], [ 98.9287, 18.2434 ], [ 98.9278, 18.2554 ], [ 98.915, 18.2695 ], [ 98.9032, 18.2707 ], [ 98.9044, 18.275 ], [ 98.9231, 18.281 ], [ 98.9315, 18.2739 ], [ 98.963, 18.2807 ], [ 98.9592, 18.2878 ], [ 98.9379, 18.2956 ], [ 98.9217, 18.3358 ], [ 98.9324, 18.3528 ], [ 98.9286, 18.3624 ], [ 98.942, 18.3742 ], [ 98.9397, 18.3874 ], [ 98.9331, 18.3918 ], [ 98.9426, 18.399 ], [ 98.9389, 18.422 ], [ 98.9464, 18.4315 ], [ 98.9643, 18.4295 ], [ 98.9761, 18.4374 ], [ 98.9787, 18.4535 ], [ 98.9943, 18.4592 ], [ 99.0014, 18.4539 ], [ 99.0105, 18.4647 ], [ 99.0271, 18.45 ], [ 99.0345, 18.4535 ], [ 99.0463, 18.4519 ], [ 99.0553, 18.4451 ], [ 99.0666, 18.4564 ], [ 99.0846, 18.4811 ], [ 99.0932, 18.4768 ], [ 99.1052, 18.4798 ], [ 99.1249, 18.4962 ], [ 99.136, 18.4918 ], [ 99.1493, 18.4963 ], [ 99.154, 18.4899 ], [ 99.1648, 18.4928 ], [ 99.1828, 18.5177 ], [ 99.1928, 18.5236 ], [ 99.1947, 18.5319 ], [ 99.2024, 18.534 ], [ 99.2068, 18.5478 ], [ 99.2151, 18.5645 ], [ 99.2138, 18.573 ], [ 99.2257, 18.5892 ], [ 99.2454, 18.5823 ], [ 99.2519, 18.5738 ], [ 99.2638, 18.5716 ], [ 99.2963, 18.5372 ], [ 99.3171, 18.5321 ], [ 99.3203, 18.5014 ], [ 99.3028, 18.4913 ], [ 99.2863, 18.4926 ], [ 99.283, 18.4997 ], [ 99.2571, 18.4951 ], [ 99.2421, 18.4791 ], [ 99.2376, 18.4489 ], [ 99.2221, 18.4305 ], [ 99.1988, 18.4207 ], [ 99.1949, 18.407 ], [ 99.1885, 18.3949 ], [ 99.1896, 18.3883 ], [ 99.1713, 18.3748 ], [ 99.1669, 18.3742 ], [ 99.1695, 18.3476 ], [ 99.1531, 18.3293 ], [ 99.1523, 18.3161 ], [ 99.1326, 18.3144 ], [ 99.1228, 18.3117 ], [ 99.1248, 18.3042 ], [ 99.1196, 18.2982 ], [ 99.1134, 18.2942 ], [ 99.1168, 18.274 ], [ 99.1127, 18.267 ], [ 99.1066, 18.2654 ], [ 99.0913, 18.2804 ], [ 99.0839, 18.2792 ], [ 99.0804, 18.2688 ], [ 99.0652, 18.2726 ], [ 99.0501, 18.2653 ], [ 99.0294, 18.2651 ], [ 99.0185, 18.2527 ] ] ] } },
{ "type": "Feature", "properties": { "id": "AMP_0098", "name": "บ้านธิ" }, "geometry": { "type": "Polygon", "coordinates": [ [ [ 99.2336, 18.6518 ], [ 99.2318, 18.6294 ], [ 99.2354, 18.6171 ], [ 99.2234, 18.6075 ], [ 99.2188, 18.5924 ], [ 99.2017, 18.5945 ], [ 99.1839, 18.5867 ], [ 99.1779, 18.5912 ], [ 99.1713, 18.5901 ], [ 99.1578, 18.6081 ], [ 99.1398, 18.6061 ], [ 99.1415, 18.6105 ], [ 99.1322, 18.6297 ], [ 99.1226, 18.6285 ], [ 99.0897, 18.6407 ], [ 99.0649, 18.6371 ], [ 99.0603, 18.6306 ], [ 99.0552, 18.6323 ], [ 99.0641, 18.6441 ], [ 99.0676, 18.6636 ], [ 99.0765, 18.6724 ], [ 99.0995, 18.6694 ], [ 99.1021, 18.6776 ], [ 99.1264, 18.6835 ], [ 99.1381, 18.7017 ], [ 99.1556, 18.71 ], [ 99.1762, 18.7065 ], [ 99.1892, 18.7071 ], [ 99.1883, 18.6792 ], [ 99.2055, 18.6685 ], [ 99.2066, 18.66 ], [ 99.2131, 18.6604 ], [ 99.2179, 18.6544 ], [ 99.2336, 18.6518 ] ] ] } },
{ "type": "Feature", "properties": { "id": "AMP_0099", "name": "บ้านหมอ" }, "geometry": { "type": "Polygon", "coordinates": [ [ [ 100.6751, 14.5571 ], [ 100.6702, 14.5566 ], [ 100.658, 14.5495 ], [ 100.6444, 14.5488 ], [ 100.633, 14.551 ], [ 100.6194, 14.5603 ], [ 100.6348, 14.5679 ], [ 100.636, 14.5892 ], [ 100.6437, 14.5984 ], [ 100.6464, 14.6095 ], [ 100.6599, 14.6214 ], [ 100.6412, 14.6367 ], [ 100.6761, 14.6377 ], [ 100.6803, 14.6427 ], [ 100.6739, 14.6572 ], [ 100.6786, 14.6604 ], [ 100.6775, 14.6712 ], [ 100.6799, 14.6758 ], [ 100.7044, 14.6685 ], [ 100.7139, 14.6632 ], [ 100.7167, 14.656 ], [ 100.7256, 14.6545 ], [ 100.7482, 14.6574 ], [ 100.7824, 14.6531 ], [ 100.7831, 14.6463 ], [ 100.7895, 14.6464 ], [ 100.8038, 14.637 ], [ 100.7927, 14.6162 ], [ 100.8045, 14.6078 ], [ 100.8041, 14.5991 ], [ 100.7975, 14.5922 ], [ 100.7959, 14.5881 ], [ 100.7822, 14.5818 ], [ 100.7807, 14.5675 ], [ 100.7566, 14.5695 ], [ 100.7242, 14.5685 ], [ 100.7227, 14.5765 ], [ 100.702, 14.5753 ], [ 100.6827, 14.585 ], [ 100.6777, 14.5946 ], [ 100.656, 14.6061 ], [ 100.6771, 14.5623 ], [ 100.6751, 14.5571 ] ] ] } },
{ "type": "Feature", "properties": { "id": "AMP_0100", "name": "เวียงหนองล่อง" }, "geometry": { "type": "Polygon", "coordinates": [ [ [ 98.7532, 18.3978 ], [ 98.7505, 18.4061 ], [ 98.7236, 18.3874 ], [ 98.6869, 18.3815 ], [ 98.6901, 18.3922 ], [ 98.698, 18.3956 ], [ 98.7095, 18.4152 ], [ 98.6967, 18.4112 ], [ 98.6934, 18.419 ], [ 98.7086, 18.4423 ], [ 98.7152, 18.4341 ], [ 98.7196, 18.4345 ], [ 98.725, 18.4462 ], [ 98.7396, 18.4359 ], [ 98.7434, 18.4312 ], [ 98.7542, 18.437 ], [ 98.7644, 18.4347 ], [ 98.7777, 18.45 ], [ 98.7872, 18.4361 ], [ 98.7999, 18.4296 ], [ 98.8, 18.4182 ], [ 98.8115, 18.4157 ], [ 98.8102, 18.4109 ], [ 98.8236, 18.3887 ], [ 98.7924, 18.409 ], [ 98.7866, 18.3986 ], [ 98.7532, 18.3978 ] ] ] } },
{ "type": "Feature", "properties": { "id": "AMP_0101", "name": "ทุ่งหัวช้าง" }, "geometry": { "type": "Polygon", "coordinates": [ [ [ 99.1468, 17.9107 ], [ 99.1463, 17.8987 ], [ 99.1623, 17.8866 ], [ 99.1634, 17.8768 ], [ 99.183, 17.8606 ], [ 99.1826, 17.8496 ], [ 99.1605, 17.8454 ], [ 99.1645, 17.8305 ], [ 99.1737, 17.8215 ], [ 99.1696, 17.8171 ], [ 99.1745, 17.8153 ], [ 99.1733, 17.8098 ], [ 99.1589, 17.8085 ], [ 99.1503, 17.8164 ], [ 99.1461, 17.814 ], [ 99.135, 17.8209 ], [ 99.1281, 17.8161 ], [ 99.1218, 17.819 ], [ 99.0959, 17.8087 ], [ 99.073, 17.8201 ], [ 99.0656, 17.8136 ], [ 99.0586, 17.814 ], [ 99.0526, 17.8253 ], [ 99.0417, 17.8286 ], [ 99.0431, 17.8433 ], [ 99.0252, 17.8357 ], [ 99.0034, 17.8447 ], [ 99.02, 17.876 ], [ 99.016, 17.888 ], [ 99.0149, 17.8977 ], [ 99.0025, 17.9169 ], [ 99.0129, 17.9315 ], [ 99.0099, 17.9521 ], [ 98.9856, 17.9854 ], [ 98.9902, 18.0158 ], [ 98.9911, 18.035 ], [ 98.9962, 18.0402 ], [ 98.9909, 18.0556 ], [ 98.982, 18.0558 ], [ 98.9825, 18.0612 ], [ 98.9761, 18.0669 ], [ 98.9798, 18.09 ], [ 98.9741, 18.1059 ], [ 98.979, 18.1095 ], [ 98.974, 18.114 ], [ 98.9793, 18.1409 ], [ 98.9582, 18.1715 ], [ 98.9765, 18.1637 ], [ 98.9885, 18.1714 ], [ 99.0231, 18.1625 ], [ 99.0349, 18.1749 ], [ 99.0298, 18.1913 ], [ 99.0371, 18.2002 ], [ 99.044, 18.1958 ], [ 99.0567, 18.175 ], [ 99.0518, 18.1613 ], [ 99.0649, 18.1407 ], [ 99.0658, 18.1101 ], [ 99.0702, 18.1067 ], [ 99.067, 18.0989 ], [ 99.0726, 18.0916 ], [ 99.0704, 18.0628 ], [ 99.0832, 18.0428 ], [ 99.0834, 18.0315 ], [ 99.0921, 18.0249 ], [ 99.0929, 18.0148 ], [ 99.101, 18.0014 ], [ 99.0953, 17.9965 ], [ 99.1016, 17.9826 ], [ 99.0953, 17.9764 ], [ 99.0956, 17.9538 ], [ 99.1031, 17.9469 ], [ 99.1153, 17.9465 ], [ 99.1149, 17.9287 ], [ 99.1066, 17.9136 ], [ 99.1468, 17.9107 ] ] ] } },
{ "type": "Feature", "properties": { "id": "AMP_0102", "name": "ป่าซาง" }, "geometry": { "type": "Polygon", "coordinates": [ [ [ 98.9565, 18.4778 ], [ 98.9507, 18.4616 ], [ 98.9525, 18.455 ], [ 98.9477, 18.4495 ], [ 98.9514, 18.4372 ], [ 98.9389, 18.422 ], [ 98.9426, 18.399 ], [ 98.9331, 18.3918 ], [ 98.9397, 18.3874 ], [ 98.942, 18.3742 ], [ 98.9286, 18.3624 ], [ 98.9324, 18.3528 ], [ 98.9217, 18.3358 ], [ 98.9379, 18.2956 ], [ 98.9592, 18.2878 ], [ 98.963, 18.2807 ], [ 98.9315, 18.2739 ], [ 98.9231, 18.281 ], [ 98.9044, 18.275 ], [ 98.9069, 18.2922 ], [ 98.8997, 18.3021 ], [ 98.8885, 18.3047 ], [ 98.8816, 18.3014 ], [ 98.8717, 18.307 ], [ 98.8684, 18.3356 ], [ 98.8716, 18.3395 ], [ 98.8667, 18.3458 ], [ 98.8391, 18.3591 ], [ 98.8332, 18.3799 ], [ 98.8236, 18.3887 ], [ 98.8102, 18.4109 ], [ 98.8115, 18.4157 ], [ 98.8, 18.4182 ], [ 98.7999, 18.4296 ], [ 98.7872, 18.4361 ], [ 98.7777, 18.45 ], [ 98.7985, 18.4532 ], [ 98.8054, 18.4632 ], [ 98.8142, 18.462 ], [ 98.8154, 18.4714 ], [ 98.8256, 18.4795 ], [ 98.8391, 18.4866 ], [ 98.8465, 18.4996 ], [ 98.8598, 18.5015 ], [ 98.8649, 18.5149 ], [ 98.873, 18.5169 ], [ 98.8777, 18.5113 ], [ 98.915, 18.5367 ], [ 98.9223, 18.5362 ], [ 98.9351, 18.5431 ], [ 98.9418, 18.5402 ], [ 98.9414, 18.5322 ], [ 98.9457, 18.5074 ], [ 98.9449, 18.4944 ], [ 98.9565, 18.4778 ] ] ] } },
{ "type": "Feature", "properties": { "id": "AMP_0103", "name": "บ้านโฮ่ง" }, "geometry": { "type": "Polygon", "coordinates": [ [ [ 98.9032, 18.2707 ], [ 98.915, 18.2695 ], [ 98.9278, 18.2554 ], [ 98.9287, 18.2434 ], [ 98.9397, 18.2386 ], [ 98.9407, 18.2185 ], [ 98.9641, 18.1888 ], [ 98.9746, 18.1872 ], [ 98.9885, 18.1714 ], [ 98.9765, 18.1637 ], [ 98.9582, 18.1715 ], [ 98.9615, 18.1668 ], [ 98.9514, 18.1538 ], [ 98.9242, 18.1415 ], [ 98.8993, 18.1486 ], [ 98.8871, 18.1416 ], [ 98.8806, 18.1439 ], [ 98.8287, 18.1323 ], [ 98.8071, 18.1376 ], [ 98.8045, 18.1568 ], [ 98.7931, 18.1604 ], [ 98.7827, 18.1799 ], [ 98.78, 18.1963 ], [ 98.7844, 18.2006 ], [ 98.7852, 18.2208 ], [ 98.7729, 18.2297 ], [ 98.7774, 18.2377 ], [ 98.7737, 18.2512 ], [ 98.77, 18.2561 ], [ 98.7362, 18.2662 ], [ 98.7208, 18.2862 ], [ 98.7058, 18.2902 ], [ 98.6733, 18.3111 ], [ 98.6718, 18.3271 ], [ 98.6888, 18.3346 ], [ 98.6993, 18.3306 ], [ 98.7041, 18.3345 ], [ 98.6964, 18.3512 ], [ 98.6813, 18.3674 ], [ 98.6869, 18.3815 ], [ 98.7236, 18.3874 ], [ 98.7505, 18.4061 ], [ 98.7532, 18.3978 ], [ 98.7866, 18.3986 ], [ 98.7924, 18.409 ], [ 98.8236, 18.3887 ], [ 98.8332, 18.3799 ], [ 98.8391, 18.3591 ], [ 98.8667, 18.3458 ], [ 98.8716, 18.3395 ], [ 98.8684, 18.3356 ], [ 98.8717, 18.307 ], [ 98.8816, 18.3014 ], [ 98.8885, 18.3047 ], [ 98.8997, 18.3021 ], [ 98.9069, 18.2922 ], [ 98.9032, 18.2707 ] ] ] } },
{ "type": "Feature", "properties": { "id": "AMP_0104", "name": "แก่งคอย" }, "geometry": { "type": "Polygon", "coordinates": [ [ [ 101.1883, 14.4454 ], [ 101.1763, 14.4366 ], [ 101.1752, 14.4303 ], [ 101.2106, 14.4162 ], [ 101.2022, 14.4026 ], [ 101.2119, 14.3792 ], [ 101.2102, 14.372 ], [ 101.1861, 14.3672 ], [ 101.185, 14.3538 ], [ 101.1769, 14.3475 ], [ 101.1673, 14.3484 ], [ 101.1643, 14.3429 ], [ 101.1573, 14.3482 ], [ 101.1582, 14.3577 ], [ 101.1466, 14.3744 ], [ 101.1167, 14.3838 ], [ 101.0854, 14.3825 ], [ 101.0758, 14.3901 ], [ 101.0713, 14.4056 ], [ 101.0617, 14.4148 ], [ 101.0561, 14.4144 ], [ 101.0534, 14.4125 ], [ 101.0336, 14.4135 ], [ 101.0252, 14.4087 ], [ 101.0003, 14.4168 ], [ 101.0016, 14.4455 ], [ 100.9972, 14.457 ], [ 100.9611, 14.4892 ], [ 100.9673, 14.4915 ], [ 100.9788, 14.4828 ], [ 100.9881, 14.4829 ], [ 100.9882, 14.4975 ], [ 100.9753, 14.5227 ], [ 100.9759, 14.5307 ], [ 100.981, 14.5331 ], [ 100.9888, 14.5322 ], [ 100.9954, 14.5412 ], [ 100.9706, 14.5675 ], [ 100.962, 14.566 ], [ 100.9432, 14.6247 ], [ 100.9406, 14.6261 ], [ 100.9498, 14.6559 ], [ 100.9519, 14.6777 ], [ 100.9345, 14.6952 ], [ 100.9605, 14.6907 ], [ 100.9631, 14.6994 ], [ 100.9541, 14.7322 ], [ 100.9663, 14.7514 ], [ 100.9919, 14.7404 ], [ 100.9903, 14.7634 ], [ 101.0003, 14.7718 ], [ 101.0238, 14.8091 ], [ 101.0541, 14.7902 ], [ 101.0588, 14.7781 ], [ 101.0542, 14.7743 ], [ 101.0617, 14.7673 ], [ 101.0608, 14.7596 ], [ 101.0632, 14.7555 ], [ 101.0548, 14.7491 ], [ 101.0602, 14.7349 ], [ 101.0531, 14.7209 ], [ 101.0627, 14.7197 ], [ 101.0618, 14.7256 ], [ 101.0671, 14.7323 ], [ 101.0752, 14.7295 ], [ 101.0743, 14.7164 ], [ 101.0781, 14.7136 ], [ 101.0723, 14.7064 ], [ 101.0724, 14.6933 ], [ 101.1098, 14.6588 ], [ 101.1227, 14.649 ], [ 101.1252, 14.655 ], [ 101.1327, 14.6483 ], [ 101.1248, 14.6222 ], [ 101.135, 14.6027 ], [ 101.1364, 14.5897 ], [ 101.1641, 14.5673 ], [ 101.1671, 14.5599 ], [ 101.1631, 14.5531 ], [ 101.1416, 14.5381 ], [ 101.1474, 14.5237 ], [ 101.1693, 14.5067 ], [ 101.171, 14.4985 ], [ 101.1627, 14.4865 ], [ 101.168, 14.4794 ], [ 101.1952, 14.4573 ], [ 101.1883, 14.4454 ] ] ] } },
{ "type": "Feature", "properties": { "id": "AMP_0105", "name": "ลี้" }, "geometry": { "type": "Polygon", "coordinates": [ [ [ 99.1167, 17.7907 ], [ 99.1255, 17.7718 ], [ 99.1123, 17.768 ], [ 99.1109, 17.7541 ], [ 99.1051, 17.7497 ], [ 99.1038, 17.7407 ], [ 99.0925, 17.7424 ], [ 99.0857, 17.7385 ], [ 99.0831, 17.7093 ], [ 99.0872, 17.7043 ], [ 99.0645, 17.6926 ], [ 99.0619, 17.6823 ], [ 99.0658, 17.6739 ], [ 99.0598, 17.6647 ], [ 99.0618, 17.6356 ], [ 99.05, 17.6124 ], [ 99.0191, 17.6149 ], [ 98.9999, 17.6354 ], [ 98.9908, 17.6335 ], [ 98.9823, 17.6402 ], [ 98.9612, 17.6395 ], [ 98.9476, 17.646 ], [ 98.9397, 17.6398 ], [ 98.9292, 17.6437 ], [ 98.9181, 17.642 ], [ 98.9078, 17.6486 ], [ 98.9037, 17.6394 ], [ 98.8998, 17.6407 ], [ 98.8819, 17.6261 ], [ 98.885, 17.621 ], [ 98.88, 17.6106 ], [ 98.8805, 17.6052 ], [ 98.887, 17.6018 ], [ 98.8893, 17.5888 ], [ 98.9109, 17.5816 ], [ 98.9047, 17.5627 ], [ 98.9059, 17.5448 ], [ 98.9109, 17.5354 ], [ 98.8964, 17.5281 ], [ 98.8885, 17.5126 ], [ 98.883, 17.5106 ], [ 98.88, 17.4911 ], [ 98.8717, 17.4928 ], [ 98.8703, 17.5014 ], [ 98.8587, 17.5112 ], [ 98.8405, 17.5149 ], [ 98.8231, 17.5122 ], [ 98.8159, 17.5076 ], [ 98.8157, 17.5005 ], [ 98.7964, 17.5001 ], [ 98.7619, 17.4832 ], [ 98.75, 17.4683 ], [ 98.7176, 17.4645 ], [ 98.7134, 17.4528 ], [ 98.7029, 17.4473 ], [ 98.7005, 17.4354 ], [ 98.6906, 17.4241 ], [ 98.6905, 17.434 ], [ 98.6815, 17.4459 ], [ 98.6826, 17.4593 ], [ 98.6881, 17.4732 ], [ 98.7001, 17.4785 ], [ 98.7051, 17.4859 ], [ 98.7056, 17.5008 ], [ 98.6965, 17.5145 ], [ 98.7017, 17.5251 ], [ 98.7019, 17.556 ], [ 98.6936, 17.5862 ], [ 98.6824, 17.5971 ], [ 98.6922, 17.6313 ], [ 98.6845, 17.6447 ], [ 98.6891, 17.6554 ], [ 98.6839, 17.6658 ], [ 98.7228, 17.6756 ], [ 98.7378, 17.6832 ], [ 98.7459, 17.6927 ], [ 98.7405, 17.707 ], [ 98.7246, 17.7167 ], [ 98.7238, 17.7272 ], [ 98.7035, 17.7433 ], [ 98.7044, 17.762 ], [ 98.6872, 17.7797 ], [ 98.6852, 17.7911 ], [ 98.7157, 17.7983 ], [ 98.7269, 17.7938 ], [ 98.7434, 17.8054 ], [ 98.7629, 17.8014 ], [ 98.7779, 17.8309 ], [ 98.7838, 17.8326 ], [ 98.79, 17.8305 ], [ 98.7884, 17.8246 ], [ 98.7948, 17.8238 ], [ 98.793, 17.8198 ], [ 98.7977, 17.8139 ], [ 98.7932, 17.8103 ], [ 98.8004, 17.7957 ], [ 98.8089, 17.7997 ], [ 98.8221, 17.7973 ], [ 98.8563, 17.8146 ], [ 98.8534, 17.8257 ], [ 98.8528, 17.8476 ], [ 98.8602, 17.8566 ], [ 98.8706, 17.8498 ], [ 98.8611, 17.8954 ], [ 98.8553, 17.8974 ], [ 98.8574, 17.9086 ], [ 98.8427, 17.9417 ], [ 98.8418, 17.965 ], [ 98.8304, 17.9749 ], [ 98.8341, 17.9887 ], [ 98.8093, 18.0084 ], [ 98.7894, 18.003 ], [ 98.7783, 18.0026 ], [ 98.7788, 18.0128 ], [ 98.7941, 18.0304 ], [ 98.7911, 18.0366 ], [ 98.7974, 18.0481 ], [ 98.7975, 18.0576 ], [ 98.8073, 18.0638 ], [ 98.8067, 18.0723 ], [ 98.8137, 18.0793 ], [ 98.7976, 18.0874 ], [ 98.802, 18.0918 ], [ 98.8018, 18.1044 ], [ 98.81, 18.1129 ], [ 98.806, 18.1214 ], [ 98.8071, 18.1376 ], [ 98.8287, 18.1323 ], [ 98.8806, 18.1439 ], [ 98.8871, 18.1416 ], [ 98.8993, 18.1486 ], [ 98.9242, 18.1415 ], [ 98.9514, 18.1538 ], [ 98.9615, 18.1668 ], [ 98.9793, 18.1409 ], [ 98.974, 18.114 ], [ 98.979, 18.1095 ], [ 98.9741, 18.1059 ], [ 98.9798, 18.09 ], [ 98.9761, 18.0669 ], [ 98.9825, 18.0612 ], [ 98.982, 18.0558 ], [ 98.9909, 18.0556 ], [ 98.9962, 18.0402 ], [ 98.9911, 18.035 ], [ 98.9902, 18.0158 ], [ 98.9856, 17.9854 ], [ 99.0099, 17.9521 ], [ 99.0129, 17.9315 ], [ 99.0025, 17.9169 ], [ 99.0149, 17.8977 ], [ 99.016, 17.888 ], [ 99.02, 17.876 ], [ 99.0034, 17.8447 ], [ 99.0252, 17.8357 ], [ 99.0431, 17.8433 ], [ 99.0417, 17.8286 ], [ 99.0526, 17.8253 ], [ 99.0586, 17.814 ], [ 99.0656, 17.8136 ], [ 99.073, 17.8201 ], [ 99.0959, 17.8087 ], [ 99.1045, 17.813 ], [ 99.1101, 17.7931 ], [ 99.1167, 17.7907 ] ] ] } },
{ "type": "Feature", "properties": { "id": "AMP_0106", "name": "พระพุทธบาท" }, "geometry": { "type": "Polygon", "coordinates": [ [ [ 100.8452, 14.6349 ], [ 100.8392, 14.6241 ], [ 100.8236, 14.6196 ], [ 100.8221, 14.6069 ], [ 100.8141, 14.6002 ], [ 100.8041, 14.5991 ], [ 100.8045, 14.6078 ], [ 100.7927, 14.6162 ], [ 100.8038, 14.637 ], [ 100.7895, 14.6464 ], [ 100.7831, 14.6463 ], [ 100.7824, 14.6531 ], [ 100.7482, 14.6574 ], [ 100.7521, 14.6691 ], [ 100.77, 14.6871 ], [ 100.7706, 14.7037 ], [ 100.7816, 14.7096 ], [ 100.7737, 14.7118 ], [ 100.7772, 14.7194 ], [ 100.7583, 14.7274 ], [ 100.7638, 14.7422 ], [ 100.7467, 14.7431 ], [ 100.7184, 14.755 ], [ 100.7257, 14.7603 ], [ 100.7369, 14.7748 ], [ 100.7741, 14.7897 ], [ 100.7774, 14.796 ], [ 100.8018, 14.7919 ], [ 100.8283, 14.8049 ], [ 100.8469, 14.8045 ], [ 100.8587, 14.7885 ], [ 100.8749, 14.782 ], [ 100.8819, 14.7642 ], [ 100.8925, 14.7646 ], [ 100.8995, 14.7721 ], [ 100.9103, 14.7696 ], [ 100.9265, 14.7548 ], [ 100.941, 14.7508 ], [ 100.9425, 14.7415 ], [ 100.9316, 14.745 ], [ 100.93, 14.751 ], [ 100.9135, 14.7389 ], [ 100.908, 14.7407 ], [ 100.906, 14.7345 ], [ 100.8809, 14.7399 ], [ 100.8724, 14.7295 ], [ 100.8601, 14.7249 ], [ 100.8526, 14.7277 ], [ 100.8444, 14.704 ], [ 100.8536, 14.6871 ], [ 100.8508, 14.6824 ], [ 100.8582, 14.6746 ], [ 100.8586, 14.6641 ], [ 100.8463, 14.6509 ], [ 100.8452, 14.6349 ] ] ] } },
{ "type": "Feature", "properties": { "id": "AMP_0107", "name": "ดอนพุด" }, "geometry": { "type": "Polygon", "coordinates": [ [ [ 100.636, 14.5892 ], [ 100.6348, 14.5679 ], [ 100.6194, 14.5603 ], [ 100.6026, 14.5565 ], [ 100.6032, 14.5785 ], [ 100.5753, 14.5969 ], [ 100.5789, 14.5998 ], [ 100.5767, 14.6046 ], [ 100.5843, 14.629 ], [ 100.6024, 14.6538 ], [ 100.6117, 14.6463 ], [ 100.6267, 14.6549 ], [ 100.6412, 14.6367 ], [ 100.6599, 14.6214 ], [ 100.6464, 14.6095 ], [ 100.6437, 14.5984 ], [ 100.636, 14.5892 ] ] ] } },
{ "type": "Feature", "properties": { "id": "AMP_0108", "name": "หนองโดน" }, "geometry": { "type": "Polygon", "coordinates": [ [ [ 100.6786, 14.6604 ], [ 100.6739, 14.6572 ], [ 100.6803, 14.6427 ], [ 100.6761, 14.6377 ], [ 100.6412, 14.6367 ], [ 100.6267, 14.6549 ], [ 100.6171, 14.663 ], [ 100.6395, 14.6742 ], [ 100.6561, 14.7034 ], [ 100.6532, 14.7117 ], [ 100.6643, 14.7369 ], [ 100.6677, 14.7333 ], [ 100.6702, 14.7393 ], [ 100.6943, 14.7623 ], [ 100.7257, 14.7603 ], [ 100.7184, 14.755 ], [ 100.7467, 14.7431 ], [ 100.7638, 14.7422 ], [ 100.7583, 14.7274 ], [ 100.7772, 14.7194 ], [ 100.7737, 14.7118 ], [ 100.7816, 14.7096 ], [ 100.7706, 14.7037 ], [ 100.77, 14.6871 ], [ 100.7521, 14.6691 ], [ 100.7482, 14.6574 ], [ 100.7256, 14.6545 ], [ 100.7167, 14.656 ], [ 100.7139, 14.6632 ], [ 100.7044, 14.6685 ], [ 100.6799, 14.6758 ], [ 100.6775, 14.6712 ], [ 100.6786, 14.6604 ] ] ] } },
{ "type": "Feature", "properties": { "id": "AMP_0109", "name": "เมืองลำปาง" }, "geometry": { "type": "Polygon", "coordinates": [ [ [ 99.5291, 18.1826 ], [ 99.5154, 18.1844 ], [ 99.5118, 18.1943 ], [ 99.4865, 18.1879 ], [ 99.4796, 18.2079 ], [ 99.472, 18.2161 ], [ 99.4401, 18.2256 ], [ 99.4324, 18.2206 ], [ 99.4215, 18.2243 ], [ 99.4119, 18.2314 ], [ 99.4054, 18.2633 ], [ 99.4255, 18.3056 ], [ 99.4109, 18.3136 ], [ 99.4172, 18.3256 ], [ 99.4309, 18.3179 ], [ 99.4341, 18.3213 ], [ 99.424, 18.3408 ], [ 99.4217, 18.3758 ], [ 99.4191, 18.3811 ], [ 99.3967, 18.3893 ], [ 99.381, 18.4017 ], [ 99.3626, 18.4387 ], [ 99.3521, 18.4432 ], [ 99.3314, 18.4629 ], [ 99.3285, 18.4764 ], [ 99.3164, 18.4903 ], [ 99.3033, 18.4921 ], [ 99.3203, 18.5014 ], [ 99.3171, 18.5321 ], [ 99.327, 18.5433 ], [ 99.3322, 18.5758 ], [ 99.3432, 18.5751 ], [ 99.3535, 18.5802 ], [ 99.3671, 18.5826 ], [ 99.4022, 18.5719 ], [ 99.4122, 18.5661 ], [ 99.4135, 18.5507 ], [ 99.4306, 18.5474 ], [ 99.4389, 18.553 ], [ 99.4399, 18.5476 ], [ 99.4468, 18.5453 ], [ 99.461, 18.5284 ], [ 99.4858, 18.5262 ], [ 99.4936, 18.5324 ], [ 99.4999, 18.5286 ], [ 99.5048, 18.5215 ], [ 99.5028, 18.5148 ], [ 99.5083, 18.4965 ], [ 99.5288, 18.4895 ], [ 99.5405, 18.5026 ], [ 99.5762, 18.5056 ], [ 99.5847, 18.5168 ], [ 99.5933, 18.5129 ], [ 99.6102, 18.514 ], [ 99.613, 18.5333 ], [ 99.6317, 18.544 ], [ 99.6388, 18.5559 ], [ 99.6352, 18.5641 ], [ 99.6417, 18.5803 ], [ 99.6551, 18.5858 ], [ 99.655, 18.5939 ], [ 99.664, 18.5992 ], [ 99.6724, 18.5973 ], [ 99.6848, 18.6107 ], [ 99.7158, 18.6047 ], [ 99.7118, 18.5785 ], [ 99.7155, 18.5696 ], [ 99.7203, 18.5639 ], [ 99.7327, 18.5608 ], [ 99.7343, 18.553 ], [ 99.7427, 18.5508 ], [ 99.7437, 18.5463 ], [ 99.7671, 18.539 ], [ 99.7724, 18.5187 ], [ 99.7692, 18.5071 ], [ 99.7551, 18.5015 ], [ 99.7416, 18.4695 ], [ 99.7289, 18.4527 ], [ 99.7236, 18.4472 ], [ 99.707, 18.4427 ], [ 99.712, 18.4286 ], [ 99.7063, 18.4199 ], [ 99.6977, 18.4186 ], [ 99.6872, 18.4027 ], [ 99.6793, 18.4001 ], [ 99.6554, 18.3399 ], [ 99.6482, 18.3403 ], [ 99.6437, 18.3261 ], [ 99.6362, 18.3233 ], [ 99.6305, 18.3117 ], [ 99.6277, 18.3101 ], [ 99.6353, 18.2939 ], [ 99.6246, 18.277 ], [ 99.629, 18.259 ], [ 99.5983, 18.244 ], [ 99.5789, 18.2138 ], [ 99.5569, 18.1998 ], [ 99.5368, 18.195 ], [ 99.5291, 18.1826 ] ] ] } },
{ "type": "Feature", "properties": { "id": "AMP_0110", "name": "เถิน" }, "geometry": { "type": "Polygon", "coordinates": [ [ [ 99.4211, 17.5186 ], [ 99.4192, 17.4876 ], [ 99.4061, 17.4713 ], [ 99.4175, 17.458 ], [ 99.4145, 17.4498 ], [ 99.4332, 17.4346 ], [ 99.4428, 17.4343 ], [ 99.4399, 17.4214 ], [ 99.4303, 17.4181 ], [ 99.4273, 17.4089 ], [ 99.4295, 17.3923 ], [ 99.4422, 17.3892 ], [ 99.4557, 17.3687 ], [ 99.4695, 17.3683 ], [ 99.4764, 17.3411 ], [ 99.4764, 17.3258 ], [ 99.4617, 17.3106 ], [ 99.4547, 17.3087 ], [ 99.4514, 17.2906 ], [ 99.4557, 17.2545 ], [ 99.4495, 17.2504 ], [ 99.4412, 17.2521 ], [ 99.4455, 17.2429 ], [ 99.4386, 17.2296 ], [ 99.4274, 17.232 ], [ 99.4188, 17.2266 ], [ 99.4194, 17.2188 ], [ 99.4009, 17.2206 ], [ 99.3931, 17.2064 ], [ 99.3729, 17.2128 ], [ 99.3586, 17.2485 ], [ 99.3466, 17.2561 ], [ 99.3403, 17.2673 ], [ 99.3162, 17.2694 ], [ 99.3033, 17.2735 ], [ 99.2972, 17.304 ], [ 99.2874, 17.3114 ], [ 99.2768, 17.3311 ], [ 99.2779, 17.3456 ], [ 99.274, 17.3452 ], [ 99.2708, 17.3522 ], [ 99.2754, 17.3812 ], [ 99.27, 17.4004 ], [ 99.2611, 17.4054 ], [ 99.2381, 17.4026 ], [ 99.2284, 17.4056 ], [ 99.213, 17.3911 ], [ 99.2063, 17.4234 ], [ 99.1914, 17.4304 ], [ 99.1888, 17.4433 ], [ 99.1694, 17.4493 ], [ 99.1761, 17.4689 ], [ 99.1695, 17.4754 ], [ 99.1725, 17.4841 ], [ 99.1694, 17.492 ], [ 99.1776, 17.5034 ], [ 99.162, 17.5105 ], [ 99.1727, 17.5127 ], [ 99.1696, 17.5196 ], [ 99.1809, 17.531 ], [ 99.1781, 17.537 ], [ 99.1608, 17.5597 ], [ 99.1432, 17.569 ], [ 99.1232, 17.5745 ], [ 99.1104, 17.5863 ], [ 99.0826, 17.6004 ], [ 99.0752, 17.5956 ], [ 99.071, 17.6057 ], [ 99.05, 17.6124 ], [ 99.0618, 17.6356 ], [ 99.0598, 17.6647 ], [ 99.0658, 17.6739 ], [ 99.0619, 17.6823 ], [ 99.0645, 17.6926 ], [ 99.0872, 17.7043 ], [ 99.0831, 17.7093 ], [ 99.0857, 17.7385 ], [ 99.0925, 17.7424 ], [ 99.1038, 17.7407 ], [ 99.1051, 17.7497 ], [ 99.1109, 17.7541 ], [ 99.1123, 17.768 ], [ 99.1255, 17.7718 ], [ 99.1167, 17.7907 ], [ 99.1101, 17.7931 ], [ 99.1045, 17.813 ], [ 99.1218, 17.819 ], [ 99.1281, 17.8161 ], [ 99.135, 17.8209 ], [ 99.1461, 17.814 ], [ 99.1503, 17.8164 ], [ 99.1589, 17.8085 ], [ 99.1733, 17.8098 ], [ 99.1745, 17.8153 ], [ 99.1696, 17.8171 ], [ 99.1737, 17.8215 ], [ 99.1645, 17.8305 ], [ 99.1605, 17.8454 ], [ 99.1826, 17.8496 ], [ 99.1825, 17.8675 ], [ 99.1913, 17.8814 ], [ 99.2085, 17.8817 ], [ 99.2106, 17.886 ], [ 99.2166, 17.8896 ], [ 99.2235, 17.8814 ], [ 99.2309, 17.8473 ], [ 99.25, 17.8363 ], [ 99.2724, 17.8144 ], [ 99.2838, 17.7973 ], [ 99.3114, 17.7855 ], [ 99.3101, 17.7771 ], [ 99.3243, 17.7652 ], [ 99.3483, 17.7748 ], [ 99.359, 17.7687 ], [ 99.3673, 17.774 ], [ 99.3811, 17.7513 ], [ 99.3802, 17.7391 ], [ 99.3741, 17.733 ], [ 99.377, 17.7252 ], [ 99.3862, 17.7227 ], [ 99.3806, 17.7109 ], [ 99.3862, 17.6856 ], [ 99.4223, 17.71 ], [ 99.4421, 17.7065 ], [ 99.4503, 17.7097 ], [ 99.456, 17.7154 ], [ 99.4554, 17.7254 ], [ 99.46, 17.7318 ], [ 99.4713, 17.7379 ], [ 99.478, 17.7245 ], [ 99.4738, 17.7163 ], [ 99.4753, 17.6972 ], [ 99.4702, 17.6908 ], [ 99.4764, 17.677 ], [ 99.4655, 17.6613 ], [ 99.4509, 17.6548 ], [ 99.4473, 17.6443 ], [ 99.4499, 17.6309 ], [ 99.4468, 17.6228 ], [ 99.4551, 17.6087 ], [ 99.4536, 17.5999 ], [ 99.447, 17.5996 ], [ 99.4404, 17.6095 ], [ 99.4256, 17.6091 ], [ 99.4189, 17.5998 ], [ 99.4224, 17.592 ], [ 99.4133, 17.5746 ], [ 99.4151, 17.5701 ], [ 99.4284, 17.5693 ], [ 99.435, 17.5634 ], [ 99.4302, 17.5493 ], [ 99.4388, 17.5273 ], [ 99.4211, 17.5186 ] ] ] } },
{ "type": "Feature", "properties": { "id": "AMP_0111", "name": "แม่พริก" }, "geometry": { "type": "Polygon", "coordinates": [ [ [ 99.1776, 17.5034 ], [ 99.1694, 17.492 ], [ 99.1725, 17.4841 ], [ 99.1695, 17.4754 ], [ 99.1761, 17.4689 ], [ 99.1694, 17.4493 ], [ 99.1888, 17.4433 ], [ 99.1914, 17.4304 ], [ 99.2063, 17.4234 ], [ 99.213, 17.3911 ], [ 99.2061, 17.3804 ], [ 99.209, 17.3736 ], [ 99.1896, 17.3539 ], [ 99.1764, 17.3484 ], [ 99.1726, 17.3364 ], [ 99.1571, 17.3461 ], [ 99.1518, 17.3449 ], [ 99.1417, 17.36 ], [ 99.1213, 17.3646 ], [ 99.1133, 17.3725 ], [ 99.1093, 17.3588 ], [ 99.088, 17.3765 ], [ 99.0764, 17.3724 ], [ 99.0572, 17.3878 ], [ 99.0472, 17.3864 ], [ 99.0322, 17.4108 ], [ 99.0121, 17.4147 ], [ 99.0135, 17.423 ], [ 98.9812, 17.4647 ], [ 98.9627, 17.4667 ], [ 98.9591, 17.4636 ], [ 98.9554, 17.4748 ], [ 98.9459, 17.4686 ], [ 98.932, 17.4743 ], [ 98.9325, 17.4839 ], [ 98.927, 17.49 ], [ 98.9283, 17.5067 ], [ 98.9221, 17.5125 ], [ 98.9262, 17.5242 ], [ 98.9109, 17.5354 ], [ 98.9059, 17.5448 ], [ 98.9047, 17.5627 ], [ 98.9109, 17.5816 ], [ 98.8893, 17.5888 ], [ 98.887, 17.6018 ], [ 98.8805, 17.6052 ], [ 98.88, 17.6106 ], [ 98.885, 17.621 ], [ 98.8819, 17.6261 ], [ 98.8998, 17.6407 ], [ 98.9037, 17.6394 ], [ 98.9078, 17.6486 ], [ 98.9181, 17.642 ], [ 98.9292, 17.6437 ], [ 98.9397, 17.6398 ], [ 98.9476, 17.646 ], [ 98.9612, 17.6395 ], [ 98.9823, 17.6402 ], [ 98.9908, 17.6335 ], [ 98.9999, 17.6354 ], [ 99.0191, 17.6149 ], [ 99.05, 17.6124 ], [ 99.071, 17.6057 ], [ 99.0752, 17.5956 ], [ 99.0826, 17.6004 ], [ 99.1104, 17.5863 ], [ 99.1232, 17.5745 ], [ 99.1432, 17.569 ], [ 99.1608, 17.5597 ], [ 99.1781, 17.537 ], [ 99.1809, 17.531 ], [ 99.1696, 17.5196 ], [ 99.1727, 17.5127 ], [ 99.162, 17.5105 ], [ 99.1776, 17.5034 ] ] ] } },
{ "type": "Feature", "properties": { "id": "AMP_0112", "name": "แจ้ห่ม" }, "geometry": { "type": "Polygon", "coordinates": [ [ [ 99.7592, 18.6777 ], [ 99.7679, 18.6534 ], [ 99.7598, 18.6451 ], [ 99.7678, 18.6347 ], [ 99.765, 18.6243 ], [ 99.7438, 18.6126 ], [ 99.7351, 18.6155 ], [ 99.726, 18.6128 ], [ 99.7158, 18.6047 ], [ 99.6848, 18.6107 ], [ 99.6724, 18.5973 ], [ 99.664, 18.5992 ], [ 99.655, 18.5939 ], [ 99.6551, 18.5858 ], [ 99.6417, 18.5803 ], [ 99.6352, 18.5641 ], [ 99.6388, 18.5559 ], [ 99.6317, 18.544 ], [ 99.613, 18.5333 ], [ 99.6102, 18.514 ], [ 99.5933, 18.5129 ], [ 99.5847, 18.5168 ], [ 99.5762, 18.5056 ], [ 99.5405, 18.5026 ], [ 99.5288, 18.4895 ], [ 99.5083, 18.4965 ], [ 99.5028, 18.5148 ], [ 99.5048, 18.5215 ], [ 99.4999, 18.5286 ], [ 99.5073, 18.5356 ], [ 99.5125, 18.5583 ], [ 99.5177, 18.5866 ], [ 99.5131, 18.6046 ], [ 99.5168, 18.6171 ], [ 99.5215, 18.6241 ], [ 99.5114, 18.635 ], [ 99.5222, 18.6828 ], [ 99.531, 18.7125 ], [ 99.5321, 18.751 ], [ 99.5413, 18.7752 ], [ 99.5411, 18.7845 ], [ 99.5506, 18.787 ], [ 99.5362, 18.7985 ], [ 99.5424, 18.816 ], [ 99.5338, 18.8225 ], [ 99.5391, 18.8427 ], [ 99.5305, 18.8527 ], [ 99.5392, 18.8707 ], [ 99.5538, 18.8877 ], [ 99.552, 18.9191 ], [ 99.5591, 18.9284 ], [ 99.5597, 18.9485 ], [ 99.5693, 18.9472 ], [ 99.5742, 18.9374 ], [ 99.5886, 18.9279 ], [ 99.5886, 18.9144 ], [ 99.5768, 18.9148 ], [ 99.5786, 18.9012 ], [ 99.6131, 18.8983 ], [ 99.6177, 18.9104 ], [ 99.6144, 18.9153 ], [ 99.6222, 18.9234 ], [ 99.6314, 18.9221 ], [ 99.6421, 18.9352 ], [ 99.6472, 18.9357 ], [ 99.6417, 18.9407 ], [ 99.6462, 18.9442 ], [ 99.6416, 18.945 ], [ 99.647, 18.9676 ], [ 99.6591, 18.9814 ], [ 99.6692, 18.9762 ], [ 99.6854, 18.9776 ], [ 99.7045, 18.9862 ], [ 99.7089, 18.9787 ], [ 99.7285, 18.9841 ], [ 99.7568, 18.9761 ], [ 99.7541, 18.9619 ], [ 99.7728, 18.9364 ], [ 99.7658, 18.9278 ], [ 99.7562, 18.9296 ], [ 99.7567, 18.9248 ], [ 99.7636, 18.9218 ], [ 99.7709, 18.9098 ], [ 99.7802, 18.9122 ], [ 99.7827, 18.9053 ], [ 99.7882, 18.9042 ], [ 99.7873, 18.8854 ], [ 99.7994, 18.8822 ], [ 99.8004, 18.8764 ], [ 99.7981, 18.8636 ], [ 99.8051, 18.8451 ], [ 99.8009, 18.8358 ], [ 99.8047, 18.8083 ], [ 99.7945, 18.7971 ], [ 99.7961, 18.7582 ], [ 99.7861, 18.7423 ], [ 99.7778, 18.741 ], [ 99.7763, 18.7217 ], [ 99.7771, 18.7063 ], [ 99.7592, 18.6777 ] ] ] } },
{ "type": "Feature", "properties": { "id": "AMP_0113", "name": "แม่เปิน" }, "geometry": { "type": "Polygon", "coordinates": [ [ [ 99.2632, 15.7813 ], [ 99.266, 15.7742 ], [ 99.2866, 15.7613 ], [ 99.2919, 15.77 ], [ 99.2908, 15.778 ], [ 99.3046, 15.7856 ], [ 99.3608, 15.766 ], [ 99.3681, 15.7382 ], [ 99.3822, 15.7332 ], [ 99.3962, 15.7307 ], [ 99.4025, 15.735 ], [ 99.4019, 15.743 ], [ 99.4091, 15.7426 ], [ 99.4146, 15.7483 ], [ 99.4207, 15.746 ], [ 99.4282, 15.7524 ], [ 99.445, 15.7333 ], [ 99.4539, 15.7307 ], [ 99.4568, 15.7342 ], [ 99.4632, 15.7319 ], [ 99.4735, 15.7065 ], [ 99.489, 15.6948 ], [ 99.4927, 15.6521 ], [ 99.51, 15.6396 ], [ 99.5235, 15.6397 ], [ 99.5215, 15.6243 ], [ 99.5338, 15.6097 ], [ 99.5319, 15.599 ], [ 99.5172, 15.589 ], [ 99.5002, 15.5931 ], [ 99.4956, 15.5689 ], [ 99.4696, 15.5648 ], [ 99.4635, 15.5795 ], [ 99.454, 15.5818 ], [ 99.452, 15.5891 ], [ 99.4263, 15.6054 ], [ 99.4225, 15.6145 ], [ 99.4041, 15.6175 ], [ 99.3924, 15.6251 ], [ 99.3789, 15.6252 ], [ 99.368, 15.6503 ], [ 99.372, 15.6637 ], [ 99.3599, 15.6775 ], [ 99.3323, 15.6918 ], [ 99.319, 15.6884 ], [ 99.3126, 15.6941 ], [ 99.2967, 15.6931 ], [ 99.288, 15.6971 ], [ 99.2884, 15.7039 ], [ 99.2761, 15.7178 ], [ 99.2458, 15.7224 ], [ 99.2394, 15.732 ], [ 99.2392, 15.7414 ], [ 99.2342, 15.7489 ], [ 99.227, 15.7487 ], [ 99.2167, 15.7681 ], [ 99.2146, 15.7792 ], [ 99.2296, 15.7958 ], [ 99.2569, 15.7808 ], [ 99.2632, 15.7813 ] ] ] } },
{ "type": "Feature", "properties": { "id": "AMP_0114", "name": "เสริมงาม" }, "geometry": { "type": "Polygon", "coordinates": [ [ [ 99.2535, 18.1581 ], [ 99.2638, 18.1426 ], [ 99.2749, 18.1451 ], [ 99.284, 18.1328 ], [ 99.2798, 18.127 ], [ 99.2945, 18.1062 ], [ 99.2928, 18.0939 ], [ 99.3026, 18.088 ], [ 99.289, 18.0653 ], [ 99.281, 18.0657 ], [ 99.2764, 18.0538 ], [ 99.2777, 18.0473 ], [ 99.2895, 18.0497 ], [ 99.2933, 18.0463 ], [ 99.2877, 18.0385 ], [ 99.2901, 18.0296 ], [ 99.2788, 18.0199 ], [ 99.2804, 18.013 ], [ 99.2867, 18.0093 ], [ 99.2858, 18.0013 ], [ 99.2735, 17.984 ], [ 99.2565, 17.9891 ], [ 99.2467, 17.9755 ], [ 99.2083, 17.9653 ], [ 99.1994, 17.9571 ], [ 99.2123, 17.9325 ], [ 99.2106, 17.9154 ], [ 99.2144, 17.9134 ], [ 99.2063, 17.9015 ], [ 99.2106, 17.886 ], [ 99.2085, 17.8817 ], [ 99.1913, 17.8814 ], [ 99.1825, 17.8675 ], [ 99.183, 17.8606 ], [ 99.1634, 17.8768 ], [ 99.1623, 17.8866 ], [ 99.1463, 17.8987 ], [ 99.1468, 17.9107 ], [ 99.1066, 17.9136 ], [ 99.1149, 17.9287 ], [ 99.1153, 17.9465 ], [ 99.1031, 17.9469 ], [ 99.0956, 17.9538 ], [ 99.0953, 17.9764 ], [ 99.1016, 17.9826 ], [ 99.0953, 17.9965 ], [ 99.101, 18.0014 ], [ 99.0929, 18.0148 ], [ 99.0921, 18.0249 ], [ 99.0834, 18.0315 ], [ 99.0832, 18.0428 ], [ 99.0704, 18.0628 ], [ 99.0726, 18.0916 ], [ 99.067, 18.0989 ], [ 99.0702, 18.1067 ], [ 99.0658, 18.1101 ], [ 99.0649, 18.1407 ], [ 99.0518, 18.1613 ], [ 99.0567, 18.175 ], [ 99.044, 18.1958 ], [ 99.0371, 18.2002 ], [ 99.0291, 18.2157 ], [ 99.0299, 18.2234 ], [ 99.0185, 18.2527 ], [ 99.0294, 18.2651 ], [ 99.0501, 18.2653 ], [ 99.0652, 18.2726 ], [ 99.0804, 18.2688 ], [ 99.0839, 18.2792 ], [ 99.0913, 18.2804 ], [ 99.1066, 18.2654 ], [ 99.1127, 18.267 ], [ 99.1168, 18.274 ], [ 99.1134, 18.2942 ], [ 99.1196, 18.2982 ], [ 99.1327, 18.2799 ], [ 99.1427, 18.2749 ], [ 99.1453, 18.2613 ], [ 99.1587, 18.2497 ], [ 99.1566, 18.2403 ], [ 99.1662, 18.2216 ], [ 99.177, 18.2168 ], [ 99.1834, 18.2027 ], [ 99.2168, 18.1901 ], [ 99.2191, 18.1761 ], [ 99.2481, 18.1594 ], [ 99.2535, 18.1581 ] ] ] } },
{ "type": "Feature", "properties": { "id": "AMP_0115", "name": "ชุมตาบง" }, "geometry": { "type": "Polygon", "coordinates": [ [ [ 99.6473, 15.672 ], [ 99.6596, 15.6733 ], [ 99.6653, 15.6676 ], [ 99.6284, 15.6408 ], [ 99.5958, 15.6297 ], [ 99.5727, 15.6071 ], [ 99.5697, 15.5993 ], [ 99.5635, 15.5921 ], [ 99.549, 15.5884 ], [ 99.5118, 15.5623 ], [ 99.4988, 15.5653 ], [ 99.4956, 15.5689 ], [ 99.5002, 15.5931 ], [ 99.5172, 15.589 ], [ 99.5319, 15.599 ], [ 99.5338, 15.6097 ], [ 99.5215, 15.6243 ], [ 99.5235, 15.6397 ], [ 99.51, 15.6396 ], [ 99.4927, 15.6521 ], [ 99.489, 15.6948 ], [ 99.4735, 15.7065 ], [ 99.4632, 15.7319 ], [ 99.4568, 15.7342 ], [ 99.4544, 15.7435 ], [ 99.4456, 15.7516 ], [ 99.4446, 15.7619 ], [ 99.4642, 15.7611 ], [ 99.482, 15.7662 ], [ 99.4986, 15.768 ], [ 99.5065, 15.7635 ], [ 99.5055, 15.752 ], [ 99.5114, 15.7451 ], [ 99.5427, 15.7329 ], [ 99.5616, 15.7283 ], [ 99.5709, 15.7385 ], [ 99.5942, 15.7368 ], [ 99.6162, 15.7181 ], [ 99.6363, 15.7323 ], [ 99.6345, 15.7284 ], [ 99.6434, 15.7114 ], [ 99.6617, 15.6996 ], [ 99.6762, 15.7006 ], [ 99.6719, 15.6939 ], [ 99.6486, 15.6856 ], [ 99.6473, 15.672 ] ] ] } },
{ "type": "Feature", "properties": { "id": "AMP_0116", "name": "งาว" }, "geometry": { "type": "Polygon", "coordinates": [ [ [ 100.1115, 18.6715 ], [ 100.1051, 18.6632 ], [ 100.1072, 18.6526 ], [ 100.0999, 18.6313 ], [ 100.1058, 18.6177 ], [ 100.1205, 18.6014 ], [ 100.1103, 18.5901 ], [ 100.1126, 18.5777 ], [ 100.107, 18.5701 ], [ 100.109, 18.563 ], [ 100.1055, 18.5598 ], [ 100.0899, 18.5728 ], [ 100.0764, 18.5609 ], [ 100.0562, 18.558 ], [ 100.0491, 18.5312 ], [ 100.0375, 18.5362 ], [ 100.0292, 18.5467 ], [ 100.0088, 18.5511 ], [ 99.9994, 18.548 ], [ 99.9784, 18.5553 ], [ 99.9656, 18.5528 ], [ 99.9602, 18.5614 ], [ 99.9527, 18.5581 ], [ 99.9508, 18.5615 ], [ 99.9292, 18.5624 ], [ 99.9283, 18.5511 ], [ 99.9146, 18.5525 ], [ 99.9058, 18.5456 ], [ 99.8992, 18.5477 ], [ 99.8951, 18.5291 ], [ 99.8773, 18.5264 ], [ 99.8812, 18.5141 ], [ 99.8694, 18.4918 ], [ 99.8392, 18.4874 ], [ 99.8343, 18.482 ], [ 99.8191, 18.4958 ], [ 99.8263, 18.5289 ], [ 99.8217, 18.5468 ], [ 99.8061, 18.5537 ], [ 99.7938, 18.5655 ], [ 99.8031, 18.5755 ], [ 99.8036, 18.5953 ], [ 99.8069, 18.603 ], [ 99.8146, 18.6066 ], [ 99.8163, 18.6224 ], [ 99.8262, 18.6306 ], [ 99.8252, 18.6383 ], [ 99.8368, 18.6565 ], [ 99.8337, 18.6617 ], [ 99.8227, 18.6581 ], [ 99.8176, 18.6616 ], [ 99.7767, 18.6617 ], [ 99.7592, 18.6777 ], [ 99.7771, 18.7063 ], [ 99.7763, 18.7217 ], [ 99.7778, 18.741 ], [ 99.7861, 18.7423 ], [ 99.7961, 18.7582 ], [ 99.7945, 18.7971 ], [ 99.8047, 18.8083 ], [ 99.8009, 18.8358 ], [ 99.8051, 18.8451 ], [ 99.7981, 18.8636 ], [ 99.8004, 18.8764 ], [ 99.7994, 18.8822 ], [ 99.7873, 18.8854 ], [ 99.7882, 18.9042 ], [ 99.7827, 18.9053 ], [ 99.7802, 18.9122 ], [ 99.7709, 18.9098 ], [ 99.7636, 18.9218 ], [ 99.7567, 18.9248 ], [ 99.7562, 18.9296 ], [ 99.7658, 18.9278 ], [ 99.7728, 18.9364 ], [ 99.7541, 18.9619 ], [ 99.7568, 18.9761 ], [ 99.7606, 18.9813 ], [ 99.7554, 19.0066 ], [ 99.7661, 19.0169 ], [ 99.7574, 19.0271 ], [ 99.7525, 19.0471 ], [ 99.7613, 19.0491 ], [ 99.7735, 19.0643 ], [ 99.7943, 19.0535 ], [ 99.8199, 19.0608 ], [ 99.8205, 19.0459 ], [ 99.8329, 19.0404 ], [ 99.8297, 19.0317 ], [ 99.8345, 19.0276 ], [ 99.8293, 19.0123 ], [ 99.8395, 19.0015 ], [ 99.8711, 18.9966 ], [ 99.8822, 19.0004 ], [ 99.8892, 18.9889 ], [ 99.9061, 18.9834 ], [ 99.9104, 18.9883 ], [ 99.9258, 18.9798 ], [ 99.9399, 18.9602 ], [ 99.9455, 18.9427 ], [ 99.9964, 18.9055 ], [ 100.0045, 18.9063 ], [ 100.0172, 18.8961 ], [ 100.0268, 18.8986 ], [ 100.0328, 18.9024 ], [ 100.0412, 18.8907 ], [ 100.0593, 18.8801 ], [ 100.0706, 18.8643 ], [ 100.069, 18.8465 ], [ 100.0621, 18.8357 ], [ 100.067, 18.8295 ], [ 100.0671, 18.8174 ], [ 100.0882, 18.8277 ], [ 100.0985, 18.815 ], [ 100.1142, 18.8091 ], [ 100.1154, 18.7997 ], [ 100.1217, 18.7985 ], [ 100.1258, 18.7841 ], [ 100.1154, 18.7769 ], [ 100.1154, 18.7658 ], [ 100.1011, 18.7513 ], [ 100.1019, 18.7385 ], [ 100.0967, 18.7295 ], [ 100.1014, 18.7245 ], [ 100.1037, 18.7051 ], [ 100.1079, 18.7034 ], [ 100.1085, 18.6916 ], [ 100.1047, 18.6901 ], [ 100.1115, 18.6715 ] ] ] } },
{ "type": "Feature", "properties": { "id": "AMP_0117", "name": "ตากฟ้า" }, "geometry": { "type": "Polygon", "coordinates": [ [ [ 100.4673, 15.2596 ], [ 100.4553, 15.2539 ], [ 100.4501, 15.2403 ], [ 100.4261, 15.2381 ], [ 100.4212, 15.2444 ], [ 100.4081, 15.2424 ], [ 100.4213, 15.2465 ], [ 100.4166, 15.2638 ], [ 100.4277, 15.2955 ], [ 100.4191, 15.3075 ], [ 100.4094, 15.3072 ], [ 100.3974, 15.3146 ], [ 100.4079, 15.3414 ], [ 100.4081, 15.3667 ], [ 100.4138, 15.3822 ], [ 100.4214, 15.384 ], [ 100.416, 15.4227 ], [ 100.379, 15.4234 ], [ 100.3658, 15.4327 ], [ 100.3548, 15.4316 ], [ 100.3506, 15.4372 ], [ 100.3505, 15.4443 ], [ 100.3338, 15.4477 ], [ 100.328, 15.4535 ], [ 100.318, 15.4494 ], [ 100.3216, 15.4536 ], [ 100.3473, 15.4691 ], [ 100.3631, 15.4896 ], [ 100.3781, 15.498 ], [ 100.3842, 15.512 ], [ 100.3983, 15.5188 ], [ 100.4101, 15.5381 ], [ 100.4193, 15.5374 ], [ 100.4317, 15.5272 ], [ 100.4527, 15.5305 ], [ 100.4737, 15.5283 ], [ 100.4936, 15.5027 ], [ 100.495, 15.4932 ], [ 100.4847, 15.4869 ], [ 100.4806, 15.478 ], [ 100.4826, 15.4621 ], [ 100.5013, 15.4397 ], [ 100.5038, 15.4132 ], [ 100.5131, 15.4062 ], [ 100.5391, 15.3797 ], [ 100.5503, 15.3841 ], [ 100.5483, 15.3948 ], [ 100.5527, 15.4036 ], [ 100.573, 15.3983 ], [ 100.5787, 15.402 ], [ 100.6039, 15.403 ], [ 100.6021, 15.3976 ], [ 100.5922, 15.3947 ], [ 100.5906, 15.3823 ], [ 100.598, 15.3763 ], [ 100.5935, 15.3628 ], [ 100.5993, 15.3428 ], [ 100.6122, 15.3334 ], [ 100.6203, 15.342 ], [ 100.6299, 15.3405 ], [ 100.6308, 15.3317 ], [ 100.6354, 15.3288 ], [ 100.6335, 15.3233 ], [ 100.6232, 15.3198 ], [ 100.6219, 15.3127 ], [ 100.6141, 15.3069 ], [ 100.6117, 15.2947 ], [ 100.5936, 15.2877 ], [ 100.5973, 15.2793 ], [ 100.5899, 15.268 ], [ 100.5784, 15.2682 ], [ 100.58, 15.2751 ], [ 100.569, 15.2819 ], [ 100.5421, 15.2842 ], [ 100.5316, 15.2807 ], [ 100.5255, 15.2696 ], [ 100.5182, 15.2737 ], [ 100.5116, 15.2671 ], [ 100.48, 15.259 ], [ 100.4673, 15.2596 ] ] ] } },
{ "type": "Feature", "properties": { "id": "AMP_0118", "name": "แม่เมาะ" }, "geometry": { "type": "Polygon", "coordinates": [ [ [ 99.8584, 18.2842 ], [ 99.8506, 18.2559 ], [ 99.8451, 18.2566 ], [ 99.8326, 18.2359 ], [ 99.8214, 18.2379 ], [ 99.8098, 18.2262 ], [ 99.8011, 18.2147 ], [ 99.7991, 18.2 ], [ 99.7911, 18.1931 ], [ 99.7756, 18.1953 ], [ 99.754, 18.2122 ], [ 99.7326, 18.2158 ], [ 99.731, 18.2298 ], [ 99.7141, 18.2327 ], [ 99.7051, 18.2301 ], [ 99.6997, 18.2232 ], [ 99.6927, 18.2276 ], [ 99.6827, 18.2174 ], [ 99.6726, 18.2243 ], [ 99.6603, 18.2195 ], [ 99.6543, 18.2221 ], [ 99.6521, 18.2183 ], [ 99.6335, 18.2221 ], [ 99.6258, 18.2393 ], [ 99.629, 18.259 ], [ 99.6246, 18.277 ], [ 99.6353, 18.2939 ], [ 99.6277, 18.3101 ], [ 99.6305, 18.3117 ], [ 99.6362, 18.3233 ], [ 99.6437, 18.3261 ], [ 99.6482, 18.3403 ], [ 99.6554, 18.3399 ], [ 99.6793, 18.4001 ], [ 99.6872, 18.4027 ], [ 99.6977, 18.4186 ], [ 99.7063, 18.4199 ], [ 99.712, 18.4286 ], [ 99.707, 18.4427 ], [ 99.7236, 18.4472 ], [ 99.7289, 18.4527 ], [ 99.7416, 18.4695 ], [ 99.7551, 18.5015 ], [ 99.7692, 18.5071 ], [ 99.7724, 18.5187 ], [ 99.7671, 18.539 ], [ 99.7437, 18.5463 ], [ 99.7427, 18.5508 ], [ 99.7343, 18.553 ], [ 99.7327, 18.5608 ], [ 99.7203, 18.5639 ], [ 99.7155, 18.5696 ], [ 99.7118, 18.5785 ], [ 99.7158, 18.6047 ], [ 99.726, 18.6128 ], [ 99.7351, 18.6155 ], [ 99.7438, 18.6126 ], [ 99.765, 18.6243 ], [ 99.7678, 18.6347 ], [ 99.7598, 18.6451 ], [ 99.7679, 18.6534 ], [ 99.7592, 18.6777 ], [ 99.7767, 18.6617 ], [ 99.8176, 18.6616 ], [ 99.8227, 18.6581 ], [ 99.8337, 18.6617 ], [ 99.8368, 18.6565 ], [ 99.8252, 18.6383 ], [ 99.8262, 18.6306 ], [ 99.8163, 18.6224 ], [ 99.8146, 18.6066 ], [ 99.8069, 18.603 ], [ 99.8036, 18.5953 ], [ 99.8031, 18.5755 ], [ 99.7938, 18.5655 ], [ 99.8061, 18.5537 ], [ 99.8217, 18.5468 ], [ 99.8263, 18.5289 ], [ 99.8191, 18.4958 ], [ 99.8343, 18.482 ], [ 99.8392, 18.4874 ], [ 99.8694, 18.4918 ], [ 99.8812, 18.5141 ], [ 99.8773, 18.5264 ], [ 99.8951, 18.5291 ], [ 99.8992, 18.5477 ], [ 99.9058, 18.5456 ], [ 99.9146, 18.5525 ], [ 99.9283, 18.5511 ], [ 99.9292, 18.5624 ], [ 99.9508, 18.5615 ], [ 99.9527, 18.5581 ], [ 99.9602, 18.5614 ], [ 99.9656, 18.5528 ], [ 99.9784, 18.5553 ], [ 99.9994, 18.548 ], [ 100.0088, 18.5511 ], [ 100.0292, 18.5467 ], [ 100.0375, 18.5362 ], [ 100.0568, 18.527 ], [ 100.0563, 18.5167 ], [ 100.0492, 18.497 ], [ 100.0405, 18.4872 ], [ 100.0302, 18.4695 ], [ 100.0238, 18.4691 ], [ 100.0279, 18.4641 ], [ 100.0214, 18.4477 ], [ 100.0045, 18.4458 ], [ 100.014, 18.4375 ], [ 99.9998, 18.4019 ], [ 99.9909, 18.3986 ], [ 99.9872, 18.3918 ], [ 99.9664, 18.3937 ], [ 99.9692, 18.3851 ], [ 99.9614, 18.384 ], [ 99.9555, 18.3768 ], [ 99.9495, 18.3637 ], [ 99.951, 18.3557 ], [ 99.9395, 18.3511 ], [ 99.9363, 18.3277 ], [ 99.9067, 18.2801 ], [ 99.889, 18.2829 ], [ 99.8737, 18.2783 ], [ 99.864, 18.28 ], [ 99.8584, 18.2842 ] ] ] } },
{ "type": "Feature", "properties": { "id": "AMP_0119", "name": "แม่วงก์" }, "geometry": { "type": "Polygon", "coordinates": [ [ [ 99.6299, 15.7727 ], [ 99.6353, 15.7636 ], [ 99.6337, 15.755 ], [ 99.6407, 15.7456 ], [ 99.6363, 15.7323 ], [ 99.6162, 15.7181 ], [ 99.5942, 15.7368 ], [ 99.5709, 15.7385 ], [ 99.5616, 15.7283 ], [ 99.5427, 15.7329 ], [ 99.5114, 15.7451 ], [ 99.5055, 15.752 ], [ 99.5065, 15.7635 ], [ 99.4986, 15.768 ], [ 99.482, 15.7662 ], [ 99.4642, 15.7611 ], [ 99.4446, 15.7619 ], [ 99.4456, 15.7516 ], [ 99.4544, 15.7435 ], [ 99.4568, 15.7342 ], [ 99.4539, 15.7307 ], [ 99.445, 15.7333 ], [ 99.4282, 15.7524 ], [ 99.4207, 15.746 ], [ 99.4146, 15.7483 ], [ 99.4091, 15.7426 ], [ 99.4019, 15.743 ], [ 99.4025, 15.735 ], [ 99.3962, 15.7307 ], [ 99.3822, 15.7332 ], [ 99.3681, 15.7382 ], [ 99.3608, 15.766 ], [ 99.3046, 15.7856 ], [ 99.2908, 15.778 ], [ 99.2919, 15.77 ], [ 99.2866, 15.7613 ], [ 99.266, 15.7742 ], [ 99.2632, 15.7813 ], [ 99.2569, 15.7808 ], [ 99.2296, 15.7958 ], [ 99.2146, 15.7792 ], [ 99.2167, 15.7681 ], [ 99.2021, 15.7669 ], [ 99.1922, 15.7797 ], [ 99.1866, 15.7837 ], [ 99.1658, 15.7776 ], [ 99.1613, 15.7914 ], [ 99.1338, 15.7982 ], [ 99.1239, 15.8144 ], [ 99.1033, 15.8211 ], [ 99.1037, 15.8273 ], [ 99.0962, 15.8315 ], [ 99.0988, 15.8538 ], [ 99.0941, 15.8612 ], [ 99.0973, 15.8713 ], [ 99.0867, 15.8868 ], [ 99.0952, 15.8833 ], [ 99.1287, 15.9127 ], [ 99.1381, 15.9058 ], [ 99.1482, 15.9094 ], [ 99.1534, 15.9201 ], [ 99.1734, 15.9284 ], [ 99.1722, 15.9372 ], [ 99.1864, 15.9286 ], [ 99.195, 15.9386 ], [ 99.1943, 15.9451 ], [ 99.2045, 15.9363 ], [ 99.2082, 15.9487 ], [ 99.2168, 15.9441 ], [ 99.2133, 15.9395 ], [ 99.2184, 15.9369 ], [ 99.2224, 15.9448 ], [ 99.2339, 15.9286 ], [ 99.2667, 15.9074 ], [ 99.2706, 15.9123 ], [ 99.2738, 15.9042 ], [ 99.2899, 15.8919 ], [ 99.2896, 15.9048 ], [ 99.2943, 15.903 ], [ 99.2972, 15.909 ], [ 99.3091, 15.9041 ], [ 99.3102, 15.9174 ], [ 99.3194, 15.9175 ], [ 99.3194, 15.9275 ], [ 99.3274, 15.9208 ], [ 99.3301, 15.9115 ], [ 99.357, 15.9264 ], [ 99.3735, 15.9157 ], [ 99.3857, 15.9169 ], [ 99.4047, 15.911 ], [ 99.4089, 15.9141 ], [ 99.4132, 15.9105 ], [ 99.425, 15.9213 ], [ 99.4315, 15.909 ], [ 99.4365, 15.9105 ], [ 99.4463, 15.9025 ], [ 99.451, 15.9049 ], [ 99.4764, 15.9026 ], [ 99.4812, 15.9108 ], [ 99.4777, 15.9212 ], [ 99.5018, 15.9286 ], [ 99.5122, 15.9234 ], [ 99.5246, 15.9252 ], [ 99.5284, 15.9209 ], [ 99.5404, 15.9263 ], [ 99.5536, 15.9161 ], [ 99.5564, 15.906 ], [ 99.5811, 15.9033 ], [ 99.594, 15.9113 ], [ 99.628, 15.9151 ], [ 99.647, 15.9078 ], [ 99.6824, 15.8672 ], [ 99.6995, 15.8289 ], [ 99.6956, 15.825 ], [ 99.6917, 15.8279 ], [ 99.685, 15.822 ], [ 99.6596, 15.8155 ], [ 99.6411, 15.8079 ], [ 99.6299, 15.7727 ] ] ] } },
{ "type": "Feature", "properties": { "id": "AMP_0120", "name": "เกาะคา" }, "geometry": { "type": "Polygon", "coordinates": [ [ [ 99.435, 18.1262 ], [ 99.4295, 18.1072 ], [ 99.4341, 18.0884 ], [ 99.4403, 18.082 ], [ 99.4338, 18.0602 ], [ 99.425, 18.051 ], [ 99.4329, 18.0418 ], [ 99.4301, 18.032 ], [ 99.4422, 18.0328 ], [ 99.4425, 18.0241 ], [ 99.4218, 18.0069 ], [ 99.4023, 18.0074 ], [ 99.3941, 18.0119 ], [ 99.3866, 18.0089 ], [ 99.3773, 18.0143 ], [ 99.3606, 18.0127 ], [ 99.3562, 17.9946 ], [ 99.3275, 17.9864 ], [ 99.2831, 17.9777 ], [ 99.2735, 17.984 ], [ 99.2858, 18.0013 ], [ 99.2867, 18.0093 ], [ 99.2804, 18.013 ], [ 99.2788, 18.0199 ], [ 99.2901, 18.0296 ], [ 99.2877, 18.0385 ], [ 99.2933, 18.0463 ], [ 99.2895, 18.0497 ], [ 99.2777, 18.0473 ], [ 99.2764, 18.0538 ], [ 99.281, 18.0657 ], [ 99.289, 18.0653 ], [ 99.3026, 18.088 ], [ 99.2928, 18.0939 ], [ 99.2945, 18.1062 ], [ 99.2798, 18.127 ], [ 99.284, 18.1328 ], [ 99.2749, 18.1451 ], [ 99.2638, 18.1426 ], [ 99.2535, 18.1581 ], [ 99.2481, 18.1594 ], [ 99.2191, 18.1761 ], [ 99.2168, 18.1901 ], [ 99.2292, 18.21 ], [ 99.2499, 18.2129 ], [ 99.273, 18.2337 ], [ 99.2946, 18.2599 ], [ 99.2879, 18.2929 ], [ 99.3257, 18.2966 ], [ 99.3453, 18.2849 ], [ 99.3533, 18.2707 ], [ 99.3891, 18.2618 ], [ 99.4054, 18.2633 ], [ 99.4119, 18.2314 ], [ 99.4215, 18.2243 ], [ 99.4324, 18.2206 ], [ 99.4268, 18.1778 ], [ 99.4327, 18.1537 ], [ 99.427, 18.1438 ], [ 99.4317, 18.129 ], [ 99.435, 18.1262 ] ] ] } },
{ "type": "Feature", "properties": { "id": "AMP_0121", "name": "พยุหะคีรี" }, "geometry": { "type": "Polygon", "coordinates": [ [ [ 100.2191, 15.3955 ], [ 100.2135, 15.3778 ], [ 100.2199, 15.369 ], [ 100.2171, 15.3636 ], [ 100.182, 15.3811 ], [ 100.1631, 15.3814 ], [ 100.1532, 15.3892 ], [ 100.1441, 15.3906 ], [ 100.1462, 15.3935 ], [ 100.1401, 15.4043 ], [ 100.1294, 15.4051 ], [ 100.1249, 15.4123 ], [ 100.102, 15.4175 ], [ 100.0774, 15.4266 ], [ 100.0537, 15.4251 ], [ 100.0608, 15.4385 ], [ 100.0497, 15.4429 ], [ 100.0392, 15.4613 ], [ 100.0132, 15.4728 ], [ 100.0239, 15.4818 ], [ 100.0351, 15.51 ], [ 100.0474, 15.5227 ], [ 100.0462, 15.5264 ], [ 100.0549, 15.5342 ], [ 100.0809, 15.5422 ], [ 100.094, 15.5393 ], [ 100.1093, 15.5548 ], [ 100.1271, 15.5591 ], [ 100.1366, 15.5678 ], [ 100.1394, 15.5828 ], [ 100.1347, 15.6007 ], [ 100.1406, 15.6145 ], [ 100.1435, 15.6031 ], [ 100.1505, 15.6041 ], [ 100.158, 15.598 ], [ 100.1746, 15.5972 ], [ 100.189, 15.591 ], [ 100.1953, 15.5985 ], [ 100.1936, 15.6084 ], [ 100.2027, 15.6188 ], [ 100.2094, 15.6203 ], [ 100.2195, 15.6316 ], [ 100.2407, 15.6365 ], [ 100.2519, 15.6358 ], [ 100.25, 15.6304 ], [ 100.2621, 15.6278 ], [ 100.2651, 15.609 ], [ 100.2716, 15.6041 ], [ 100.2759, 15.5743 ], [ 100.2891, 15.5749 ], [ 100.2954, 15.5607 ], [ 100.3264, 15.5828 ], [ 100.3396, 15.5979 ], [ 100.3507, 15.5878 ], [ 100.3817, 15.5924 ], [ 100.3848, 15.5731 ], [ 100.4101, 15.5381 ], [ 100.3983, 15.5188 ], [ 100.3842, 15.512 ], [ 100.3781, 15.498 ], [ 100.3631, 15.4896 ], [ 100.3473, 15.4691 ], [ 100.3216, 15.4536 ], [ 100.2961, 15.4532 ], [ 100.2468, 15.4306 ], [ 100.2427, 15.4129 ], [ 100.2232, 15.3966 ], [ 100.2191, 15.3955 ] ] ] } },
{ "type": "Feature", "properties": { "id": "AMP_0122", "name": "ลาดยาว" }, "geometry": { "type": "Polygon", "coordinates": [ [ [ 99.8656, 15.6192 ], [ 99.8625, 15.6175 ], [ 99.8501, 15.6202 ], [ 99.7952, 15.6419 ], [ 99.7911, 15.6498 ], [ 99.7645, 15.6608 ], [ 99.7481, 15.6768 ], [ 99.7318, 15.6882 ], [ 99.7184, 15.6815 ], [ 99.7055, 15.6854 ], [ 99.6653, 15.6676 ], [ 99.6596, 15.6733 ], [ 99.6473, 15.672 ], [ 99.6486, 15.6856 ], [ 99.6719, 15.6939 ], [ 99.6762, 15.7006 ], [ 99.6617, 15.6996 ], [ 99.6434, 15.7114 ], [ 99.6345, 15.7284 ], [ 99.6407, 15.7456 ], [ 99.6337, 15.755 ], [ 99.6353, 15.7636 ], [ 99.6299, 15.7727 ], [ 99.6411, 15.8079 ], [ 99.6596, 15.8155 ], [ 99.685, 15.822 ], [ 99.6917, 15.8279 ], [ 99.6956, 15.825 ], [ 99.6995, 15.8289 ], [ 99.6824, 15.8672 ], [ 99.688, 15.8729 ], [ 99.7092, 15.8797 ], [ 99.7158, 15.8736 ], [ 99.7277, 15.872 ], [ 99.7398, 15.8582 ], [ 99.7511, 15.8801 ], [ 99.7722, 15.8992 ], [ 99.7696, 15.9192 ], [ 99.787, 15.9267 ], [ 99.8351, 15.9111 ], [ 99.8384, 15.9146 ], [ 99.8618, 15.9012 ], [ 99.8671, 15.9042 ], [ 99.8646, 15.9098 ], [ 99.8806, 15.9131 ], [ 99.8876, 15.9072 ], [ 99.9004, 15.8897 ], [ 99.9298, 15.8379 ], [ 99.9067, 15.8309 ], [ 99.8883, 15.8133 ], [ 99.9059, 15.7986 ], [ 99.9018, 15.7912 ], [ 99.9066, 15.7783 ], [ 99.9189, 15.782 ], [ 99.9268, 15.7761 ], [ 99.9307, 15.7689 ], [ 99.9375, 15.7675 ], [ 99.9333, 15.7477 ], [ 99.9457, 15.7206 ], [ 99.9292, 15.7083 ], [ 99.9311, 15.6958 ], [ 99.9274, 15.6856 ], [ 99.9319, 15.6734 ], [ 99.8681, 15.6559 ], [ 99.8635, 15.6445 ], [ 99.8656, 15.6192 ] ] ] } },
{ "type": "Feature", "properties": { "id": "AMP_0123", "name": "สบปราบ" }, "geometry": { "type": "Polygon", "coordinates": [ [ [ 99.4122, 17.8249 ], [ 99.3934, 17.8154 ], [ 99.3857, 17.7901 ], [ 99.3673, 17.774 ], [ 99.359, 17.7687 ], [ 99.3483, 17.7748 ], [ 99.3243, 17.7652 ], [ 99.3101, 17.7771 ], [ 99.3114, 17.7855 ], [ 99.2838, 17.7973 ], [ 99.2724, 17.8144 ], [ 99.25, 17.8363 ], [ 99.2309, 17.8473 ], [ 99.2235, 17.8814 ], [ 99.2166, 17.8896 ], [ 99.2106, 17.886 ], [ 99.2063, 17.9015 ], [ 99.2144, 17.9134 ], [ 99.2106, 17.9154 ], [ 99.2123, 17.9325 ], [ 99.1994, 17.9571 ], [ 99.2083, 17.9653 ], [ 99.2467, 17.9755 ], [ 99.2565, 17.9891 ], [ 99.2735, 17.984 ], [ 99.2831, 17.9777 ], [ 99.3275, 17.9864 ], [ 99.3562, 17.9946 ], [ 99.3606, 18.0127 ], [ 99.3773, 18.0143 ], [ 99.3866, 18.0089 ], [ 99.3941, 18.0119 ], [ 99.4023, 18.0074 ], [ 99.4218, 18.0069 ], [ 99.4213, 17.987 ], [ 99.4033, 17.9793 ], [ 99.4041, 17.973 ], [ 99.4164, 17.967 ], [ 99.4183, 17.952 ], [ 99.4561, 17.9385 ], [ 99.4755, 17.9218 ], [ 99.4818, 17.921 ], [ 99.4841, 17.9162 ], [ 99.4753, 17.8942 ], [ 99.4557, 17.8802 ], [ 99.4429, 17.8639 ], [ 99.4213, 17.8505 ], [ 99.4122, 17.8249 ] ] ] } },
{ "type": "Feature", "properties": { "id": "AMP_0124", "name": "ห้างฉัตร" }, "geometry": { "type": "Polygon", "coordinates": [ [ [ 99.273, 18.2337 ], [ 99.2499, 18.2129 ], [ 99.2292, 18.21 ], [ 99.2168, 18.1901 ], [ 99.1834, 18.2027 ], [ 99.177, 18.2168 ], [ 99.1662, 18.2216 ], [ 99.1566, 18.2403 ], [ 99.1587, 18.2497 ], [ 99.1453, 18.2613 ], [ 99.1427, 18.2749 ], [ 99.1327, 18.2799 ], [ 99.1196, 18.2982 ], [ 99.1248, 18.3042 ], [ 99.1228, 18.3117 ], [ 99.1326, 18.3144 ], [ 99.1523, 18.3161 ], [ 99.1531, 18.3293 ], [ 99.1695, 18.3476 ], [ 99.1669, 18.3742 ], [ 99.1713, 18.3748 ], [ 99.1896, 18.3883 ], [ 99.1885, 18.3949 ], [ 99.1949, 18.407 ], [ 99.1988, 18.4207 ], [ 99.2221, 18.4305 ], [ 99.2376, 18.4489 ], [ 99.2421, 18.4791 ], [ 99.2571, 18.4951 ], [ 99.283, 18.4997 ], [ 99.2863, 18.4926 ], [ 99.3164, 18.4903 ], [ 99.3285, 18.4764 ], [ 99.3314, 18.4629 ], [ 99.3521, 18.4432 ], [ 99.3626, 18.4387 ], [ 99.381, 18.4017 ], [ 99.3967, 18.3893 ], [ 99.4191, 18.3811 ], [ 99.4217, 18.3758 ], [ 99.424, 18.3408 ], [ 99.4341, 18.3213 ], [ 99.4309, 18.3179 ], [ 99.4172, 18.3256 ], [ 99.4109, 18.3136 ], [ 99.4255, 18.3056 ], [ 99.4054, 18.2633 ], [ 99.3891, 18.2618 ], [ 99.3533, 18.2707 ], [ 99.3453, 18.2849 ], [ 99.3257, 18.2966 ], [ 99.2879, 18.2929 ], [ 99.2946, 18.2599 ], [ 99.273, 18.2337 ] ] ] } },
{ "type": "Feature", "properties": { "id": "AMP_0125", "name": "แม่ทะ" }, "geometry": { "type": "Polygon", "coordinates": [ [ [ 99.7194, 18.0698 ], [ 99.7054, 18.0706 ], [ 99.6913, 18.0655 ], [ 99.6918, 18.0566 ], [ 99.6802, 18.0458 ], [ 99.6576, 18.0398 ], [ 99.6496, 18.0568 ], [ 99.6418, 18.0556 ], [ 99.6328, 18.0623 ], [ 99.6188, 18.0486 ], [ 99.6098, 18.0492 ], [ 99.6001, 18.0393 ], [ 99.5857, 18.0354 ], [ 99.595, 18.0097 ], [ 99.5673, 17.9926 ], [ 99.5586, 17.975 ], [ 99.5478, 17.9718 ], [ 99.5411, 17.9611 ], [ 99.5262, 17.9586 ], [ 99.493, 17.9241 ], [ 99.4818, 17.921 ], [ 99.4755, 17.9218 ], [ 99.4561, 17.9385 ], [ 99.4183, 17.952 ], [ 99.4164, 17.967 ], [ 99.4041, 17.973 ], [ 99.4033, 17.9793 ], [ 99.4213, 17.987 ], [ 99.4218, 18.0069 ], [ 99.4425, 18.0241 ], [ 99.4422, 18.0328 ], [ 99.4301, 18.032 ], [ 99.4329, 18.0418 ], [ 99.425, 18.051 ], [ 99.4338, 18.0602 ], [ 99.4403, 18.082 ], [ 99.4341, 18.0884 ], [ 99.4295, 18.1072 ], [ 99.435, 18.1262 ], [ 99.4317, 18.129 ], [ 99.427, 18.1438 ], [ 99.4327, 18.1537 ], [ 99.4268, 18.1778 ], [ 99.4324, 18.2206 ], [ 99.4401, 18.2256 ], [ 99.472, 18.2161 ], [ 99.4796, 18.2079 ], [ 99.4865, 18.1879 ], [ 99.5118, 18.1943 ], [ 99.5154, 18.1844 ], [ 99.5291, 18.1826 ], [ 99.5368, 18.195 ], [ 99.5569, 18.1998 ], [ 99.5789, 18.2138 ], [ 99.5983, 18.244 ], [ 99.629, 18.259 ], [ 99.6258, 18.2393 ], [ 99.6335, 18.2221 ], [ 99.6521, 18.2183 ], [ 99.6543, 18.2221 ], [ 99.6603, 18.2195 ], [ 99.6726, 18.2243 ], [ 99.6827, 18.2174 ], [ 99.6927, 18.2276 ], [ 99.6997, 18.2232 ], [ 99.7051, 18.2301 ], [ 99.7141, 18.2327 ], [ 99.731, 18.2298 ], [ 99.7326, 18.2158 ], [ 99.754, 18.2122 ], [ 99.7756, 18.1953 ], [ 99.7911, 18.1931 ], [ 99.7535, 18.1407 ], [ 99.7537, 18.13 ], [ 99.7606, 18.1241 ], [ 99.7378, 18.1061 ], [ 99.7194, 18.0698 ] ] ] } },
{ "type": "Feature", "properties": { "id": "AMP_0126", "name": "เมืองปาน" }, "geometry": { "type": "Polygon", "coordinates": [ [ [ 99.5131, 18.6046 ], [ 99.5177, 18.5866 ], [ 99.5073, 18.5356 ], [ 99.4999, 18.5286 ], [ 99.4936, 18.5324 ], [ 99.4858, 18.5262 ], [ 99.461, 18.5284 ], [ 99.4468, 18.5453 ], [ 99.4399, 18.5476 ], [ 99.4389, 18.553 ], [ 99.4306, 18.5474 ], [ 99.4135, 18.5507 ], [ 99.4122, 18.5661 ], [ 99.4022, 18.5719 ], [ 99.3671, 18.5826 ], [ 99.3535, 18.5802 ], [ 99.3491, 18.5933 ], [ 99.3595, 18.607 ], [ 99.3478, 18.6171 ], [ 99.3277, 18.6185 ], [ 99.3274, 18.6392 ], [ 99.3326, 18.65 ], [ 99.3422, 18.6497 ], [ 99.3472, 18.6571 ], [ 99.3332, 18.6687 ], [ 99.3274, 18.6854 ], [ 99.336, 18.6933 ], [ 99.3332, 18.7008 ], [ 99.341, 18.7064 ], [ 99.3404, 18.7159 ], [ 99.3484, 18.7244 ], [ 99.3483, 18.7358 ], [ 99.3712, 18.7534 ], [ 99.367, 18.7749 ], [ 99.3711, 18.7809 ], [ 99.3587, 18.802 ], [ 99.3525, 18.8234 ], [ 99.3527, 18.8462 ], [ 99.3858, 18.8677 ], [ 99.3861, 18.8778 ], [ 99.3915, 18.8848 ], [ 99.3862, 18.8892 ], [ 99.3874, 18.8964 ], [ 99.3779, 18.9208 ], [ 99.3866, 18.9441 ], [ 99.375, 18.9599 ], [ 99.3775, 18.9685 ], [ 99.3734, 18.9821 ], [ 99.3929, 18.9975 ], [ 99.4374, 19.0092 ], [ 99.4447, 19.0213 ], [ 99.4652, 19.0358 ], [ 99.4842, 19.0706 ], [ 99.4939, 19.0772 ], [ 99.4989, 19.0747 ], [ 99.5174, 19.0793 ], [ 99.5203, 19.075 ], [ 99.5271, 19.076 ], [ 99.5264, 19.0624 ], [ 99.5349, 19.0585 ], [ 99.5441, 19.0618 ], [ 99.548, 19.0562 ], [ 99.5489, 19.0507 ], [ 99.538, 19.0455 ], [ 99.5336, 19.0296 ], [ 99.5286, 19.0259 ], [ 99.5374, 19.0151 ], [ 99.538, 18.9975 ], [ 99.5452, 18.9896 ], [ 99.5495, 18.9683 ], [ 99.562, 18.9635 ], [ 99.5591, 18.9284 ], [ 99.552, 18.9191 ], [ 99.5538, 18.8877 ], [ 99.5392, 18.8707 ], [ 99.5305, 18.8527 ], [ 99.5391, 18.8427 ], [ 99.5338, 18.8225 ], [ 99.5424, 18.816 ], [ 99.5362, 18.7985 ], [ 99.5506, 18.787 ], [ 99.5411, 18.7845 ], [ 99.5413, 18.7752 ], [ 99.5321, 18.751 ], [ 99.531, 18.7125 ], [ 99.5222, 18.6828 ], [ 99.5114, 18.635 ], [ 99.5215, 18.6241 ], [ 99.5168, 18.6171 ], [ 99.5131, 18.6046 ] ] ] } },
{ "type": "Feature", "properties": { "id": "AMP_0127", "name": "เมืองอ่างทอง" }, "geometry": { "type": "Polygon", "coordinates": [ [ [ 100.4574, 14.5195 ], [ 100.4469, 14.5182 ], [ 100.4285, 14.524 ], [ 100.426, 14.532 ], [ 100.4047, 14.539 ], [ 100.4044, 14.543 ], [ 100.3948, 14.543 ], [ 100.3874, 14.5535 ], [ 100.3863, 14.5728 ], [ 100.3925, 14.5765 ], [ 100.4018, 14.5981 ], [ 100.3965, 14.6015 ], [ 100.3926, 14.6083 ], [ 100.3988, 14.624 ], [ 100.4064, 14.6285 ], [ 100.4213, 14.6288 ], [ 100.4309, 14.6272 ], [ 100.4428, 14.6328 ], [ 100.4598, 14.6285 ], [ 100.4709, 14.6302 ], [ 100.4847, 14.6253 ], [ 100.4991, 14.625 ], [ 100.4999, 14.618 ], [ 100.4915, 14.6094 ], [ 100.4927, 14.5853 ], [ 100.4892, 14.5769 ], [ 100.479, 14.5678 ], [ 100.492, 14.5484 ], [ 100.4913, 14.5321 ], [ 100.4772, 14.5278 ], [ 100.4738, 14.5364 ], [ 100.466, 14.5341 ], [ 100.4583, 14.5267 ], [ 100.4574, 14.5195 ] ] ] } },
{ "type": "Feature", "properties": { "id": "AMP_0128", "name": "ไชโย" }, "geometry": { "type": "Polygon", "coordinates": [ [ [ 100.5, 14.6495 ], [ 100.4986, 14.6348 ], [ 100.5033, 14.63 ], [ 100.4991, 14.625 ], [ 100.4847, 14.6253 ], [ 100.4709, 14.6302 ], [ 100.4598, 14.6285 ], [ 100.4428, 14.6328 ], [ 100.4309, 14.6272 ], [ 100.4311, 14.6338 ], [ 100.438, 14.6372 ], [ 100.4418, 14.6483 ], [ 100.4264, 14.6759 ], [ 100.4321, 14.6857 ], [ 100.4341, 14.698 ], [ 100.4239, 14.7106 ], [ 100.4198, 14.7268 ], [ 100.4337, 14.7278 ], [ 100.4649, 14.7187 ], [ 100.4754, 14.703 ], [ 100.4861, 14.6995 ], [ 100.4954, 14.6996 ], [ 100.5045, 14.6847 ], [ 100.5004, 14.6827 ], [ 100.5157, 14.6817 ], [ 100.5092, 14.673 ], [ 100.5028, 14.6679 ], [ 100.5048, 14.6556 ], [ 100.5083, 14.6522 ], [ 100.5, 14.6495 ] ] ] } },
{ "type": "Feature", "properties": { "id": "AMP_0129", "name": "สามโก้" }, "geometry": { "type": "Polygon", "coordinates": [ [ [ 100.2714, 14.5679 ], [ 100.2692, 14.5565 ], [ 100.2515, 14.5451 ], [ 100.2493, 14.5393 ], [ 100.2406, 14.5352 ], [ 100.2337, 14.5377 ], [ 100.2379, 14.5702 ], [ 100.233, 14.5792 ], [ 100.2209, 14.5857 ], [ 100.2182, 14.5795 ], [ 100.2096, 14.5789 ], [ 100.2093, 14.5859 ], [ 100.2152, 14.597 ], [ 100.1998, 14.5991 ], [ 100.1917, 14.6128 ], [ 100.1949, 14.619 ], [ 100.1997, 14.6176 ], [ 100.2035, 14.6249 ], [ 100.2107, 14.6217 ], [ 100.2139, 14.6319 ], [ 100.2141, 14.6377 ], [ 100.2337, 14.6428 ], [ 100.2402, 14.6508 ], [ 100.2566, 14.6548 ], [ 100.2618, 14.6638 ], [ 100.2688, 14.6632 ], [ 100.2746, 14.6435 ], [ 100.2875, 14.6313 ], [ 100.287, 14.6191 ], [ 100.3044, 14.6213 ], [ 100.3088, 14.6146 ], [ 100.3206, 14.613 ], [ 100.321, 14.6056 ], [ 100.3155, 14.5992 ], [ 100.3083, 14.5994 ], [ 100.3009, 14.5913 ], [ 100.2925, 14.5925 ], [ 100.2938, 14.5871 ], [ 100.2844, 14.5806 ], [ 100.2704, 14.579 ], [ 100.2714, 14.5679 ] ] ] } },
{ "type": "Feature", "properties": { "id": "AMP_0130", "name": "แสวงหา" }, "geometry": { "type": "Polygon", "coordinates": [ [ [ 100.3717, 14.7613 ], [ 100.3811, 14.7427 ], [ 100.3731, 14.7288 ], [ 100.3756, 14.7251 ], [ 100.3733, 14.7196 ], [ 100.3583, 14.7239 ], [ 100.3412, 14.7198 ], [ 100.3365, 14.7102 ], [ 100.3198, 14.6988 ], [ 100.2783, 14.6988 ], [ 100.2711, 14.7085 ], [ 100.2434, 14.7049 ], [ 100.2272, 14.7097 ], [ 100.2168, 14.723 ], [ 100.2104, 14.7218 ], [ 100.2041, 14.7489 ], [ 100.203, 14.7714 ], [ 100.2297, 14.7871 ], [ 100.2265, 14.7943 ], [ 100.2452, 14.8014 ], [ 100.2636, 14.7955 ], [ 100.2726, 14.7987 ], [ 100.278, 14.7902 ], [ 100.295, 14.7812 ], [ 100.2991, 14.7891 ], [ 100.3134, 14.7894 ], [ 100.3108, 14.7974 ], [ 100.3291, 14.8019 ], [ 100.3357, 14.7902 ], [ 100.3487, 14.7799 ], [ 100.3485, 14.7717 ], [ 100.3559, 14.7616 ], [ 100.3657, 14.7627 ], [ 100.3717, 14.7613 ] ] ] } },
{ "type": "Feature", "properties": { "id": "AMP_0131", "name": "วิเศษชัยชาญ" }, "geometry": { "type": "Polygon", "coordinates": [ [ [ 100.2593, 14.4906 ], [ 100.2527, 14.4811 ], [ 100.2497, 14.4861 ], [ 100.2345, 14.4825 ], [ 100.2301, 14.4879 ], [ 100.2329, 14.4993 ], [ 100.2255, 14.5071 ], [ 100.2099, 14.5193 ], [ 100.2044, 14.5295 ], [ 100.2078, 14.5404 ], [ 100.1974, 14.5552 ], [ 100.1975, 14.566 ], [ 100.2094, 14.5729 ], [ 100.2096, 14.5789 ], [ 100.2182, 14.5795 ], [ 100.2209, 14.5857 ], [ 100.233, 14.5792 ], [ 100.2379, 14.5702 ], [ 100.2337, 14.5377 ], [ 100.2406, 14.5352 ], [ 100.2493, 14.5393 ], [ 100.2515, 14.5451 ], [ 100.2692, 14.5565 ], [ 100.2714, 14.5679 ], [ 100.2704, 14.579 ], [ 100.2844, 14.5806 ], [ 100.2938, 14.5871 ], [ 100.2925, 14.5925 ], [ 100.3009, 14.5913 ], [ 100.3083, 14.5994 ], [ 100.3155, 14.5992 ], [ 100.321, 14.6056 ], [ 100.3206, 14.613 ], [ 100.3088, 14.6146 ], [ 100.3044, 14.6213 ], [ 100.287, 14.6191 ], [ 100.2875, 14.6313 ], [ 100.3067, 14.6322 ], [ 100.3073, 14.6475 ], [ 100.3243, 14.6607 ], [ 100.3616, 14.6376 ], [ 100.3583, 14.6176 ], [ 100.3596, 14.6125 ], [ 100.3657, 14.6134 ], [ 100.3811, 14.6049 ], [ 100.3965, 14.6015 ], [ 100.4018, 14.5981 ], [ 100.3925, 14.5765 ], [ 100.3863, 14.5728 ], [ 100.3874, 14.5535 ], [ 100.3948, 14.543 ], [ 100.4044, 14.543 ], [ 100.4042, 14.5311 ], [ 100.3963, 14.5059 ], [ 100.3923, 14.51 ], [ 100.3829, 14.5087 ], [ 100.374, 14.5009 ], [ 100.3487, 14.4986 ], [ 100.3399, 14.493 ], [ 100.3193, 14.4881 ], [ 100.3134, 14.4916 ], [ 100.2869, 14.4976 ], [ 100.277, 14.4863 ], [ 100.2593, 14.4906 ] ] ] } },
{ "type": "Feature", "properties": { "id": "AMP_0132", "name": "โพธิ์ทอง" }, "geometry": { "type": "Polygon", "coordinates": [ [ [ 100.3926, 14.6083 ], [ 100.3965, 14.6015 ], [ 100.3811, 14.6049 ], [ 100.3657, 14.6134 ], [ 100.3596, 14.6125 ], [ 100.3583, 14.6176 ], [ 100.3616, 14.6376 ], [ 100.3243, 14.6607 ], [ 100.3073, 14.6475 ], [ 100.3067, 14.6322 ], [ 100.2875, 14.6313 ], [ 100.2746, 14.6435 ], [ 100.2688, 14.6632 ], [ 100.2618, 14.6638 ], [ 100.2566, 14.6548 ], [ 100.2402, 14.6508 ], [ 100.2302, 14.6541 ], [ 100.221, 14.6712 ], [ 100.2121, 14.7126 ], [ 100.2034, 14.7153 ], [ 100.2104, 14.7218 ], [ 100.2168, 14.723 ], [ 100.2272, 14.7097 ], [ 100.2434, 14.7049 ], [ 100.2711, 14.7085 ], [ 100.2783, 14.6988 ], [ 100.3198, 14.6988 ], [ 100.3365, 14.7102 ], [ 100.3412, 14.7198 ], [ 100.3583, 14.7239 ], [ 100.3733, 14.7196 ], [ 100.3756, 14.7251 ], [ 100.3731, 14.7288 ], [ 100.3811, 14.7427 ], [ 100.3948, 14.7457 ], [ 100.4025, 14.7589 ], [ 100.4147, 14.7493 ], [ 100.4148, 14.727 ], [ 100.4198, 14.7268 ], [ 100.4239, 14.7106 ], [ 100.4341, 14.698 ], [ 100.4321, 14.6857 ], [ 100.4264, 14.6759 ], [ 100.4418, 14.6483 ], [ 100.438, 14.6372 ], [ 100.4311, 14.6338 ], [ 100.4309, 14.6272 ], [ 100.4213, 14.6288 ], [ 100.4064, 14.6285 ], [ 100.3988, 14.624 ], [ 100.3926, 14.6083 ] ] ] } },
{ "type": "Feature", "properties": { "id": "AMP_0133", "name": "เมืองลพบุรี" }, "geometry": { "type": "Polygon", "coordinates": [ [ [ 100.6024, 14.6538 ], [ 100.5814, 14.664 ], [ 100.5694, 14.6615 ], [ 100.5526, 14.6605 ], [ 100.5492, 14.6713 ], [ 100.5336, 14.6652 ], [ 100.5242, 14.6653 ], [ 100.5131, 14.6565 ], [ 100.507, 14.662 ], [ 100.5092, 14.673 ], [ 100.5157, 14.6817 ], [ 100.5123, 14.6889 ], [ 100.5229, 14.7032 ], [ 100.5274, 14.7161 ], [ 100.516, 14.7357 ], [ 100.5265, 14.7386 ], [ 100.5366, 14.7493 ], [ 100.5481, 14.7475 ], [ 100.5644, 14.7616 ], [ 100.563, 14.7661 ], [ 100.5686, 14.7781 ], [ 100.5805, 14.7864 ], [ 100.5706, 14.787 ], [ 100.5703, 14.8135 ], [ 100.5542, 14.8274 ], [ 100.5445, 14.8426 ], [ 100.5616, 14.8622 ], [ 100.5586, 14.8835 ], [ 100.5643, 14.9408 ], [ 100.588, 14.9252 ], [ 100.6116, 14.936 ], [ 100.6617, 14.9401 ], [ 100.6773, 14.9473 ], [ 100.6816, 14.9559 ], [ 100.7114, 14.9613 ], [ 100.7424, 14.9471 ], [ 100.7569, 14.9249 ], [ 100.7775, 14.9254 ], [ 100.8262, 14.9372 ], [ 100.8483, 14.9116 ], [ 100.8831, 14.9023 ], [ 100.8896, 14.8517 ], [ 100.8974, 14.8444 ], [ 100.8637, 14.8406 ], [ 100.8652, 14.817 ], [ 100.8517, 14.7972 ], [ 100.8469, 14.8045 ], [ 100.8283, 14.8049 ], [ 100.8018, 14.7919 ], [ 100.7774, 14.796 ], [ 100.7741, 14.7897 ], [ 100.7369, 14.7748 ], [ 100.7257, 14.7603 ], [ 100.6943, 14.7623 ], [ 100.6702, 14.7393 ], [ 100.6677, 14.7333 ], [ 100.6643, 14.7369 ], [ 100.6532, 14.7117 ], [ 100.6561, 14.7034 ], [ 100.6395, 14.6742 ], [ 100.6171, 14.663 ], [ 100.6267, 14.6549 ], [ 100.6117, 14.6463 ], [ 100.6024, 14.6538 ] ] ] } },
{ "type": "Feature", "properties": { "id": "AMP_0134", "name": "เดิมบางนางบวช" }, "geometry": { "type": "Polygon", "coordinates": [ [ [ 100.2144, 14.8068 ], [ 100.2163, 14.7981 ], [ 100.2265, 14.7943 ], [ 100.2297, 14.7871 ], [ 100.203, 14.7714 ], [ 100.187, 14.7745 ], [ 100.1877, 14.7783 ], [ 100.193, 14.7782 ], [ 100.1929, 14.7875 ], [ 100.1891, 14.7882 ], [ 100.189, 14.7843 ], [ 100.167, 14.7903 ], [ 100.1663, 14.7944 ], [ 100.1558, 14.7906 ], [ 100.1548, 14.797 ], [ 100.1445, 14.7956 ], [ 100.1377, 14.799 ], [ 100.123, 14.7835 ], [ 100.105, 14.7939 ], [ 100.104, 14.7998 ], [ 100.0997, 14.7924 ], [ 100.0876, 14.7904 ], [ 100.0864, 14.8015 ], [ 100.0812, 14.8033 ], [ 100.0823, 14.8125 ], [ 100.0745, 14.8167 ], [ 100.0304, 14.8314 ], [ 100.0322, 14.8354 ], [ 100.0269, 14.8396 ], [ 100.0072, 14.846 ], [ 100.0, 14.8374 ], [ 99.9903, 14.8415 ], [ 99.9827, 14.8397 ], [ 99.9734, 14.8462 ], [ 99.9546, 14.8496 ], [ 99.9472, 14.8581 ], [ 99.945, 14.8552 ], [ 99.9374, 14.8577 ], [ 99.9279, 14.8703 ], [ 99.9105, 14.8729 ], [ 99.8795, 14.8639 ], [ 99.8768, 14.8593 ], [ 99.873, 14.8613 ], [ 99.8546, 14.8547 ], [ 99.8389, 14.8541 ], [ 99.8291, 14.8432 ], [ 99.8152, 14.8468 ], [ 99.818, 14.8554 ], [ 99.8288, 14.8653 ], [ 99.8085, 14.8684 ], [ 99.7808, 14.8888 ], [ 99.7728, 14.8878 ], [ 99.7613, 14.9001 ], [ 99.764, 14.9212 ], [ 99.7745, 14.928 ], [ 99.7639, 14.9312 ], [ 99.7577, 14.9405 ], [ 99.7404, 14.9501 ], [ 99.7288, 14.9475 ], [ 99.7328, 14.9539 ], [ 99.7296, 14.9627 ], [ 99.7311, 14.9637 ], [ 99.7486, 14.9595 ], [ 99.7635, 14.9623 ], [ 99.7741, 14.9512 ], [ 99.8828, 14.9124 ], [ 99.9098, 14.9145 ], [ 99.9297, 14.9078 ], [ 99.9495, 14.9107 ], [ 99.9681, 14.9018 ], [ 100.0008, 14.9101 ], [ 100.031, 14.9141 ], [ 100.0408, 14.9193 ], [ 100.0448, 14.9289 ], [ 100.0457, 14.9406 ], [ 100.036, 14.9538 ], [ 100.0397, 14.961 ], [ 100.0638, 14.9532 ], [ 100.0733, 14.9579 ], [ 100.1059, 14.9463 ], [ 100.1327, 14.9463 ], [ 100.1378, 14.9357 ], [ 100.1275, 14.9314 ], [ 100.1265, 14.9241 ], [ 100.1313, 14.9153 ], [ 100.1367, 14.9131 ], [ 100.1414, 14.9188 ], [ 100.1469, 14.916 ], [ 100.1499, 14.9213 ], [ 100.158, 14.9191 ], [ 100.1596, 14.9259 ], [ 100.1656, 14.924 ], [ 100.1641, 14.9285 ], [ 100.1699, 14.9271 ], [ 100.1751, 14.9437 ], [ 100.1961, 14.9518 ], [ 100.1995, 14.9605 ], [ 100.2017, 14.9543 ], [ 100.1972, 14.9399 ], [ 100.1815, 14.9347 ], [ 100.1862, 14.9072 ], [ 100.1961, 14.9038 ], [ 100.2204, 14.909 ], [ 100.2221, 14.9027 ], [ 100.2065, 14.8941 ], [ 100.2101, 14.8843 ], [ 100.2244, 14.8837 ], [ 100.2164, 14.8731 ], [ 100.2213, 14.8658 ], [ 100.2143, 14.8396 ], [ 100.2092, 14.8328 ], [ 100.2045, 14.8086 ], [ 100.2144, 14.8068 ] ] ] } },
{ "type": "Feature", "properties": { "id": "AMP_0135", "name": "ด่านช้าง" }, "geometry": { "type": "Polygon", "coordinates": [ [ [ 99.7456, 14.8256 ], [ 99.7369, 14.8152 ], [ 99.7283, 14.8177 ], [ 99.7239, 14.8131 ], [ 99.7204, 14.8172 ], [ 99.7182, 14.8144 ], [ 99.7012, 14.8209 ], [ 99.6791, 14.8222 ], [ 99.6638, 14.8319 ], [ 99.6496, 14.8088 ], [ 99.6552, 14.8038 ], [ 99.6326, 14.8012 ], [ 99.6125, 14.7821 ], [ 99.5696, 14.7885 ], [ 99.571, 14.76 ], [ 99.5777, 14.7513 ], [ 99.5717, 14.7323 ], [ 99.5573, 14.7307 ], [ 99.5335, 14.7081 ], [ 99.5162, 14.7025 ], [ 99.5088, 14.7089 ], [ 99.4963, 14.7045 ], [ 99.481, 14.7088 ], [ 99.4536, 14.7266 ], [ 99.4425, 14.732 ], [ 99.444, 14.7421 ], [ 99.4318, 14.7526 ], [ 99.432, 14.76 ], [ 99.4364, 14.7742 ], [ 99.4212, 14.7814 ], [ 99.4116, 14.7731 ], [ 99.3901, 14.7658 ], [ 99.3728, 14.7672 ], [ 99.3662, 14.7737 ], [ 99.3588, 14.7714 ], [ 99.3408, 14.7858 ], [ 99.3303, 14.8071 ], [ 99.3154, 14.8141 ], [ 99.3088, 14.8128 ], [ 99.3028, 14.8261 ], [ 99.2939, 14.8314 ], [ 99.2812, 14.8616 ], [ 99.2919, 14.8651 ], [ 99.3053, 14.8827 ], [ 99.3135, 14.8839 ], [ 99.3178, 14.8953 ], [ 99.322, 14.9229 ], [ 99.3104, 14.9357 ], [ 99.3209, 14.9492 ], [ 99.3043, 14.981 ], [ 99.2832, 14.9979 ], [ 99.2847, 15.0069 ], [ 99.3, 15.0133 ], [ 99.3072, 15.0254 ], [ 99.2958, 15.0374 ], [ 99.3014, 15.0429 ], [ 99.299, 15.0537 ], [ 99.3058, 15.0637 ], [ 99.3111, 15.0628 ], [ 99.3118, 15.0678 ], [ 99.3221, 15.0727 ], [ 99.3197, 15.0812 ], [ 99.3391, 15.0815 ], [ 99.3566, 15.0602 ], [ 99.3562, 15.055 ], [ 99.3647, 15.0487 ], [ 99.3824, 15.051 ], [ 99.3861, 15.0473 ], [ 99.3936, 15.0505 ], [ 99.405, 15.0441 ], [ 99.4197, 15.0486 ], [ 99.416, 15.0366 ], [ 99.4262, 15.0069 ], [ 99.4449, 14.9834 ], [ 99.4512, 14.9935 ], [ 99.4567, 14.9887 ], [ 99.4834, 14.9899 ], [ 99.491, 14.9843 ], [ 99.5166, 14.9828 ], [ 99.5233, 14.9764 ], [ 99.5243, 14.9688 ], [ 99.5457, 14.9635 ], [ 99.559, 14.9623 ], [ 99.5786, 14.947 ], [ 99.6026, 14.9471 ], [ 99.6305, 14.9378 ], [ 99.63, 14.9707 ], [ 99.6236, 14.9802 ], [ 99.6275, 14.9883 ], [ 99.635, 14.9899 ], [ 99.6655, 14.9881 ], [ 99.683, 14.9764 ], [ 99.7022, 14.9757 ], [ 99.6936, 14.9657 ], [ 99.7183, 14.9609 ], [ 99.7296, 14.9627 ], [ 99.7328, 14.9539 ], [ 99.7288, 14.9475 ], [ 99.7404, 14.9501 ], [ 99.7577, 14.9405 ], [ 99.7639, 14.9312 ], [ 99.7745, 14.928 ], [ 99.764, 14.9212 ], [ 99.7613, 14.9001 ], [ 99.7728, 14.8878 ], [ 99.7808, 14.8888 ], [ 99.8085, 14.8684 ], [ 99.8288, 14.8653 ], [ 99.818, 14.8554 ], [ 99.8152, 14.8468 ], [ 99.7935, 14.842 ], [ 99.7834, 14.8327 ], [ 99.7634, 14.8326 ], [ 99.7573, 14.8261 ], [ 99.7456, 14.8256 ] ] ] } },
{ "type": "Feature", "properties": { "id": "AMP_0136", "name": "หนองม่วง" }, "geometry": { "type": "Polygon", "coordinates": [ [ [ 100.7828, 15.2047 ], [ 100.7957, 15.1951 ], [ 100.7754, 15.1571 ], [ 100.7623, 15.1754 ], [ 100.7442, 15.1869 ], [ 100.7107, 15.1783 ], [ 100.6997, 15.1677 ], [ 100.6381, 15.1421 ], [ 100.6416, 15.1321 ], [ 100.6218, 15.1485 ], [ 100.6312, 15.1707 ], [ 100.6277, 15.1835 ], [ 100.6485, 15.1844 ], [ 100.6482, 15.208 ], [ 100.6363, 15.234 ], [ 100.6131, 15.2437 ], [ 100.5974, 15.2692 ], [ 100.5899, 15.268 ], [ 100.5973, 15.2793 ], [ 100.5936, 15.2877 ], [ 100.6117, 15.2947 ], [ 100.6141, 15.3069 ], [ 100.6219, 15.3127 ], [ 100.6232, 15.3198 ], [ 100.6335, 15.3233 ], [ 100.6354, 15.3288 ], [ 100.6308, 15.3317 ], [ 100.6299, 15.3405 ], [ 100.6336, 15.3405 ], [ 100.6355, 15.348 ], [ 100.625, 15.3585 ], [ 100.6304, 15.3861 ], [ 100.6423, 15.3919 ], [ 100.6462, 15.404 ], [ 100.6437, 15.4168 ], [ 100.6603, 15.4343 ], [ 100.6669, 15.4342 ], [ 100.6797, 15.4522 ], [ 100.7015, 15.4408 ], [ 100.7115, 15.4415 ], [ 100.7147, 15.4255 ], [ 100.726, 15.4098 ], [ 100.7324, 15.3572 ], [ 100.728, 15.3496 ], [ 100.7314, 15.3365 ], [ 100.7537, 15.3377 ], [ 100.7857, 15.3281 ], [ 100.7985, 15.3165 ], [ 100.8043, 15.3162 ], [ 100.8021, 15.3096 ], [ 100.8087, 15.3099 ], [ 100.8109, 15.2951 ], [ 100.8241, 15.2812 ], [ 100.7851, 15.2347 ], [ 100.7678, 15.2379 ], [ 100.7614, 15.2317 ], [ 100.7607, 15.2227 ], [ 100.7663, 15.2172 ], [ 100.7795, 15.2159 ], [ 100.7828, 15.2047 ] ] ] } },
{ "type": "Feature", "properties": { "id": "AMP_0137", "name": "ลำสนธิ" }, "geometry": { "type": "Polygon", "coordinates": [ [ [ 101.3996, 15.102 ], [ 101.3966, 15.0986 ], [ 101.3991, 15.0725 ], [ 101.3812, 15.0674 ], [ 101.3711, 15.0432 ], [ 101.363, 15.0461 ], [ 101.3453, 15.1008 ], [ 101.3626, 15.1073 ], [ 101.3365, 15.1772 ], [ 101.3304, 15.2076 ], [ 101.3201, 15.2259 ], [ 101.3136, 15.2225 ], [ 101.3093, 15.2269 ], [ 101.302, 15.2254 ], [ 101.3096, 15.2428 ], [ 101.3087, 15.2641 ], [ 101.2982, 15.2867 ], [ 101.2964, 15.315 ], [ 101.3, 15.3248 ], [ 101.2923, 15.3281 ], [ 101.3037, 15.3453 ], [ 101.3096, 15.368 ], [ 101.2989, 15.3807 ], [ 101.3055, 15.3927 ], [ 101.3029, 15.4308 ], [ 101.3075, 15.4349 ], [ 101.3021, 15.4388 ], [ 101.2976, 15.4559 ], [ 101.3069, 15.4723 ], [ 101.3026, 15.5012 ], [ 101.3034, 15.519 ], [ 101.2979, 15.5293 ], [ 101.2893, 15.527 ], [ 101.2881, 15.5311 ], [ 101.3064, 15.5501 ], [ 101.321, 15.6165 ], [ 101.3396, 15.637 ], [ 101.3509, 15.6625 ], [ 101.3376, 15.7213 ], [ 101.3388, 15.7471 ], [ 101.3484, 15.7504 ], [ 101.3806, 15.7369 ], [ 101.3903, 15.7452 ], [ 101.4059, 15.7366 ], [ 101.4001, 15.7234 ], [ 101.3945, 15.679 ], [ 101.3713, 15.5854 ], [ 101.3744, 15.5415 ], [ 101.3859, 15.4707 ], [ 101.3784, 15.4404 ], [ 101.3775, 15.3992 ], [ 101.381, 15.3879 ], [ 101.3755, 15.3768 ], [ 101.3797, 15.3457 ], [ 101.3853, 15.3476 ], [ 101.3808, 15.3403 ], [ 101.3825, 15.3332 ], [ 101.3812, 15.288 ], [ 101.3843, 15.2529 ], [ 101.3864, 15.2429 ], [ 101.3911, 15.2402 ], [ 101.3996, 15.1586 ], [ 101.3996, 15.102 ] ] ] } },
{ "type": "Feature", "properties": { "id": "AMP_0138", "name": "สามชุก" }, "geometry": { "type": "Polygon", "coordinates": [ [ [ 100.0807, 14.6774 ], [ 100.0671, 14.6755 ], [ 100.0472, 14.6864 ], [ 99.9822, 14.693 ], [ 99.9935, 14.709 ], [ 99.9772, 14.7228 ], [ 99.9886, 14.7306 ], [ 99.9823, 14.7377 ], [ 99.9926, 14.7477 ], [ 99.9821, 14.7474 ], [ 99.9858, 14.7587 ], [ 99.9807, 14.7594 ], [ 99.9781, 14.7687 ], [ 99.9482, 14.7783 ], [ 99.9519, 14.7957 ], [ 99.9619, 14.8071 ], [ 99.9614, 14.812 ], [ 99.9664, 14.8107 ], [ 99.9799, 14.8179 ], [ 99.9757, 14.8247 ], [ 99.9768, 14.832 ], [ 99.9833, 14.8342 ], [ 99.9827, 14.8397 ], [ 99.9903, 14.8415 ], [ 100.0, 14.8374 ], [ 100.0072, 14.846 ], [ 100.0269, 14.8396 ], [ 100.0322, 14.8354 ], [ 100.0304, 14.8314 ], [ 100.0745, 14.8167 ], [ 100.0823, 14.8125 ], [ 100.0812, 14.8033 ], [ 100.0864, 14.8015 ], [ 100.0876, 14.7904 ], [ 100.0997, 14.7924 ], [ 100.104, 14.7998 ], [ 100.105, 14.7939 ], [ 100.123, 14.7835 ], [ 100.1377, 14.799 ], [ 100.1445, 14.7956 ], [ 100.1548, 14.797 ], [ 100.1558, 14.7906 ], [ 100.1663, 14.7944 ], [ 100.167, 14.7903 ], [ 100.189, 14.7843 ], [ 100.1891, 14.7882 ], [ 100.1929, 14.7875 ], [ 100.193, 14.7782 ], [ 100.1877, 14.7783 ], [ 100.187, 14.7745 ], [ 100.202, 14.7716 ], [ 100.2018, 14.7616 ], [ 100.1862, 14.7414 ], [ 100.167, 14.7338 ], [ 100.1667, 14.7294 ], [ 100.1477, 14.7172 ], [ 100.1476, 14.7094 ], [ 100.1238, 14.703 ], [ 100.1243, 14.6962 ], [ 100.1298, 14.6964 ], [ 100.135, 14.6907 ], [ 100.1028, 14.6822 ], [ 100.0924, 14.6814 ], [ 100.0807, 14.6774 ] ] ] } },
{ "type": "Feature", "properties": { "id": "AMP_0139", "name": "ดอนเจดีย์" }, "geometry": { "type": "Polygon", "coordinates": [ [ [ 100.0535, 14.5854 ], [ 100.062, 14.5848 ], [ 100.0734, 14.5907 ], [ 100.0763, 14.58 ], [ 100.086, 14.5776 ], [ 100.0803, 14.5664 ], [ 100.0844, 14.5639 ], [ 100.0781, 14.5662 ], [ 100.0795, 14.5716 ], [ 100.0678, 14.5758 ], [ 100.0457, 14.575 ], [ 100.0392, 14.5702 ], [ 100.0156, 14.5746 ], [ 100.005, 14.5682 ], [ 99.9609, 14.591 ], [ 99.9491, 14.5929 ], [ 99.9331, 14.6055 ], [ 99.9019, 14.5859 ], [ 99.8923, 14.6028 ], [ 99.8823, 14.6071 ], [ 99.8781, 14.6227 ], [ 99.8729, 14.6183 ], [ 99.8661, 14.6196 ], [ 99.8675, 14.6092 ], [ 99.8557, 14.609 ], [ 99.8323, 14.619 ], [ 99.8218, 14.6332 ], [ 99.821, 14.6508 ], [ 99.8103, 14.6686 ], [ 99.7987, 14.6777 ], [ 99.8013, 14.6918 ], [ 99.7967, 14.6959 ], [ 99.7931, 14.7105 ], [ 99.7992, 14.7161 ], [ 99.7963, 14.7248 ], [ 99.8015, 14.7345 ], [ 99.8337, 14.7264 ], [ 99.8561, 14.7096 ], [ 99.9013, 14.6893 ], [ 99.9167, 14.6983 ], [ 99.9427, 14.6915 ], [ 99.9822, 14.693 ], [ 100.0472, 14.6864 ], [ 100.0671, 14.6755 ], [ 100.0807, 14.6774 ], [ 100.0833, 14.6666 ], [ 100.0708, 14.6594 ], [ 100.0674, 14.627 ], [ 100.0623, 14.6291 ], [ 100.0581, 14.6256 ], [ 100.0606, 14.6107 ], [ 100.0513, 14.6009 ], [ 100.0535, 14.5854 ] ] ] } },
{ "type": "Feature", "properties": { "id": "AMP_0140", "name": "สระโบสถ์" }, "geometry": { "type": "Polygon", "coordinates": [ [ [ 100.7797, 15.1424 ], [ 100.7825, 15.1541 ], [ 100.7754, 15.1571 ], [ 100.7957, 15.1951 ], [ 100.7828, 15.2047 ], [ 100.7795, 15.2159 ], [ 100.7663, 15.2172 ], [ 100.7607, 15.2227 ], [ 100.7614, 15.2317 ], [ 100.7678, 15.2379 ], [ 100.7851, 15.2347 ], [ 100.8241, 15.2812 ], [ 100.8109, 15.2951 ], [ 100.8087, 15.3099 ], [ 100.8021, 15.3096 ], [ 100.8047, 15.3228 ], [ 100.8131, 15.3244 ], [ 100.8158, 15.3326 ], [ 100.8442, 15.3215 ], [ 100.8773, 15.3228 ], [ 100.9008, 15.3146 ], [ 100.9188, 15.3022 ], [ 100.9206, 15.2884 ], [ 100.9344, 15.2923 ], [ 100.954, 15.2912 ], [ 100.9636, 15.2807 ], [ 100.9663, 15.2639 ], [ 100.9776, 15.2604 ], [ 100.9832, 15.2474 ], [ 100.9749, 15.2321 ], [ 100.964, 15.2234 ], [ 100.9764, 15.2077 ], [ 100.9346, 15.1659 ], [ 100.9015, 15.15 ], [ 100.8605, 15.1571 ], [ 100.8376, 15.1489 ], [ 100.8263, 15.1531 ], [ 100.8244, 15.1506 ], [ 100.8048, 15.1507 ], [ 100.7924, 15.1401 ], [ 100.7797, 15.1424 ] ] ] } },
{ "type": "Feature", "properties": { "id": "AMP_0141", "name": "ศรีประจันต์" }, "geometry": { "type": "Polygon", "coordinates": [ [ [ 100.2094, 14.5729 ], [ 100.1975, 14.566 ], [ 100.1974, 14.5552 ], [ 100.189, 14.5428 ], [ 100.1623, 14.5312 ], [ 100.1484, 14.5387 ], [ 100.1241, 14.538 ], [ 100.1085, 14.5462 ], [ 100.1053, 14.5604 ], [ 100.0844, 14.5639 ], [ 100.0803, 14.5664 ], [ 100.086, 14.5776 ], [ 100.0763, 14.58 ], [ 100.0734, 14.5907 ], [ 100.062, 14.5848 ], [ 100.0535, 14.5854 ], [ 100.0513, 14.6009 ], [ 100.0606, 14.6107 ], [ 100.0581, 14.6256 ], [ 100.0623, 14.6291 ], [ 100.0674, 14.627 ], [ 100.0708, 14.6594 ], [ 100.0833, 14.6666 ], [ 100.0807, 14.6774 ], [ 100.0924, 14.6814 ], [ 100.1028, 14.6822 ], [ 100.135, 14.6907 ], [ 100.1298, 14.6964 ], [ 100.1243, 14.6962 ], [ 100.1238, 14.703 ], [ 100.1476, 14.7094 ], [ 100.1477, 14.7172 ], [ 100.1667, 14.7294 ], [ 100.167, 14.7338 ], [ 100.1862, 14.7414 ], [ 100.2018, 14.7616 ], [ 100.202, 14.7716 ], [ 100.2041, 14.7489 ], [ 100.2104, 14.7218 ], [ 100.2034, 14.7153 ], [ 100.2121, 14.7126 ], [ 100.221, 14.6712 ], [ 100.2302, 14.6541 ], [ 100.2402, 14.6508 ], [ 100.2337, 14.6428 ], [ 100.2141, 14.6377 ], [ 100.2139, 14.6319 ], [ 100.2107, 14.6217 ], [ 100.2035, 14.6249 ], [ 100.1997, 14.6176 ], [ 100.1949, 14.619 ], [ 100.1917, 14.6128 ], [ 100.1998, 14.5991 ], [ 100.2152, 14.597 ], [ 100.2093, 14.5859 ], [ 100.2094, 14.5729 ] ] ] } },
{ "type": "Feature", "properties": { "id": "AMP_0142", "name": "โคกเจริญ" }, "geometry": { "type": "Polygon", "coordinates": [ [ [ 100.9483, 15.4061 ], [ 100.9537, 15.4118 ], [ 100.9636, 15.411 ], [ 100.9753, 15.4167 ], [ 100.9784, 15.367 ], [ 100.9839, 15.348 ], [ 100.9782, 15.337 ], [ 100.9678, 15.329 ], [ 100.9671, 15.3217 ], [ 100.959, 15.3216 ], [ 100.9496, 15.3128 ], [ 100.954, 15.2912 ], [ 100.9344, 15.2923 ], [ 100.9206, 15.2884 ], [ 100.9188, 15.3022 ], [ 100.9008, 15.3146 ], [ 100.8773, 15.3228 ], [ 100.8442, 15.3215 ], [ 100.8158, 15.3326 ], [ 100.8131, 15.3244 ], [ 100.8047, 15.3228 ], [ 100.8043, 15.3162 ], [ 100.7985, 15.3165 ], [ 100.7857, 15.3281 ], [ 100.7537, 15.3377 ], [ 100.7314, 15.3365 ], [ 100.728, 15.3496 ], [ 100.7324, 15.3572 ], [ 100.726, 15.4098 ], [ 100.7147, 15.4255 ], [ 100.7115, 15.4415 ], [ 100.7166, 15.4465 ], [ 100.7337, 15.4473 ], [ 100.7687, 15.462 ], [ 100.769, 15.4961 ], [ 100.7451, 15.5119 ], [ 100.7543, 15.5138 ], [ 100.7595, 15.5191 ], [ 100.758, 15.5255 ], [ 100.7692, 15.5343 ], [ 100.7942, 15.5391 ], [ 100.8322, 15.5637 ], [ 100.8328, 15.5527 ], [ 100.8549, 15.5476 ], [ 100.8545, 15.5269 ], [ 100.8842, 15.5297 ], [ 100.8897, 15.5252 ], [ 100.8891, 15.5146 ], [ 100.9106, 15.5009 ], [ 100.9113, 15.4896 ], [ 100.9269, 15.4832 ], [ 100.9329, 15.469 ], [ 100.9275, 15.4626 ], [ 100.9243, 15.4348 ], [ 100.9308, 15.4275 ], [ 100.9323, 15.4145 ], [ 100.9483, 15.4061 ] ] ] } },
{ "type": "Feature", "properties": { "id": "AMP_0143", "name": "บ้านหมี่" }, "geometry": { "type": "Polygon", "coordinates": [ [ [ 100.493, 14.9236 ], [ 100.4909, 14.9171 ], [ 100.4753, 14.9124 ], [ 100.4338, 14.9282 ], [ 100.4207, 14.9193 ], [ 100.4207, 14.9295 ], [ 100.4485, 14.9422 ], [ 100.4524, 14.9629 ], [ 100.4502, 14.983 ], [ 100.4416, 15.0011 ], [ 100.4643, 15.0111 ], [ 100.4697, 15.0284 ], [ 100.4455, 15.0563 ], [ 100.4274, 15.0618 ], [ 100.451, 15.1018 ], [ 100.4568, 15.104 ], [ 100.4584, 15.1154 ], [ 100.4769, 15.1138 ], [ 100.4914, 15.1205 ], [ 100.5077, 15.1317 ], [ 100.5157, 15.1444 ], [ 100.5322, 15.1831 ], [ 100.5566, 15.1958 ], [ 100.5866, 15.2239 ], [ 100.5894, 15.2334 ], [ 100.607, 15.2371 ], [ 100.6033, 15.2405 ], [ 100.6062, 15.2447 ], [ 100.6131, 15.2437 ], [ 100.6363, 15.234 ], [ 100.6482, 15.208 ], [ 100.6485, 15.1844 ], [ 100.6277, 15.1835 ], [ 100.6312, 15.1707 ], [ 100.6218, 15.1485 ], [ 100.6416, 15.1321 ], [ 100.6466, 15.0799 ], [ 100.6577, 15.0654 ], [ 100.6564, 15.0622 ], [ 100.611, 15.0365 ], [ 100.6179, 15.017 ], [ 100.6194, 14.9904 ], [ 100.6068, 14.9803 ], [ 100.6232, 14.9749 ], [ 100.6116, 14.936 ], [ 100.588, 14.9252 ], [ 100.5643, 14.9408 ], [ 100.5245, 14.9228 ], [ 100.5211, 14.9271 ], [ 100.493, 14.9236 ] ] ] } },
{ "type": "Feature", "properties": { "id": "AMP_0144", "name": "ท่าหลวง" }, "geometry": { "type": "Polygon", "coordinates": [ [ [ 101.2565, 14.9982 ], [ 101.2074, 14.9845 ], [ 101.2026, 14.9865 ], [ 101.2012, 14.9962 ], [ 101.1803, 14.9963 ], [ 101.1666, 14.9888 ], [ 101.1599, 14.9918 ], [ 101.1614, 14.9984 ], [ 101.1544, 15.0095 ], [ 101.13, 14.9971 ], [ 101.1201, 14.9887 ], [ 101.0933, 14.9901 ], [ 101.0883, 14.9977 ], [ 101.0704, 14.992 ], [ 101.0672, 14.9685 ], [ 101.061, 14.9706 ], [ 101.0609, 14.9785 ], [ 101.0496, 14.9806 ], [ 101.0473, 14.987 ], [ 101.0531, 14.9838 ], [ 101.0516, 14.989 ], [ 101.0386, 14.9925 ], [ 101.0421, 14.9937 ], [ 101.0414, 15.0043 ], [ 101.0483, 15.0058 ], [ 101.0403, 15.009 ], [ 101.0433, 15.0113 ], [ 101.0413, 15.0251 ], [ 101.0499, 15.0226 ], [ 101.0492, 15.0278 ], [ 101.054, 15.0258 ], [ 101.0554, 15.0339 ], [ 101.0645, 15.0434 ], [ 101.06, 15.05 ], [ 101.0717, 15.0451 ], [ 101.0878, 15.0563 ], [ 101.0898, 15.0672 ], [ 101.0845, 15.0898 ], [ 101.0996, 15.1228 ], [ 101.1089, 15.1216 ], [ 101.1113, 15.1129 ], [ 101.1186, 15.1108 ], [ 101.1492, 15.1293 ], [ 101.1617, 15.1152 ], [ 101.1659, 15.1269 ], [ 101.1753, 15.1236 ], [ 101.1724, 15.1461 ], [ 101.1639, 15.1512 ], [ 101.1638, 15.1635 ], [ 101.1689, 15.1671 ], [ 101.1725, 15.1623 ], [ 101.1821, 15.1703 ], [ 101.2208, 15.1632 ], [ 101.2289, 15.1424 ], [ 101.2706, 15.0896 ], [ 101.279, 15.0674 ], [ 101.2938, 15.0687 ], [ 101.2941, 15.062 ], [ 101.3024, 15.0538 ], [ 101.3193, 15.055 ], [ 101.3256, 15.0473 ], [ 101.342, 15.0396 ], [ 101.3628, 15.0402 ], [ 101.35, 15.0158 ], [ 101.348, 14.9936 ], [ 101.3365, 14.9902 ], [ 101.3318, 14.9826 ], [ 101.31, 14.9834 ], [ 101.2997, 14.9931 ], [ 101.288, 14.9837 ], [ 101.2718, 14.9943 ], [ 101.2565, 14.9982 ] ] ] } },
{ "type": "Feature", "properties": { "id": "AMP_0145", "name": "ชัยบาดาล" }, "geometry": { "type": "Polygon", "coordinates": [ [ [ 101.0878, 15.0563 ], [ 101.0717, 15.0451 ], [ 101.06, 15.05 ], [ 101.0645, 15.0434 ], [ 101.0554, 15.0339 ], [ 101.054, 15.0258 ], [ 101.0492, 15.0278 ], [ 101.0499, 15.0226 ], [ 101.0413, 15.0251 ], [ 101.0418, 15.0288 ], [ 101.0107, 15.0348 ], [ 101.0089, 15.0414 ], [ 100.9994, 15.0479 ], [ 100.985, 15.0475 ], [ 100.97, 15.0564 ], [ 100.9691, 15.0652 ], [ 100.9615, 15.0683 ], [ 100.9483, 15.0428 ], [ 100.9107, 15.0368 ], [ 100.9044, 15.039 ], [ 100.9264, 15.0784 ], [ 100.9266, 15.0953 ], [ 100.9359, 15.1177 ], [ 100.9309, 15.1439 ], [ 100.9346, 15.1659 ], [ 100.9764, 15.2077 ], [ 100.964, 15.2234 ], [ 100.9749, 15.2321 ], [ 100.9832, 15.2474 ], [ 100.9776, 15.2604 ], [ 100.9663, 15.2639 ], [ 100.9636, 15.2807 ], [ 100.954, 15.2912 ], [ 100.9496, 15.3128 ], [ 100.959, 15.3216 ], [ 100.9671, 15.3217 ], [ 100.9678, 15.329 ], [ 100.9782, 15.337 ], [ 100.9856, 15.3247 ], [ 100.9944, 15.3205 ], [ 101.0125, 15.3282 ], [ 101.0228, 15.3385 ], [ 101.0292, 15.3225 ], [ 101.0408, 15.3258 ], [ 101.0537, 15.3198 ], [ 101.0657, 15.3278 ], [ 101.0823, 15.3523 ], [ 101.1063, 15.3441 ], [ 101.1055, 15.34 ], [ 101.1118, 15.3421 ], [ 101.1105, 15.3364 ], [ 101.1154, 15.3392 ], [ 101.1244, 15.3361 ], [ 101.1235, 15.3414 ], [ 101.1276, 15.3346 ], [ 101.1474, 15.3394 ], [ 101.1526, 15.3331 ], [ 101.1756, 15.3342 ], [ 101.1828, 15.327 ], [ 101.1893, 15.3302 ], [ 101.2021, 15.3256 ], [ 101.2477, 15.3537 ], [ 101.2535, 15.3518 ], [ 101.2785, 15.3632 ], [ 101.2849, 15.3742 ], [ 101.2989, 15.3807 ], [ 101.3096, 15.368 ], [ 101.3037, 15.3453 ], [ 101.2923, 15.3281 ], [ 101.3, 15.3248 ], [ 101.2964, 15.315 ], [ 101.2982, 15.2867 ], [ 101.3087, 15.2641 ], [ 101.3096, 15.2428 ], [ 101.302, 15.2254 ], [ 101.3093, 15.2269 ], [ 101.3136, 15.2225 ], [ 101.3201, 15.2259 ], [ 101.3304, 15.2076 ], [ 101.3365, 15.1772 ], [ 101.3626, 15.1073 ], [ 101.3453, 15.1008 ], [ 101.363, 15.0461 ], [ 101.3628, 15.0402 ], [ 101.342, 15.0396 ], [ 101.3256, 15.0473 ], [ 101.3193, 15.055 ], [ 101.3024, 15.0538 ], [ 101.2941, 15.062 ], [ 101.2938, 15.0687 ], [ 101.279, 15.0674 ], [ 101.2706, 15.0896 ], [ 101.2289, 15.1424 ], [ 101.2208, 15.1632 ], [ 101.1821, 15.1703 ], [ 101.1725, 15.1623 ], [ 101.1689, 15.1671 ], [ 101.1638, 15.1635 ], [ 101.1639, 15.1512 ], [ 101.1724, 15.1461 ], [ 101.1753, 15.1236 ], [ 101.1659, 15.1269 ], [ 101.1617, 15.1152 ], [ 101.1492, 15.1293 ], [ 101.1186, 15.1108 ], [ 101.1113, 15.1129 ], [ 101.1089, 15.1216 ], [ 101.0996, 15.1228 ], [ 101.0845, 15.0898 ], [ 101.0898, 15.0672 ], [ 101.0878, 15.0563 ] ] ] } },
{ "type": "Feature", "properties": { "id": "AMP_0146", "name": "ท่าวุ้ง" }, "geometry": { "type": "Polygon", "coordinates": [ [ [ 100.5644, 14.7616 ], [ 100.5481, 14.7475 ], [ 100.5366, 14.7493 ], [ 100.5265, 14.7386 ], [ 100.516, 14.7357 ], [ 100.5274, 14.7161 ], [ 100.5229, 14.7032 ], [ 100.5123, 14.6889 ], [ 100.5157, 14.6817 ], [ 100.5004, 14.6827 ], [ 100.5045, 14.6847 ], [ 100.4954, 14.6996 ], [ 100.4861, 14.6995 ], [ 100.4754, 14.703 ], [ 100.462, 14.7247 ], [ 100.4746, 14.7236 ], [ 100.4773, 14.7379 ], [ 100.4841, 14.7385 ], [ 100.4882, 14.748 ], [ 100.4853, 14.7553 ], [ 100.4728, 14.7613 ], [ 100.4776, 14.7674 ], [ 100.4699, 14.7876 ], [ 100.4719, 14.794 ], [ 100.4674, 14.7983 ], [ 100.4814, 14.8117 ], [ 100.4648, 14.822 ], [ 100.4661, 14.8311 ], [ 100.4582, 14.8462 ], [ 100.4581, 14.8573 ], [ 100.4458, 14.859 ], [ 100.4503, 14.8732 ], [ 100.4421, 14.8741 ], [ 100.4354, 14.8823 ], [ 100.4295, 14.8796 ], [ 100.4207, 14.9193 ], [ 100.4338, 14.9282 ], [ 100.4753, 14.9124 ], [ 100.4909, 14.9171 ], [ 100.493, 14.9236 ], [ 100.5211, 14.9271 ], [ 100.5245, 14.9228 ], [ 100.5643, 14.9408 ], [ 100.5586, 14.8835 ], [ 100.5616, 14.8622 ], [ 100.5445, 14.8426 ], [ 100.5542, 14.8274 ], [ 100.5703, 14.8135 ], [ 100.5706, 14.787 ], [ 100.5805, 14.7864 ], [ 100.5686, 14.7781 ], [ 100.563, 14.7661 ], [ 100.5644, 14.7616 ] ] ] } },
{ "type": "Feature", "properties": { "id": "AMP_0147", "name": "พัฒนานิคม" }, "geometry": { "type": "Polygon", "coordinates": [ [ [ 101.0003, 14.7718 ], [ 100.9903, 14.7634 ], [ 100.9919, 14.7404 ], [ 100.9663, 14.7514 ], [ 100.962, 14.7452 ], [ 100.9542, 14.7466 ], [ 100.9425, 14.7415 ], [ 100.941, 14.7508 ], [ 100.9265, 14.7548 ], [ 100.9103, 14.7696 ], [ 100.8995, 14.7721 ], [ 100.8925, 14.7646 ], [ 100.8819, 14.7642 ], [ 100.8749, 14.782 ], [ 100.8587, 14.7885 ], [ 100.8517, 14.7972 ], [ 100.8652, 14.817 ], [ 100.8637, 14.8406 ], [ 100.8974, 14.8444 ], [ 100.8896, 14.8517 ], [ 100.8831, 14.9023 ], [ 100.8483, 14.9116 ], [ 100.8262, 14.9372 ], [ 100.8335, 14.9715 ], [ 100.826, 14.9764 ], [ 100.842, 14.9783 ], [ 100.8551, 14.9691 ], [ 100.8634, 14.9725 ], [ 100.8741, 14.9716 ], [ 100.8703, 14.9904 ], [ 100.8819, 14.9996 ], [ 100.9003, 14.9979 ], [ 100.9052, 15.0051 ], [ 100.9009, 15.0117 ], [ 100.9108, 15.0285 ], [ 100.9001, 15.0328 ], [ 100.9044, 15.039 ], [ 100.9107, 15.0368 ], [ 100.9483, 15.0428 ], [ 100.9615, 15.0683 ], [ 100.9691, 15.0652 ], [ 100.97, 15.0564 ], [ 100.985, 15.0475 ], [ 100.9994, 15.0479 ], [ 101.0089, 15.0414 ], [ 101.0107, 15.0348 ], [ 101.0418, 15.0288 ], [ 101.0433, 15.0113 ], [ 101.0403, 15.009 ], [ 101.0483, 15.0058 ], [ 101.0414, 15.0043 ], [ 101.0421, 14.9937 ], [ 101.0386, 14.9925 ], [ 101.0516, 14.989 ], [ 101.0531, 14.9838 ], [ 101.0473, 14.987 ], [ 101.0496, 14.9806 ], [ 101.0609, 14.9785 ], [ 101.061, 14.9706 ], [ 101.0672, 14.9685 ], [ 101.0704, 14.992 ], [ 101.0883, 14.9977 ], [ 101.0933, 14.9901 ], [ 101.1201, 14.9887 ], [ 101.13, 14.9971 ], [ 101.1544, 15.0095 ], [ 101.1614, 14.9984 ], [ 101.1599, 14.9918 ], [ 101.1666, 14.9888 ], [ 101.1803, 14.9963 ], [ 101.2012, 14.9962 ], [ 101.2026, 14.9865 ], [ 101.2074, 14.9845 ], [ 101.2565, 14.9982 ], [ 101.2718, 14.9943 ], [ 101.288, 14.9837 ], [ 101.2997, 14.9931 ], [ 101.31, 14.9834 ], [ 101.3318, 14.9826 ], [ 101.3288, 14.9661 ], [ 101.2983, 14.9592 ], [ 101.2946, 14.9495 ], [ 101.2761, 14.9386 ], [ 101.2664, 14.9191 ], [ 101.2585, 14.913 ], [ 101.2265, 14.9194 ], [ 101.2056, 14.9184 ], [ 101.1978, 14.9221 ], [ 101.1815, 14.9176 ], [ 101.1514, 14.8969 ], [ 101.0995, 14.9085 ], [ 101.0906, 14.9 ], [ 101.0907, 14.8922 ], [ 101.0849, 14.8907 ], [ 101.0868, 14.8879 ], [ 101.0734, 14.8786 ], [ 101.0827, 14.8713 ], [ 101.0785, 14.866 ], [ 101.0847, 14.8641 ], [ 101.0844, 14.857 ], [ 101.0918, 14.8507 ], [ 101.0848, 14.8344 ], [ 101.0886, 14.8299 ], [ 101.0779, 14.8181 ], [ 101.0814, 14.811 ], [ 101.072, 14.8157 ], [ 101.0682, 14.8124 ], [ 101.0726, 14.7911 ], [ 101.0619, 14.7893 ], [ 101.0733, 14.7634 ], [ 101.0608, 14.7596 ], [ 101.0617, 14.7673 ], [ 101.0542, 14.7743 ], [ 101.0588, 14.7781 ], [ 101.0541, 14.7902 ], [ 101.0238, 14.8091 ], [ 101.0003, 14.7718 ] ] ] } },
{ "type": "Feature", "properties": { "id": "AMP_0148", "name": "โคกสำโรง" }, "geometry": { "type": "Polygon", "coordinates": [ [ [ 100.9359, 15.1177 ], [ 100.9266, 15.0953 ], [ 100.9264, 15.0784 ], [ 100.9001, 15.0328 ], [ 100.9108, 15.0285 ], [ 100.9009, 15.0117 ], [ 100.9052, 15.0051 ], [ 100.9003, 14.9979 ], [ 100.8819, 14.9996 ], [ 100.8703, 14.9904 ], [ 100.8741, 14.9716 ], [ 100.8634, 14.9725 ], [ 100.8551, 14.9691 ], [ 100.842, 14.9783 ], [ 100.826, 14.9764 ], [ 100.8335, 14.9715 ], [ 100.8262, 14.9372 ], [ 100.7775, 14.9254 ], [ 100.7569, 14.9249 ], [ 100.7424, 14.9471 ], [ 100.7114, 14.9613 ], [ 100.6816, 14.9559 ], [ 100.6773, 14.9473 ], [ 100.6617, 14.9401 ], [ 100.6116, 14.936 ], [ 100.6232, 14.9749 ], [ 100.6068, 14.9803 ], [ 100.6194, 14.9904 ], [ 100.6179, 15.017 ], [ 100.611, 15.0365 ], [ 100.6564, 15.0622 ], [ 100.6577, 15.0654 ], [ 100.6466, 15.0799 ], [ 100.6416, 15.1321 ], [ 100.6381, 15.1421 ], [ 100.6997, 15.1677 ], [ 100.7107, 15.1783 ], [ 100.7442, 15.1869 ], [ 100.7623, 15.1754 ], [ 100.7754, 15.1571 ], [ 100.7825, 15.1541 ], [ 100.7797, 15.1424 ], [ 100.785, 15.141 ], [ 100.7924, 15.1401 ], [ 100.8048, 15.1507 ], [ 100.8244, 15.1506 ], [ 100.8263, 15.1531 ], [ 100.8376, 15.1489 ], [ 100.8605, 15.1571 ], [ 100.9015, 15.15 ], [ 100.9346, 15.1659 ], [ 100.9309, 15.1439 ], [ 100.9359, 15.1177 ] ] ] } },
{ "type": "Feature", "properties": { "id": "AMP_0149", "name": "หนองหญ้าไซ" }, "geometry": { "type": "Polygon", "coordinates": [ [ [ 99.9926, 14.7477 ], [ 99.9823, 14.7377 ], [ 99.9886, 14.7306 ], [ 99.9772, 14.7228 ], [ 99.9935, 14.709 ], [ 99.9822, 14.693 ], [ 99.9427, 14.6915 ], [ 99.9167, 14.6983 ], [ 99.9013, 14.6893 ], [ 99.8561, 14.7096 ], [ 99.8337, 14.7264 ], [ 99.8015, 14.7345 ], [ 99.7881, 14.7438 ], [ 99.7776, 14.7396 ], [ 99.7618, 14.7454 ], [ 99.7542, 14.743 ], [ 99.7423, 14.7537 ], [ 99.7146, 14.7547 ], [ 99.7017, 14.7614 ], [ 99.6954, 14.773 ], [ 99.687, 14.774 ], [ 99.6812, 14.7844 ], [ 99.6496, 14.8088 ], [ 99.6638, 14.8319 ], [ 99.6791, 14.8222 ], [ 99.7012, 14.8209 ], [ 99.7182, 14.8144 ], [ 99.7204, 14.8172 ], [ 99.7239, 14.8131 ], [ 99.7283, 14.8177 ], [ 99.7369, 14.8152 ], [ 99.7456, 14.8256 ], [ 99.7573, 14.8261 ], [ 99.7634, 14.8326 ], [ 99.7834, 14.8327 ], [ 99.7935, 14.842 ], [ 99.8152, 14.8468 ], [ 99.8291, 14.8432 ], [ 99.8389, 14.8541 ], [ 99.8546, 14.8547 ], [ 99.873, 14.8613 ], [ 99.8768, 14.8593 ], [ 99.8795, 14.8639 ], [ 99.9105, 14.8729 ], [ 99.9279, 14.8703 ], [ 99.9374, 14.8577 ], [ 99.945, 14.8552 ], [ 99.9472, 14.8581 ], [ 99.9546, 14.8496 ], [ 99.9734, 14.8462 ], [ 99.9827, 14.8397 ], [ 99.9833, 14.8342 ], [ 99.9768, 14.832 ], [ 99.9757, 14.8247 ], [ 99.9799, 14.8179 ], [ 99.9664, 14.8107 ], [ 99.9614, 14.812 ], [ 99.9619, 14.8071 ], [ 99.9519, 14.7957 ], [ 99.9482, 14.7783 ], [ 99.9781, 14.7687 ], [ 99.9807, 14.7594 ], [ 99.9858, 14.7587 ], [ 99.9821, 14.7474 ], [ 99.9926, 14.7477 ] ] ] } },
{ "type": "Feature", "properties": { "id": "AMP_0150", "name": "ท่าช้าง" }, "geometry": { "type": "Polygon", "coordinates": [ [ [ 100.3948, 14.7457 ], [ 100.3811, 14.7427 ], [ 100.3717, 14.7613 ], [ 100.3657, 14.7627 ], [ 100.3559, 14.7616 ], [ 100.3485, 14.7717 ], [ 100.3487, 14.7799 ], [ 100.3635, 14.788 ], [ 100.3755, 14.8016 ], [ 100.3722, 14.8056 ], [ 100.3927, 14.8166 ], [ 100.4006, 14.8239 ], [ 100.4151, 14.8032 ], [ 100.4234, 14.7858 ], [ 100.4215, 14.757 ], [ 100.4147, 14.7493 ], [ 100.4025, 14.7589 ], [ 100.3948, 14.7457 ] ] ] } },
{ "type": "Feature", "properties": { "id": "AMP_0151", "name": "อินทร์บุรี" }, "geometry": { "type": "Polygon", "coordinates": [ [ [ 100.3673, 14.9417 ], [ 100.3472, 14.9241 ], [ 100.3411, 14.9407 ], [ 100.3277, 14.9456 ], [ 100.3201, 14.9564 ], [ 100.3029, 14.9523 ], [ 100.291, 14.9563 ], [ 100.2924, 14.9582 ], [ 100.2884, 14.9674 ], [ 100.2934, 14.9847 ], [ 100.2836, 14.9925 ], [ 100.2758, 14.9921 ], [ 100.268, 15.0106 ], [ 100.2559, 15.0079 ], [ 100.2501, 15.0124 ], [ 100.2506, 15.0185 ], [ 100.2432, 15.0179 ], [ 100.2443, 15.0241 ], [ 100.2222, 15.0251 ], [ 100.2191, 15.0426 ], [ 100.2314, 15.0449 ], [ 100.246, 15.0389 ], [ 100.2595, 15.0496 ], [ 100.2609, 15.0584 ], [ 100.2783, 15.0653 ], [ 100.2938, 15.0644 ], [ 100.2945, 15.0717 ], [ 100.2891, 15.0785 ], [ 100.3148, 15.0883 ], [ 100.3412, 15.1076 ], [ 100.3516, 15.1199 ], [ 100.3563, 15.1157 ], [ 100.3543, 15.1012 ], [ 100.4231, 15.0527 ], [ 100.4274, 15.0618 ], [ 100.4455, 15.0563 ], [ 100.4697, 15.0284 ], [ 100.4643, 15.0111 ], [ 100.4416, 15.0011 ], [ 100.4436, 14.9965 ], [ 100.4231, 14.9964 ], [ 100.4064, 14.9814 ], [ 100.4113, 14.966 ], [ 100.3967, 14.9598 ], [ 100.3662, 14.9506 ], [ 100.3673, 14.9417 ] ] ] } },
{ "type": "Feature", "properties": { "id": "AMP_0152", "name": "ค่ายบางระจัน" }, "geometry": { "type": "Polygon", "coordinates": [ [ [ 100.3487, 14.7799 ], [ 100.3357, 14.7902 ], [ 100.3291, 14.8019 ], [ 100.3108, 14.7974 ], [ 100.3134, 14.7894 ], [ 100.2991, 14.7891 ], [ 100.295, 14.7812 ], [ 100.278, 14.7902 ], [ 100.2726, 14.7987 ], [ 100.2636, 14.7955 ], [ 100.2452, 14.8014 ], [ 100.2265, 14.7943 ], [ 100.2163, 14.7981 ], [ 100.2144, 14.8068 ], [ 100.2045, 14.8086 ], [ 100.2092, 14.8328 ], [ 100.2143, 14.8396 ], [ 100.2332, 14.8414 ], [ 100.2437, 14.8379 ], [ 100.2516, 14.8406 ], [ 100.2539, 14.8468 ], [ 100.2481, 14.8566 ], [ 100.2631, 14.8678 ], [ 100.2744, 14.8482 ], [ 100.27, 14.8221 ], [ 100.2941, 14.8263 ], [ 100.3003, 14.8316 ], [ 100.3062, 14.8283 ], [ 100.3115, 14.8312 ], [ 100.322, 14.8448 ], [ 100.3272, 14.849 ], [ 100.3559, 14.8495 ], [ 100.3646, 14.8645 ], [ 100.3662, 14.8629 ], [ 100.3672, 14.8715 ], [ 100.3851, 14.8689 ], [ 100.3769, 14.8502 ], [ 100.3896, 14.8458 ], [ 100.3927, 14.8166 ], [ 100.3722, 14.8056 ], [ 100.3755, 14.8016 ], [ 100.3635, 14.788 ], [ 100.3487, 14.7799 ] ] ] } },
{ "type": "Feature", "properties": { "id": "AMP_0153", "name": "พรหมบุรี" }, "geometry": { "type": "Polygon", "coordinates": [ [ [ 100.4728, 14.7613 ], [ 100.4853, 14.7553 ], [ 100.4882, 14.748 ], [ 100.4841, 14.7385 ], [ 100.4773, 14.7379 ], [ 100.4746, 14.7236 ], [ 100.462, 14.7247 ], [ 100.4649, 14.7187 ], [ 100.4337, 14.7278 ], [ 100.4148, 14.727 ], [ 100.4147, 14.7493 ], [ 100.4215, 14.757 ], [ 100.4234, 14.7858 ], [ 100.4151, 14.8032 ], [ 100.4079, 14.8119 ], [ 100.4117, 14.8278 ], [ 100.4186, 14.8285 ], [ 100.4171, 14.8375 ], [ 100.4309, 14.8499 ], [ 100.4436, 14.8503 ], [ 100.4458, 14.859 ], [ 100.4581, 14.8573 ], [ 100.4582, 14.8462 ], [ 100.4661, 14.8311 ], [ 100.4648, 14.822 ], [ 100.4814, 14.8117 ], [ 100.4674, 14.7983 ], [ 100.4719, 14.794 ], [ 100.4699, 14.7876 ], [ 100.4776, 14.7674 ], [ 100.4728, 14.7613 ] ] ] } },
{ "type": "Feature", "properties": { "id": "AMP_0154", "name": "เนินสง่า" }, "geometry": { "type": "Polygon", "coordinates": [ [ [ 102.0639, 15.5867 ], [ 102.0395, 15.5425 ], [ 102.0437, 15.5242 ], [ 102.0368, 15.5016 ], [ 102.0335, 15.4963 ], [ 102.0356, 15.4795 ], [ 102.0095, 15.4582 ], [ 101.9965, 15.4662 ], [ 101.9646, 15.4558 ], [ 101.9331, 15.4565 ], [ 101.9234, 15.4676 ], [ 101.9143, 15.4987 ], [ 101.9199, 15.5176 ], [ 101.9235, 15.5399 ], [ 101.9248, 15.5716 ], [ 101.938, 15.5955 ], [ 101.9512, 15.6053 ], [ 101.964, 15.6038 ], [ 101.9789, 15.6177 ], [ 101.9771, 15.627 ], [ 101.9909, 15.6687 ], [ 101.9916, 15.6897 ], [ 102.0014, 15.6878 ], [ 102.0022, 15.6942 ], [ 102.005, 15.6814 ], [ 102.0159, 15.6805 ], [ 102.0227, 15.6708 ], [ 102.0272, 15.6732 ], [ 102.0368, 15.6637 ], [ 102.0323, 15.6624 ], [ 102.0363, 15.6576 ], [ 102.0306, 15.6523 ], [ 102.0361, 15.6497 ], [ 102.0458, 15.6297 ], [ 102.0533, 15.6346 ], [ 102.0688, 15.6336 ], [ 102.068, 15.6297 ], [ 102.0748, 15.628 ], [ 102.0705, 15.6226 ], [ 102.0734, 15.6176 ], [ 102.0727, 15.6073 ], [ 102.0639, 15.5867 ] ] ] } },
{ "type": "Feature", "properties": { "id": "AMP_0155", "name": "เมืองสิงห์บุรี" }, "geometry": { "type": "Polygon", "coordinates": [ [ [ 100.4186, 14.8285 ], [ 100.4117, 14.8278 ], [ 100.4079, 14.8119 ], [ 100.4006, 14.8239 ], [ 100.3927, 14.8166 ], [ 100.3896, 14.8458 ], [ 100.3769, 14.8502 ], [ 100.3851, 14.8689 ], [ 100.3672, 14.8715 ], [ 100.3644, 14.878 ], [ 100.3495, 14.8833 ], [ 100.3493, 14.8936 ], [ 100.3411, 14.8982 ], [ 100.3428, 14.9045 ], [ 100.3373, 14.9133 ], [ 100.3436, 14.9159 ], [ 100.3472, 14.9241 ], [ 100.3673, 14.9417 ], [ 100.3662, 14.9506 ], [ 100.3967, 14.9598 ], [ 100.4113, 14.966 ], [ 100.4064, 14.9814 ], [ 100.4231, 14.9964 ], [ 100.4436, 14.9965 ], [ 100.4502, 14.983 ], [ 100.4524, 14.9629 ], [ 100.4485, 14.9422 ], [ 100.4207, 14.9295 ], [ 100.4207, 14.9193 ], [ 100.4295, 14.8796 ], [ 100.4354, 14.8823 ], [ 100.4421, 14.8741 ], [ 100.4503, 14.8732 ], [ 100.4436, 14.8503 ], [ 100.4309, 14.8499 ], [ 100.4171, 14.8375 ], [ 100.4186, 14.8285 ] ] ] } },
{ "type": "Feature", "properties": { "id": "AMP_0156", "name": "ซับใหญ่" }, "geometry": { "type": "Polygon", "coordinates": [ [ [ 101.7251, 15.5416 ], [ 101.7132, 15.5405 ], [ 101.6835, 15.5434 ], [ 101.6652, 15.5387 ], [ 101.6478, 15.5502 ], [ 101.6338, 15.5478 ], [ 101.6211, 15.5512 ], [ 101.6153, 15.5584 ], [ 101.6086, 15.5554 ], [ 101.5939, 15.5661 ], [ 101.5868, 15.5636 ], [ 101.5681, 15.5699 ], [ 101.5522, 15.5652 ], [ 101.5404, 15.5687 ], [ 101.5262, 15.5898 ], [ 101.5016, 15.5945 ], [ 101.5042, 15.6017 ], [ 101.497, 15.6289 ], [ 101.5119, 15.628 ], [ 101.5302, 15.62 ], [ 101.546, 15.6287 ], [ 101.5647, 15.6314 ], [ 101.5675, 15.6365 ], [ 101.5709, 15.6329 ], [ 101.5738, 15.6367 ], [ 101.5788, 15.6353 ], [ 101.5784, 15.6448 ], [ 101.5836, 15.6413 ], [ 101.5929, 15.6497 ], [ 101.5906, 15.6652 ], [ 101.5966, 15.6756 ], [ 101.6066, 15.6749 ], [ 101.6127, 15.6813 ], [ 101.617, 15.6768 ], [ 101.6281, 15.6832 ], [ 101.6409, 15.6849 ], [ 101.653, 15.6922 ], [ 101.674, 15.685 ], [ 101.6877, 15.691 ], [ 101.6932, 15.6864 ], [ 101.7096, 15.6874 ], [ 101.7076, 15.6819 ], [ 101.7161, 15.67 ], [ 101.7366, 15.6729 ], [ 101.7381, 15.6552 ], [ 101.7422, 15.6437 ], [ 101.7321, 15.6313 ], [ 101.7345, 15.6049 ], [ 101.7264, 15.5963 ], [ 101.7237, 15.5827 ], [ 101.7117, 15.5753 ], [ 101.7066, 15.5644 ], [ 101.7251, 15.5416 ] ] ] } },
{ "type": "Feature", "properties": { "id": "AMP_0157", "name": "บางระจัน" }, "geometry": { "type": "Polygon", "coordinates": [ [ [ 100.3062, 14.8283 ], [ 100.3003, 14.8316 ], [ 100.2941, 14.8263 ], [ 100.27, 14.8221 ], [ 100.2744, 14.8482 ], [ 100.2631, 14.8678 ], [ 100.2481, 14.8566 ], [ 100.2539, 14.8468 ], [ 100.2516, 14.8406 ], [ 100.2437, 14.8379 ], [ 100.2332, 14.8414 ], [ 100.2143, 14.8396 ], [ 100.2213, 14.8658 ], [ 100.2164, 14.8731 ], [ 100.2244, 14.8837 ], [ 100.2101, 14.8843 ], [ 100.2065, 14.8941 ], [ 100.2221, 14.9027 ], [ 100.2204, 14.909 ], [ 100.1961, 14.9038 ], [ 100.1862, 14.9072 ], [ 100.1815, 14.9347 ], [ 100.1972, 14.9399 ], [ 100.2017, 14.9543 ], [ 100.2591, 14.9438 ], [ 100.2637, 14.9503 ], [ 100.291, 14.9563 ], [ 100.3029, 14.9523 ], [ 100.3201, 14.9564 ], [ 100.3277, 14.9456 ], [ 100.3411, 14.9407 ], [ 100.3472, 14.9241 ], [ 100.3436, 14.9159 ], [ 100.3373, 14.9133 ], [ 100.3428, 14.9045 ], [ 100.3411, 14.8982 ], [ 100.3493, 14.8936 ], [ 100.3495, 14.8833 ], [ 100.3644, 14.878 ], [ 100.3672, 14.8715 ], [ 100.3662, 14.8629 ], [ 100.3646, 14.8645 ], [ 100.3559, 14.8495 ], [ 100.3272, 14.849 ], [ 100.322, 14.8448 ], [ 100.3115, 14.8312 ], [ 100.3062, 14.8283 ] ] ] } },
{ "type": "Feature", "properties": { "id": "AMP_0158", "name": "ภูกระดึง" }, "geometry": { "type": "Polygon", "coordinates": [ [ [ 101.7632, 16.756 ], [ 101.7382, 16.7555 ], [ 101.7277, 16.7533 ], [ 101.7187, 16.7588 ], [ 101.7048, 16.7835 ], [ 101.687, 16.7986 ], [ 101.7007, 16.8097 ], [ 101.7193, 16.7997 ], [ 101.7215, 16.8068 ], [ 101.7063, 16.8298 ], [ 101.6997, 16.8281 ], [ 101.6986, 16.834 ], [ 101.6926, 16.8355 ], [ 101.6905, 16.8484 ], [ 101.6872, 16.845 ], [ 101.6845, 16.8486 ], [ 101.6881, 16.8582 ], [ 101.6809, 16.8576 ], [ 101.6766, 16.8668 ], [ 101.6836, 16.8686 ], [ 101.6782, 16.8838 ], [ 101.6847, 16.9015 ], [ 101.685, 16.9222 ], [ 101.6919, 16.9233 ], [ 101.6871, 16.9308 ], [ 101.6917, 16.9361 ], [ 101.678, 16.9398 ], [ 101.6723, 16.9576 ], [ 101.6872, 16.9633 ], [ 101.7001, 16.9821 ], [ 101.7069, 16.9849 ], [ 101.7094, 17.0033 ], [ 101.713, 16.9794 ], [ 101.7502, 16.9948 ], [ 101.7628, 17.005 ], [ 101.762, 16.9993 ], [ 101.77, 16.9993 ], [ 101.7736, 17.006 ], [ 101.7885, 16.9974 ], [ 101.8209, 17.0172 ], [ 101.8247, 17.05 ], [ 101.8469, 17.0217 ], [ 101.8624, 17.011 ], [ 101.8751, 16.9877 ], [ 101.887, 17.0 ], [ 101.9232, 16.9917 ], [ 101.9476, 16.9782 ], [ 101.9804, 16.9522 ], [ 102.0051, 16.955 ], [ 102.0088, 16.9573 ], [ 102.02, 16.95 ], [ 102.0299, 16.9505 ], [ 102.0457, 16.9072 ], [ 102.066, 16.8957 ], [ 102.0694, 16.8891 ], [ 102.0626, 16.8868 ], [ 102.0627, 16.8809 ], [ 102.0549, 16.8758 ], [ 102.0595, 16.8709 ], [ 102.056, 16.8675 ], [ 102.0447, 16.8678 ], [ 102.0448, 16.8615 ], [ 102.04, 16.8582 ], [ 102.0312, 16.8633 ], [ 102.0273, 16.8613 ], [ 102.0187, 16.8685 ], [ 102.0159, 16.864 ], [ 102.0103, 16.8701 ], [ 101.9991, 16.8599 ], [ 102.0059, 16.855 ], [ 102.0001, 16.8491 ], [ 101.9959, 16.8502 ], [ 101.9989, 16.8445 ], [ 101.9916, 16.8396 ], [ 101.9876, 16.844 ], [ 101.9792, 16.84 ], [ 101.9791, 16.8452 ], [ 101.9706, 16.842 ], [ 101.9622, 16.8525 ], [ 101.9564, 16.8472 ], [ 101.9443, 16.8531 ], [ 101.9488, 16.8411 ], [ 101.9395, 16.8382 ], [ 101.9049, 16.8144 ], [ 101.8794, 16.8107 ], [ 101.865, 16.7929 ], [ 101.7632, 16.756 ] ] ] } },
{ "type": "Feature", "properties": { "id": "AMP_0159", "name": "ภูหลวง" }, "geometry": { "type": "Polygon", "coordinates": [ [ [ 101.7189, 17.0519 ], [ 101.7066, 17.0184 ], [ 101.7094, 17.0033 ], [ 101.7069, 16.9849 ], [ 101.7001, 16.9821 ], [ 101.6872, 16.9633 ], [ 101.6723, 16.9576 ], [ 101.6753, 16.9757 ], [ 101.6543, 17.0051 ], [ 101.6554, 17.0117 ], [ 101.6454, 17.0289 ], [ 101.6501, 17.0415 ], [ 101.644, 17.0392 ], [ 101.6289, 17.0455 ], [ 101.6076, 16.999 ], [ 101.5874, 16.9963 ], [ 101.5825, 16.9869 ], [ 101.5752, 16.9836 ], [ 101.551, 16.9949 ], [ 101.5444, 17.0153 ], [ 101.5332, 17.0234 ], [ 101.5043, 17.0102 ], [ 101.4959, 17.0209 ], [ 101.4895, 17.0591 ], [ 101.4751, 17.0889 ], [ 101.4759, 17.1055 ], [ 101.4803, 17.1104 ], [ 101.4746, 17.1179 ], [ 101.4782, 17.1211 ], [ 101.4742, 17.1224 ], [ 101.4756, 17.1267 ], [ 101.471, 17.1277 ], [ 101.4737, 17.1574 ], [ 101.4697, 17.1725 ], [ 101.5679, 17.1718 ], [ 101.6259, 17.1734 ], [ 101.6398, 17.1788 ], [ 101.6512, 17.1778 ], [ 101.6915, 17.1921 ], [ 101.7179, 17.2047 ], [ 101.7508, 17.2069 ], [ 101.7603, 17.1937 ], [ 101.7595, 17.1791 ], [ 101.7683, 17.1692 ], [ 101.7875, 17.1798 ], [ 101.7829, 17.1644 ], [ 101.7581, 17.1445 ], [ 101.7685, 17.1212 ], [ 101.7602, 17.0801 ], [ 101.7444, 17.073 ], [ 101.7283, 17.0549 ], [ 101.7169, 17.0602 ], [ 101.7189, 17.0519 ] ] ] } },
{ "type": "Feature", "properties": { "id": "AMP_0160", "name": "หนองหิน" }, "geometry": { "type": "Polygon", "coordinates": [ [ [ 101.9169, 17.0369 ], [ 101.9136, 17.0195 ], [ 101.9205, 17.0115 ], [ 101.9292, 17.0119 ], [ 101.9336, 17.0072 ], [ 101.9232, 16.9917 ], [ 101.887, 17.0 ], [ 101.8751, 16.9877 ], [ 101.8624, 17.011 ], [ 101.8469, 17.0217 ], [ 101.8247, 17.05 ], [ 101.8209, 17.0172 ], [ 101.7885, 16.9974 ], [ 101.7736, 17.006 ], [ 101.77, 16.9993 ], [ 101.762, 16.9993 ], [ 101.7628, 17.005 ], [ 101.7502, 16.9948 ], [ 101.713, 16.9794 ], [ 101.7066, 17.0184 ], [ 101.7189, 17.0519 ], [ 101.7169, 17.0602 ], [ 101.7283, 17.0549 ], [ 101.7444, 17.073 ], [ 101.7602, 17.0801 ], [ 101.7685, 17.1212 ], [ 101.7581, 17.1445 ], [ 101.7829, 17.1644 ], [ 101.7875, 17.1798 ], [ 101.7996, 17.1963 ], [ 101.8028, 17.1969 ], [ 101.8297, 17.1745 ], [ 101.8328, 17.1619 ], [ 101.8267, 17.1573 ], [ 101.836, 17.1461 ], [ 101.8463, 17.1513 ], [ 101.8565, 17.1389 ], [ 101.877, 17.1409 ], [ 101.8755, 17.1496 ], [ 101.882, 17.1489 ], [ 101.9095, 17.1355 ], [ 101.8996, 17.1166 ], [ 101.8972, 17.0857 ], [ 101.9098, 17.0799 ], [ 101.9194, 17.0598 ], [ 101.9104, 17.0479 ], [ 101.9169, 17.0369 ] ] ] } },
{ "type": "Feature", "properties": { "id": "AMP_0161", "name": "ผาขาว" }, "geometry": { "type": "Polygon", "coordinates": [ [ [ 101.9804, 16.9522 ], [ 101.9476, 16.9782 ], [ 101.9232, 16.9917 ], [ 101.9336, 17.0072 ], [ 101.9292, 17.0119 ], [ 101.9205, 17.0115 ], [ 101.9136, 17.0195 ], [ 101.9169, 17.0369 ], [ 101.9104, 17.0479 ], [ 101.9194, 17.0598 ], [ 101.9098, 17.0799 ], [ 101.8972, 17.0857 ], [ 101.8996, 17.1166 ], [ 101.9095, 17.1355 ], [ 101.9138, 17.1333 ], [ 101.9332, 17.1412 ], [ 101.9596, 17.1396 ], [ 101.9766, 17.1441 ], [ 101.9828, 17.1537 ], [ 101.9981, 17.1505 ], [ 102.0164, 17.1399 ], [ 102.023, 17.1313 ], [ 102.0379, 17.131 ], [ 102.0482, 17.1238 ], [ 102.0654, 17.1207 ], [ 102.0725, 17.1124 ], [ 102.0914, 17.1108 ], [ 102.092, 17.1032 ], [ 102.0991, 17.1018 ], [ 102.1, 17.087 ], [ 102.1056, 17.0827 ], [ 102.1019, 17.0697 ], [ 102.108, 17.0614 ], [ 102.1172, 17.0579 ], [ 102.1253, 17.041 ], [ 102.1535, 17.0274 ], [ 102.1408, 17.0117 ], [ 102.1358, 17.0113 ], [ 102.1254, 16.9913 ], [ 102.0893, 16.9788 ], [ 102.0718, 16.9625 ], [ 102.0652, 16.9609 ], [ 102.0585, 16.9652 ], [ 102.0299, 16.9505 ], [ 102.02, 16.95 ], [ 102.0088, 16.9573 ], [ 102.0051, 16.955 ], [ 101.9804, 16.9522 ] ] ] } },
{ "type": "Feature", "properties": { "id": "AMP_0162", "name": "เอราวัณ" }, "geometry": { "type": "Polygon", "coordinates": [ [ [ 102.03, 17.1921 ], [ 102.0323, 17.1735 ], [ 102.0449, 17.165 ], [ 102.0383, 17.1579 ], [ 102.0206, 17.154 ], [ 102.0164, 17.1399 ], [ 101.9981, 17.1505 ], [ 101.9828, 17.1537 ], [ 101.9668, 17.161 ], [ 101.9628, 17.1746 ], [ 101.9654, 17.1852 ], [ 101.9608, 17.1872 ], [ 101.957, 17.1839 ], [ 101.9492, 17.1945 ], [ 101.9488, 17.2041 ], [ 101.9431, 17.2149 ], [ 101.9604, 17.2386 ], [ 101.932, 17.2646 ], [ 101.9167, 17.2662 ], [ 101.9036, 17.2795 ], [ 101.9236, 17.3018 ], [ 101.9174, 17.3099 ], [ 101.8914, 17.3309 ], [ 101.8845, 17.3446 ], [ 101.8843, 17.3576 ], [ 101.8654, 17.3625 ], [ 101.879, 17.3835 ], [ 101.8768, 17.3933 ], [ 101.8579, 17.4077 ], [ 101.8665, 17.4182 ], [ 101.8814, 17.4197 ], [ 101.9205, 17.4084 ], [ 101.9273, 17.4105 ], [ 101.9372, 17.4003 ], [ 101.9483, 17.4049 ], [ 101.9552, 17.3983 ], [ 101.9698, 17.3947 ], [ 101.9892, 17.4036 ], [ 102.0179, 17.374 ], [ 102.0184, 17.3668 ], [ 102.0134, 17.3622 ], [ 102.0206, 17.3412 ], [ 102.0097, 17.3336 ], [ 101.9923, 17.335 ], [ 101.9861, 17.3233 ], [ 102.0027, 17.2958 ], [ 102.0167, 17.2868 ], [ 102.0148, 17.2795 ], [ 102.0268, 17.2812 ], [ 102.0299, 17.2707 ], [ 102.0527, 17.2516 ], [ 102.0695, 17.2571 ], [ 102.0844, 17.2366 ], [ 102.0818, 17.2313 ], [ 102.0855, 17.2109 ], [ 102.0949, 17.1945 ], [ 102.0999, 17.1805 ], [ 102.0929, 17.1748 ], [ 102.0819, 17.1702 ], [ 102.0635, 17.2023 ], [ 102.0407, 17.211 ], [ 102.0377, 17.2208 ], [ 102.0278, 17.2047 ], [ 102.0174, 17.2021 ], [ 102.03, 17.1921 ] ] ] } },
{ "type": "Feature", "properties": { "id": "AMP_0163", "name": "วังสะพุง" }, "geometry": { "type": "Polygon", "coordinates": [ [ [ 101.9492, 17.1945 ], [ 101.957, 17.1839 ], [ 101.9608, 17.1872 ], [ 101.9654, 17.1852 ], [ 101.9628, 17.1746 ], [ 101.9668, 17.161 ], [ 101.9828, 17.1537 ], [ 101.9766, 17.1441 ], [ 101.9596, 17.1396 ], [ 101.9332, 17.1412 ], [ 101.9138, 17.1333 ], [ 101.882, 17.1489 ], [ 101.8755, 17.1496 ], [ 101.877, 17.1409 ], [ 101.8565, 17.1389 ], [ 101.8463, 17.1513 ], [ 101.836, 17.1461 ], [ 101.8267, 17.1573 ], [ 101.8328, 17.1619 ], [ 101.8297, 17.1745 ], [ 101.8028, 17.1969 ], [ 101.7996, 17.1963 ], [ 101.7875, 17.1798 ], [ 101.7683, 17.1692 ], [ 101.7595, 17.1791 ], [ 101.7603, 17.1937 ], [ 101.7508, 17.2069 ], [ 101.7179, 17.2047 ], [ 101.6915, 17.1921 ], [ 101.6512, 17.1778 ], [ 101.6398, 17.1788 ], [ 101.6259, 17.1734 ], [ 101.5679, 17.1718 ], [ 101.4697, 17.1725 ], [ 101.4726, 17.1786 ], [ 101.4666, 17.2034 ], [ 101.4724, 17.2113 ], [ 101.4787, 17.2567 ], [ 101.4729, 17.2601 ], [ 101.4785, 17.2659 ], [ 101.4721, 17.28 ], [ 101.4878, 17.286 ], [ 101.5154, 17.2756 ], [ 101.5315, 17.2748 ], [ 101.527, 17.2824 ], [ 101.5269, 17.3 ], [ 101.5374, 17.3186 ], [ 101.5239, 17.3334 ], [ 101.5082, 17.3633 ], [ 101.5249, 17.3964 ], [ 101.5172, 17.4097 ], [ 101.527, 17.4362 ], [ 101.5358, 17.4399 ], [ 101.5489, 17.4495 ], [ 101.5625, 17.4461 ], [ 101.5722, 17.432 ], [ 101.5737, 17.4186 ], [ 101.5819, 17.4157 ], [ 101.5988, 17.3963 ], [ 101.6175, 17.3828 ], [ 101.6192, 17.3734 ], [ 101.6402, 17.3575 ], [ 101.6547, 17.3787 ], [ 101.6606, 17.3696 ], [ 101.6807, 17.3756 ], [ 101.698, 17.3681 ], [ 101.711, 17.3775 ], [ 101.7225, 17.3793 ], [ 101.7444, 17.3741 ], [ 101.754, 17.3988 ], [ 101.7625, 17.4009 ], [ 101.7672, 17.3929 ], [ 101.7755, 17.3911 ], [ 101.7894, 17.3783 ], [ 101.8005, 17.376 ], [ 101.8344, 17.3919 ], [ 101.8342, 17.4066 ], [ 101.8441, 17.4 ], [ 101.8487, 17.4138 ], [ 101.8665, 17.4182 ], [ 101.8579, 17.4077 ], [ 101.8768, 17.3933 ], [ 101.879, 17.3835 ], [ 101.8654, 17.3625 ], [ 101.8843, 17.3576 ], [ 101.8845, 17.3446 ], [ 101.8914, 17.3309 ], [ 101.9174, 17.3099 ], [ 101.9236, 17.3018 ], [ 101.9036, 17.2795 ], [ 101.9167, 17.2662 ], [ 101.932, 17.2646 ], [ 101.9604, 17.2386 ], [ 101.9431, 17.2149 ], [ 101.9488, 17.2041 ], [ 101.9492, 17.1945 ] ] ] } },
{ "type": "Feature", "properties": { "id": "AMP_0164", "name": "วังม่วง" }, "geometry": { "type": "Polygon", "coordinates": [ [ [ 101.1777, 14.7778 ], [ 101.16, 14.7695 ], [ 101.1538, 14.7459 ], [ 101.1317, 14.7276 ], [ 101.1153, 14.7001 ], [ 101.0929, 14.7042 ], [ 101.0861, 14.7109 ], [ 101.0878, 14.7169 ], [ 101.0827, 14.7146 ], [ 101.0752, 14.7295 ], [ 101.0671, 14.7323 ], [ 101.0618, 14.7256 ], [ 101.0627, 14.7197 ], [ 101.0531, 14.7209 ], [ 101.0602, 14.7349 ], [ 101.0548, 14.7491 ], [ 101.0632, 14.7555 ], [ 101.0608, 14.7596 ], [ 101.0733, 14.7634 ], [ 101.0619, 14.7893 ], [ 101.0726, 14.7911 ], [ 101.0682, 14.8124 ], [ 101.072, 14.8157 ], [ 101.0814, 14.811 ], [ 101.0779, 14.8181 ], [ 101.0886, 14.8299 ], [ 101.0848, 14.8344 ], [ 101.0918, 14.8507 ], [ 101.0844, 14.857 ], [ 101.0847, 14.8641 ], [ 101.0785, 14.866 ], [ 101.0827, 14.8713 ], [ 101.0734, 14.8786 ], [ 101.0868, 14.8879 ], [ 101.0849, 14.8907 ], [ 101.0907, 14.8922 ], [ 101.0906, 14.9 ], [ 101.0995, 14.9085 ], [ 101.1514, 14.8969 ], [ 101.1815, 14.9176 ], [ 101.1978, 14.9221 ], [ 101.2056, 14.9184 ], [ 101.2265, 14.9194 ], [ 101.2292, 14.9028 ], [ 101.2212, 14.8915 ], [ 101.2244, 14.8721 ], [ 101.2199, 14.8683 ], [ 101.2289, 14.8354 ], [ 101.2253, 14.8246 ], [ 101.1964, 14.8051 ], [ 101.1793, 14.7902 ], [ 101.1777, 14.7778 ] ] ] } },
{ "type": "Feature", "properties": { "id": "AMP_0165", "name": "เฉลิมพระเกียรติ" }, "geometry": { "type": "Polygon", "coordinates": [ [ [ 100.9237, 14.5552 ], [ 100.9129, 14.5542 ], [ 100.9137, 14.5791 ], [ 100.8992, 14.577 ], [ 100.887, 14.5655 ], [ 100.8934, 14.5855 ], [ 100.8886, 14.5908 ], [ 100.8834, 14.5881 ], [ 100.8841, 14.5949 ], [ 100.8903, 14.6012 ], [ 100.8853, 14.6022 ], [ 100.8834, 14.6152 ], [ 100.8655, 14.6174 ], [ 100.8665, 14.6226 ], [ 100.8739, 14.6342 ], [ 100.8704, 14.642 ], [ 100.8681, 14.6668 ], [ 100.8586, 14.6641 ], [ 100.8582, 14.6746 ], [ 100.8508, 14.6824 ], [ 100.8536, 14.6871 ], [ 100.8444, 14.704 ], [ 100.8526, 14.7277 ], [ 100.8601, 14.7249 ], [ 100.8724, 14.7295 ], [ 100.8809, 14.7399 ], [ 100.906, 14.7345 ], [ 100.908, 14.7407 ], [ 100.9135, 14.7389 ], [ 100.93, 14.751 ], [ 100.9316, 14.745 ], [ 100.9425, 14.7415 ], [ 100.9542, 14.7466 ], [ 100.962, 14.7452 ], [ 100.9541, 14.7322 ], [ 100.9631, 14.6994 ], [ 100.9605, 14.6907 ], [ 100.9345, 14.6952 ], [ 100.9519, 14.6777 ], [ 100.9498, 14.6559 ], [ 100.9406, 14.6261 ], [ 100.9432, 14.6247 ], [ 100.9645, 14.5616 ], [ 100.9583, 14.5538 ], [ 100.9508, 14.5538 ], [ 100.9561, 14.5667 ], [ 100.949, 14.5563 ], [ 100.9429, 14.556 ], [ 100.9282, 14.5726 ], [ 100.9237, 14.5552 ] ] ] } },
{ "type": "Feature", "properties": { "id": "AMP_0166", "name": "มวกเหล็ก" }, "geometry": { "type": "Polygon", "coordinates": [ [ [ 101.2084, 14.6306 ], [ 101.2041, 14.6235 ], [ 101.2074, 14.6139 ], [ 101.2043, 14.608 ], [ 101.2154, 14.5871 ], [ 101.2055, 14.5803 ], [ 101.2008, 14.5657 ], [ 101.1933, 14.5589 ], [ 101.1947, 14.5542 ], [ 101.1848, 14.5514 ], [ 101.1811, 14.5436 ], [ 101.1876, 14.53 ], [ 101.1955, 14.5309 ], [ 101.2231, 14.5041 ], [ 101.2428, 14.4715 ], [ 101.2249, 14.4726 ], [ 101.2255, 14.4635 ], [ 101.2339, 14.4589 ], [ 101.2318, 14.4522 ], [ 101.2221, 14.4461 ], [ 101.2293, 14.4344 ], [ 101.2274, 14.4307 ], [ 101.2138, 14.4374 ], [ 101.2092, 14.4286 ], [ 101.2106, 14.4162 ], [ 101.1752, 14.4303 ], [ 101.1763, 14.4366 ], [ 101.1883, 14.4454 ], [ 101.1952, 14.4573 ], [ 101.168, 14.4794 ], [ 101.1627, 14.4865 ], [ 101.171, 14.4985 ], [ 101.1693, 14.5067 ], [ 101.1474, 14.5237 ], [ 101.1416, 14.5381 ], [ 101.1631, 14.5531 ], [ 101.1671, 14.5599 ], [ 101.1641, 14.5673 ], [ 101.1364, 14.5897 ], [ 101.135, 14.6027 ], [ 101.1248, 14.6222 ], [ 101.1327, 14.6483 ], [ 101.1252, 14.655 ], [ 101.1227, 14.649 ], [ 101.1098, 14.6588 ], [ 101.0724, 14.6933 ], [ 101.0723, 14.7064 ], [ 101.0781, 14.7136 ], [ 101.0743, 14.7164 ], [ 101.0752, 14.7295 ], [ 101.0827, 14.7146 ], [ 101.0878, 14.7169 ], [ 101.0861, 14.7109 ], [ 101.0929, 14.7042 ], [ 101.1153, 14.7001 ], [ 101.1317, 14.7276 ], [ 101.1538, 14.7459 ], [ 101.16, 14.7695 ], [ 101.1777, 14.7778 ], [ 101.1793, 14.7902 ], [ 101.1964, 14.8051 ], [ 101.2253, 14.8246 ], [ 101.2289, 14.8354 ], [ 101.2199, 14.8683 ], [ 101.2244, 14.8721 ], [ 101.2212, 14.8915 ], [ 101.2292, 14.9028 ], [ 101.2265, 14.9194 ], [ 101.2585, 14.913 ], [ 101.2664, 14.9191 ], [ 101.2761, 14.9386 ], [ 101.2946, 14.9495 ], [ 101.2983, 14.9592 ], [ 101.3288, 14.9661 ], [ 101.3318, 14.9826 ], [ 101.3365, 14.9902 ], [ 101.348, 14.9936 ], [ 101.35, 15.0158 ], [ 101.3628, 15.0402 ], [ 101.363, 15.0461 ], [ 101.3711, 15.0432 ], [ 101.3812, 15.0674 ], [ 101.3991, 15.0725 ], [ 101.4107, 15.0531 ], [ 101.4138, 15.0342 ], [ 101.4246, 15.0128 ], [ 101.4203, 14.997 ], [ 101.4291, 14.9831 ], [ 101.4316, 14.9499 ], [ 101.4492, 14.913 ], [ 101.4486, 14.9021 ], [ 101.4542, 14.8762 ], [ 101.4509, 14.8739 ], [ 101.4544, 14.8643 ], [ 101.4508, 14.8577 ], [ 101.4233, 14.8437 ], [ 101.4154, 14.8444 ], [ 101.3957, 14.8185 ], [ 101.3693, 14.8043 ], [ 101.3459, 14.787 ], [ 101.3371, 14.7862 ], [ 101.3397, 14.7727 ], [ 101.3304, 14.7608 ], [ 101.3072, 14.7587 ], [ 101.2976, 14.7388 ], [ 101.2905, 14.7373 ], [ 101.2837, 14.7465 ], [ 101.2815, 14.7328 ], [ 101.267, 14.73 ], [ 101.2541, 14.7326 ], [ 101.2317, 14.7323 ], [ 101.2163, 14.747 ], [ 101.2145, 14.754 ], [ 101.2069, 14.7521 ], [ 101.1973, 14.7567 ], [ 101.1978, 14.7491 ], [ 101.1884, 14.7493 ], [ 101.1939, 14.7313 ], [ 101.1853, 14.7221 ], [ 101.1893, 14.7151 ], [ 101.1869, 14.7113 ], [ 101.195, 14.7057 ], [ 101.2038, 14.6837 ], [ 101.199, 14.664 ], [ 101.2044, 14.6499 ], [ 101.2084, 14.6306 ] ] ] } },
{ "type": "Feature", "properties": { "id": "AMP_0167", "name": "บ้านเขว้า" }, "geometry": { "type": "Polygon", "coordinates": [ [ [ 101.9734, 15.7217 ], [ 101.9784, 15.722 ], [ 101.9801, 15.7028 ], [ 101.9692, 15.6833 ], [ 101.9662, 15.6881 ], [ 101.9588, 15.6767 ], [ 101.9567, 15.68 ], [ 101.9551, 15.6764 ], [ 101.9465, 15.6788 ], [ 101.9507, 15.672 ], [ 101.9475, 15.6727 ], [ 101.946, 15.6676 ], [ 101.9432, 15.6705 ], [ 101.9395, 15.6637 ], [ 101.9241, 15.6582 ], [ 101.9186, 15.6663 ], [ 101.9053, 15.6683 ], [ 101.9062, 15.6785 ], [ 101.9005, 15.6783 ], [ 101.8983, 15.689 ], [ 101.8949, 15.6873 ], [ 101.8913, 15.6948 ], [ 101.8837, 15.6951 ], [ 101.8756, 15.7071 ], [ 101.8593, 15.7111 ], [ 101.8542, 15.7169 ], [ 101.8556, 15.7255 ], [ 101.8442, 15.7269 ], [ 101.8464, 15.7384 ], [ 101.8424, 15.7311 ], [ 101.8366, 15.7413 ], [ 101.8287, 15.7334 ], [ 101.8257, 15.7395 ], [ 101.8166, 15.7416 ], [ 101.8213, 15.7453 ], [ 101.8165, 15.7478 ], [ 101.8184, 15.7703 ], [ 101.8086, 15.7766 ], [ 101.7963, 15.7705 ], [ 101.7881, 15.7896 ], [ 101.7855, 15.7997 ], [ 101.7709, 15.8035 ], [ 101.7621, 15.795 ], [ 101.7601, 15.8043 ], [ 101.7442, 15.8104 ], [ 101.7381, 15.8255 ], [ 101.7439, 15.8326 ], [ 101.734, 15.8327 ], [ 101.7334, 15.8359 ], [ 101.7409, 15.8422 ], [ 101.7454, 15.8409 ], [ 101.7424, 15.8466 ], [ 101.7365, 15.841 ], [ 101.7321, 15.8428 ], [ 101.7302, 15.8542 ], [ 101.7338, 15.8573 ], [ 101.7292, 15.8589 ], [ 101.7201, 15.8505 ], [ 101.7168, 15.8553 ], [ 101.719, 15.866 ], [ 101.7122, 15.8675 ], [ 101.7077, 15.8753 ], [ 101.71, 15.881 ], [ 101.699, 15.8898 ], [ 101.7028, 15.8968 ], [ 101.7177, 15.8966 ], [ 101.7004, 15.9019 ], [ 101.7085, 15.9086 ], [ 101.7068, 15.9177 ], [ 101.701, 15.9179 ], [ 101.702, 15.9424 ], [ 101.6912, 15.953 ], [ 101.6983, 15.9656 ], [ 101.7139, 15.9724 ], [ 101.7527, 15.9745 ], [ 101.7766, 15.9413 ], [ 101.841, 15.9266 ], [ 101.8435, 15.9184 ], [ 101.8555, 15.9098 ], [ 101.8794, 15.8849 ], [ 101.8896, 15.8666 ], [ 101.9182, 15.8623 ], [ 101.9341, 15.8274 ], [ 101.9346, 15.8177 ], [ 101.9429, 15.8124 ], [ 101.9446, 15.8024 ], [ 101.9396, 15.7839 ], [ 101.942, 15.7734 ], [ 101.9373, 15.7695 ], [ 101.938, 15.749 ], [ 101.9418, 15.7415 ], [ 101.9657, 15.7358 ], [ 101.9651, 15.732 ], [ 101.9748, 15.7259 ], [ 101.9734, 15.7217 ] ] ] } },
{ "type": "Feature", "properties": { "id": "AMP_0168", "name": "คอนสวรรค์" }, "geometry": { "type": "Polygon", "coordinates": [ [ [ 102.3259, 15.822 ], [ 102.3279, 15.8037 ], [ 102.3127, 15.8077 ], [ 102.3079, 15.7937 ], [ 102.2922, 15.7854 ], [ 102.2847, 15.7877 ], [ 102.284, 15.7834 ], [ 102.2761, 15.7812 ], [ 102.2703, 15.7854 ], [ 102.2561, 15.7815 ], [ 102.2582, 15.7725 ], [ 102.2533, 15.7701 ], [ 102.246, 15.7795 ], [ 102.2411, 15.7978 ], [ 102.2352, 15.7933 ], [ 102.2384, 15.7998 ], [ 102.2302, 15.8016 ], [ 102.2333, 15.8109 ], [ 102.23, 15.8221 ], [ 102.2219, 15.8265 ], [ 102.2148, 15.8626 ], [ 102.2043, 15.8831 ], [ 102.1881, 15.9054 ], [ 102.1808, 15.9198 ], [ 102.1437, 15.9804 ], [ 102.1707, 15.9817 ], [ 102.1874, 15.9914 ], [ 102.2424, 16.0531 ], [ 102.2704, 16.0726 ], [ 102.2809, 16.0724 ], [ 102.2859, 16.0703 ], [ 102.2871, 16.0608 ], [ 102.3023, 16.0391 ], [ 102.3117, 16.0429 ], [ 102.3272, 16.0306 ], [ 102.3364, 16.0387 ], [ 102.3439, 16.0353 ], [ 102.3447, 16.0302 ], [ 102.352, 16.0263 ], [ 102.3495, 16.0229 ], [ 102.3552, 16.0052 ], [ 102.3654, 16.0016 ], [ 102.3684, 16.0068 ], [ 102.373, 15.9961 ], [ 102.3747, 16.0002 ], [ 102.3777, 15.9947 ], [ 102.3848, 15.9973 ], [ 102.3855, 15.9808 ], [ 102.3718, 15.9755 ], [ 102.3723, 15.968 ], [ 102.3669, 15.9652 ], [ 102.3669, 15.9556 ], [ 102.3715, 15.9582 ], [ 102.369, 15.9536 ], [ 102.3743, 15.9545 ], [ 102.3706, 15.949 ], [ 102.3747, 15.9464 ], [ 102.369, 15.9486 ], [ 102.3637, 15.9328 ], [ 102.3549, 15.9309 ], [ 102.3623, 15.9289 ], [ 102.3583, 15.9267 ], [ 102.3614, 15.9204 ], [ 102.3532, 15.9086 ], [ 102.3533, 15.901 ], [ 102.3413, 15.8877 ], [ 102.3434, 15.8822 ], [ 102.3377, 15.8796 ], [ 102.3384, 15.8742 ], [ 102.3218, 15.8667 ], [ 102.3221, 15.857 ], [ 102.3171, 15.8513 ], [ 102.3208, 15.8475 ], [ 102.3158, 15.8471 ], [ 102.319, 15.8451 ], [ 102.3247, 15.8299 ], [ 102.3203, 15.8255 ], [ 102.3259, 15.822 ] ] ] } },
{ "type": "Feature", "properties": { "id": "AMP_0169", "name": "เมืองชัยภูมิ" }, "geometry": { "type": "Polygon", "coordinates": [ [ [ 102.1281, 15.6708 ], [ 102.1321, 15.6669 ], [ 102.1241, 15.6619 ], [ 102.1284, 15.6593 ], [ 102.1281, 15.6509 ], [ 102.1196, 15.6524 ], [ 102.121, 15.6449 ], [ 102.115, 15.6462 ], [ 102.1126, 15.6383 ], [ 102.1117, 15.6441 ], [ 102.1021, 15.6368 ], [ 102.1062, 15.6368 ], [ 102.1055, 15.6313 ], [ 102.0993, 15.6338 ], [ 102.0993, 15.628 ], [ 102.0955, 15.6276 ], [ 102.0956, 15.6314 ], [ 102.0915, 15.6259 ], [ 102.0885, 15.6318 ], [ 102.0861, 15.6283 ], [ 102.0896, 15.6252 ], [ 102.0832, 15.6245 ], [ 102.0851, 15.6194 ], [ 102.0812, 15.6235 ], [ 102.0812, 15.62 ], [ 102.0752, 15.6215 ], [ 102.0734, 15.6176 ], [ 102.0705, 15.6226 ], [ 102.0748, 15.628 ], [ 102.068, 15.6297 ], [ 102.0688, 15.6336 ], [ 102.0533, 15.6346 ], [ 102.0458, 15.6297 ], [ 102.0361, 15.6497 ], [ 102.0306, 15.6523 ], [ 102.0363, 15.6576 ], [ 102.0323, 15.6624 ], [ 102.0368, 15.6637 ], [ 102.0272, 15.6732 ], [ 102.0227, 15.6708 ], [ 102.0159, 15.6805 ], [ 102.005, 15.6814 ], [ 102.0022, 15.6942 ], [ 102.0014, 15.6878 ], [ 101.9916, 15.6897 ], [ 101.9868, 15.685 ], [ 101.9814, 15.6857 ], [ 101.9795, 15.6911 ], [ 101.9737, 15.6851 ], [ 101.9724, 15.6889 ], [ 101.9801, 15.7028 ], [ 101.9784, 15.722 ], [ 101.9734, 15.7217 ], [ 101.9748, 15.7259 ], [ 101.9651, 15.732 ], [ 101.9657, 15.7358 ], [ 101.9418, 15.7415 ], [ 101.938, 15.749 ], [ 101.9373, 15.7695 ], [ 101.942, 15.7734 ], [ 101.9396, 15.7839 ], [ 101.9446, 15.8024 ], [ 101.9429, 15.8124 ], [ 101.9346, 15.8177 ], [ 101.9341, 15.8274 ], [ 101.9182, 15.8623 ], [ 101.8896, 15.8666 ], [ 101.8794, 15.8849 ], [ 101.8555, 15.9098 ], [ 101.8435, 15.9184 ], [ 101.841, 15.9266 ], [ 101.7766, 15.9413 ], [ 101.7527, 15.9745 ], [ 101.793, 15.9752 ], [ 101.8786, 16.0002 ], [ 101.9022, 16.0007 ], [ 101.9115, 16.019 ], [ 101.9328, 16.0364 ], [ 101.9419, 16.0378 ], [ 101.9461, 16.0433 ], [ 101.9465, 16.0544 ], [ 101.9649, 16.0991 ], [ 101.9749, 16.1066 ], [ 101.9903, 16.11 ], [ 101.9769, 16.1271 ], [ 102.0021, 16.1507 ], [ 101.9914, 16.1943 ], [ 101.994, 16.2053 ], [ 102.0163, 16.2009 ], [ 102.0287, 16.1936 ], [ 102.0255, 16.2515 ], [ 102.0476, 16.245 ], [ 102.0513, 16.252 ], [ 102.084, 16.2109 ], [ 102.086, 16.1918 ], [ 102.0834, 16.185 ], [ 102.0739, 16.1835 ], [ 102.0737, 16.1772 ], [ 102.0635, 16.1709 ], [ 102.0671, 16.1548 ], [ 102.0847, 16.1357 ], [ 102.0852, 16.1138 ], [ 102.0759, 16.1102 ], [ 102.0718, 16.0957 ], [ 102.0835, 16.0859 ], [ 102.0777, 16.0735 ], [ 102.0495, 16.0745 ], [ 102.0406, 16.0667 ], [ 102.0516, 16.0554 ], [ 102.0478, 16.0418 ], [ 102.0372, 16.0279 ], [ 102.0394, 16.0208 ], [ 102.0446, 16.0269 ], [ 102.0631, 16.02 ], [ 102.094, 16.0326 ], [ 102.0954, 16.011 ], [ 102.0855, 16.0019 ], [ 102.124, 15.9831 ], [ 102.1437, 15.9804 ], [ 102.1808, 15.9198 ], [ 102.1881, 15.9054 ], [ 102.2043, 15.8831 ], [ 102.2148, 15.8626 ], [ 102.2219, 15.8265 ], [ 102.23, 15.8221 ], [ 102.2333, 15.8109 ], [ 102.2302, 15.8016 ], [ 102.2384, 15.7998 ], [ 102.2352, 15.7933 ], [ 102.2411, 15.7978 ], [ 102.246, 15.7795 ], [ 102.2533, 15.7701 ], [ 102.2531, 15.7595 ], [ 102.2315, 15.7463 ], [ 102.2045, 15.7577 ], [ 102.2009, 15.7414 ], [ 102.1936, 15.7435 ], [ 102.1881, 15.7403 ], [ 102.1832, 15.7435 ], [ 102.1869, 15.7486 ], [ 102.1812, 15.7465 ], [ 102.1798, 15.7497 ], [ 102.1778, 15.7459 ], [ 102.1639, 15.7463 ], [ 102.163, 15.739 ], [ 102.1629, 15.7421 ], [ 102.1557, 15.7422 ], [ 102.1559, 15.7321 ], [ 102.1627, 15.7285 ], [ 102.1535, 15.7277 ], [ 102.1564, 15.7241 ], [ 102.1547, 15.7199 ], [ 102.151, 15.723 ], [ 102.1529, 15.717 ], [ 102.1469, 15.7108 ], [ 102.1495, 15.7075 ], [ 102.1434, 15.7076 ], [ 102.1448, 15.6796 ], [ 102.1364, 15.6711 ], [ 102.1323, 15.6746 ], [ 102.1281, 15.6708 ] ] ] } },
{ "type": "Feature", "properties": { "id": "AMP_0170", "name": "วังทอง" }, "geometry": { "type": "Polygon", "coordinates": [ [ [ 100.6025, 16.6108 ], [ 100.5998, 16.6039 ], [ 100.5929, 16.6031 ], [ 100.5758, 16.5856 ], [ 100.5595, 16.572 ], [ 100.5262, 16.5658 ], [ 100.5096, 16.5739 ], [ 100.5047, 16.5682 ], [ 100.5046, 16.5534 ], [ 100.4833, 16.5426 ], [ 100.479, 16.5841 ], [ 100.4704, 16.606 ], [ 100.4564, 16.6154 ], [ 100.4441, 16.6178 ], [ 100.4237, 16.6469 ], [ 100.4188, 16.6442 ], [ 100.398, 16.654 ], [ 100.379, 16.657 ], [ 100.3744, 16.6634 ], [ 100.3663, 16.661 ], [ 100.3364, 16.701 ], [ 100.3223, 16.7088 ], [ 100.3049, 16.7101 ], [ 100.3062, 16.7205 ], [ 100.3007, 16.7249 ], [ 100.3082, 16.7341 ], [ 100.3046, 16.7421 ], [ 100.3026, 16.7574 ], [ 100.3067, 16.7686 ], [ 100.3004, 16.7846 ], [ 100.306, 16.7911 ], [ 100.3076, 16.7828 ], [ 100.3106, 16.7904 ], [ 100.3192, 16.7865 ], [ 100.3265, 16.7932 ], [ 100.3318, 16.7923 ], [ 100.3339, 16.8024 ], [ 100.3386, 16.801 ], [ 100.3369, 16.8164 ], [ 100.3411, 16.8136 ], [ 100.3475, 16.8199 ], [ 100.352, 16.8172 ], [ 100.3553, 16.8176 ], [ 100.353, 16.8216 ], [ 100.359, 16.8209 ], [ 100.3692, 16.8282 ], [ 100.371, 16.8318 ], [ 100.3667, 16.8312 ], [ 100.3721, 16.8422 ], [ 100.3781, 16.8417 ], [ 100.3864, 16.8536 ], [ 100.4328, 16.8695 ], [ 100.4335, 16.877 ], [ 100.4485, 16.8738 ], [ 100.4493, 16.8792 ], [ 100.4623, 16.8904 ], [ 100.4837, 16.8993 ], [ 100.4884, 16.9167 ], [ 100.5004, 16.9284 ], [ 100.4875, 16.9585 ], [ 100.4865, 16.9765 ], [ 100.4758, 16.9967 ], [ 100.4534, 17.0173 ], [ 100.4522, 17.0254 ], [ 100.4577, 17.03 ], [ 100.4526, 17.0508 ], [ 100.4619, 17.0575 ], [ 100.4702, 17.0763 ], [ 100.4774, 17.0819 ], [ 100.4822, 17.0788 ], [ 100.4776, 17.0907 ], [ 100.481, 17.0922 ], [ 100.4883, 17.0896 ], [ 100.5008, 17.093 ], [ 100.5092, 17.1019 ], [ 100.5241, 17.097 ], [ 100.5321, 17.1104 ], [ 100.5552, 17.1172 ], [ 100.5629, 17.1235 ], [ 100.5909, 17.1286 ], [ 100.5965, 17.1238 ], [ 100.6042, 17.1315 ], [ 100.6106, 17.1478 ], [ 100.6163, 17.1404 ], [ 100.6105, 17.1181 ], [ 100.6156, 17.112 ], [ 100.6027, 17.1016 ], [ 100.607, 17.0737 ], [ 100.605, 17.0658 ], [ 100.5976, 17.0615 ], [ 100.5989, 17.0486 ], [ 100.6481, 16.9957 ], [ 100.6481, 16.9813 ], [ 100.6576, 16.9828 ], [ 100.6755, 16.9495 ], [ 100.674, 16.9418 ], [ 100.7003, 16.9068 ], [ 100.6944, 16.8998 ], [ 100.7075, 16.8792 ], [ 100.7349, 16.8743 ], [ 100.7698, 16.8767 ], [ 100.7856, 16.8881 ], [ 100.8014, 16.8729 ], [ 100.8036, 16.8639 ], [ 100.8122, 16.8675 ], [ 100.818, 16.8578 ], [ 100.8337, 16.8652 ], [ 100.8355, 16.8737 ], [ 100.8423, 16.8751 ], [ 100.8409, 16.8639 ], [ 100.8294, 16.8535 ], [ 100.8338, 16.8458 ], [ 100.8475, 16.842 ], [ 100.8552, 16.8456 ], [ 100.8674, 16.8313 ], [ 100.8736, 16.8356 ], [ 100.8787, 16.832 ], [ 100.8835, 16.8348 ], [ 100.8967, 16.8217 ], [ 100.9032, 16.8021 ], [ 100.9064, 16.7825 ], [ 100.9029, 16.7755 ], [ 100.8953, 16.7737 ], [ 100.8989, 16.7625 ], [ 100.9192, 16.7591 ], [ 100.9226, 16.7459 ], [ 100.9138, 16.731 ], [ 100.9314, 16.7177 ], [ 100.9309, 16.7103 ], [ 100.923, 16.7113 ], [ 100.9243, 16.7017 ], [ 100.9336, 16.6963 ], [ 100.9291, 16.686 ], [ 100.938, 16.6877 ], [ 100.9422, 16.6814 ], [ 100.9316, 16.6802 ], [ 100.9248, 16.6659 ], [ 100.9055, 16.6712 ], [ 100.9033, 16.6671 ], [ 100.8877, 16.6677 ], [ 100.8692, 16.7002 ], [ 100.8712, 16.7129 ], [ 100.8547, 16.7336 ], [ 100.8465, 16.7337 ], [ 100.8417, 16.7209 ], [ 100.8267, 16.7282 ], [ 100.7936, 16.7352 ], [ 100.7873, 16.7441 ], [ 100.7773, 16.7428 ], [ 100.7466, 16.7531 ], [ 100.7325, 16.7525 ], [ 100.7069, 16.769 ], [ 100.6988, 16.7663 ], [ 100.6857, 16.7719 ], [ 100.6623, 16.7676 ], [ 100.6375, 16.795 ], [ 100.6324, 16.7951 ], [ 100.628, 16.7888 ], [ 100.6141, 16.7562 ], [ 100.5924, 16.7525 ], [ 100.5837, 16.7278 ], [ 100.5598, 16.7201 ], [ 100.566, 16.6762 ], [ 100.5763, 16.6557 ], [ 100.5793, 16.6446 ], [ 100.5976, 16.6261 ], [ 100.6025, 16.6108 ] ] ] } },
{ "type": "Feature", "properties": { "id": "AMP_0171", "name": "เนินมะปราง" }, "geometry": { "type": "Polygon", "coordinates": [ [ [ 100.6526, 16.322 ], [ 100.6344, 16.3273 ], [ 100.6255, 16.3269 ], [ 100.6197, 16.349 ], [ 100.6231, 16.3594 ], [ 100.6356, 16.3752 ], [ 100.6303, 16.3981 ], [ 100.624, 16.4055 ], [ 100.6133, 16.4052 ], [ 100.6043, 16.4122 ], [ 100.6064, 16.4175 ], [ 100.5952, 16.4158 ], [ 100.5683, 16.4598 ], [ 100.5851, 16.4716 ], [ 100.5829, 16.4888 ], [ 100.5874, 16.5203 ], [ 100.5776, 16.5231 ], [ 100.5803, 16.5759 ], [ 100.5758, 16.5856 ], [ 100.5929, 16.6031 ], [ 100.5998, 16.6039 ], [ 100.6025, 16.6108 ], [ 100.5976, 16.6261 ], [ 100.5793, 16.6446 ], [ 100.5763, 16.6557 ], [ 100.566, 16.6762 ], [ 100.5598, 16.7201 ], [ 100.5837, 16.7278 ], [ 100.5924, 16.7525 ], [ 100.6141, 16.7562 ], [ 100.628, 16.7888 ], [ 100.6324, 16.7951 ], [ 100.6375, 16.795 ], [ 100.6623, 16.7676 ], [ 100.6857, 16.7719 ], [ 100.6988, 16.7663 ], [ 100.7069, 16.769 ], [ 100.7325, 16.7525 ], [ 100.7466, 16.7531 ], [ 100.7773, 16.7428 ], [ 100.7873, 16.7441 ], [ 100.7936, 16.7352 ], [ 100.8267, 16.7282 ], [ 100.8417, 16.7209 ], [ 100.8465, 16.7337 ], [ 100.8547, 16.7336 ], [ 100.8712, 16.7129 ], [ 100.8692, 16.7002 ], [ 100.8877, 16.6677 ], [ 100.8823, 16.6567 ], [ 100.869, 16.6493 ], [ 100.8614, 16.6383 ], [ 100.8646, 16.619 ], [ 100.8538, 16.6153 ], [ 100.8551, 16.6092 ], [ 100.8472, 16.5918 ], [ 100.8504, 16.5837 ], [ 100.8459, 16.5789 ], [ 100.8516, 16.5753 ], [ 100.8582, 16.5476 ], [ 100.846, 16.5397 ], [ 100.8485, 16.5226 ], [ 100.8406, 16.5241 ], [ 100.8337, 16.5193 ], [ 100.8326, 16.5051 ], [ 100.8148, 16.4961 ], [ 100.8168, 16.483 ], [ 100.8038, 16.4802 ], [ 100.7935, 16.4724 ], [ 100.8052, 16.4499 ], [ 100.7866, 16.4492 ], [ 100.7751, 16.4381 ], [ 100.7722, 16.4263 ], [ 100.7623, 16.4317 ], [ 100.7409, 16.4188 ], [ 100.724, 16.423 ], [ 100.7094, 16.418 ], [ 100.7038, 16.4112 ], [ 100.7069, 16.3857 ], [ 100.667, 16.3509 ], [ 100.6526, 16.322 ] ] ] } },
{ "type": "Feature", "properties": { "id": "AMP_0172", "name": "สวรรคโลก" }, "geometry": { "type": "Polygon", "coordinates": [ [ [ 99.9304, 17.2699 ], [ 99.9418, 17.268 ], [ 99.9464, 17.2624 ], [ 99.9549, 17.2428 ], [ 99.9734, 17.2415 ], [ 99.9582, 17.2312 ], [ 99.9823, 17.2161 ], [ 99.9712, 17.2109 ], [ 99.9751, 17.2079 ], [ 99.9733, 17.1995 ], [ 99.9836, 17.1897 ], [ 99.9811, 17.1745 ], [ 99.9732, 17.1646 ], [ 99.9549, 17.1709 ], [ 99.947, 17.1815 ], [ 99.9368, 17.1863 ], [ 99.9252, 17.1846 ], [ 99.9115, 17.1915 ], [ 99.9108, 17.1961 ], [ 99.8936, 17.2007 ], [ 99.8676, 17.1941 ], [ 99.8526, 17.2007 ], [ 99.848, 17.2047 ], [ 99.8395, 17.1997 ], [ 99.8028, 17.2055 ], [ 99.7734, 17.2218 ], [ 99.7457, 17.2126 ], [ 99.7406, 17.2088 ], [ 99.7396, 17.1994 ], [ 99.7309, 17.1981 ], [ 99.6841, 17.2078 ], [ 99.6813, 17.214 ], [ 99.6731, 17.2132 ], [ 99.6673, 17.2266 ], [ 99.6654, 17.2487 ], [ 99.6669, 17.2559 ], [ 99.688, 17.262 ], [ 99.6816, 17.2744 ], [ 99.6877, 17.2857 ], [ 99.7104, 17.3449 ], [ 99.7253, 17.3769 ], [ 99.7323, 17.3701 ], [ 99.7452, 17.3675 ], [ 99.7537, 17.3785 ], [ 99.7831, 17.3876 ], [ 99.8291, 17.3841 ], [ 99.8759, 17.3926 ], [ 99.888, 17.3907 ], [ 99.8939, 17.4139 ], [ 99.8781, 17.417 ], [ 99.8843, 17.4248 ], [ 99.881, 17.4323 ], [ 99.8728, 17.4278 ], [ 99.8702, 17.4532 ], [ 99.8834, 17.4574 ], [ 99.8832, 17.4654 ], [ 99.8998, 17.4751 ], [ 99.9155, 17.4919 ], [ 99.9267, 17.4985 ], [ 99.9265, 17.4885 ], [ 99.9339, 17.4776 ], [ 99.9305, 17.4529 ], [ 99.9336, 17.4425 ], [ 99.9329, 17.4288 ], [ 99.9481, 17.4186 ], [ 99.9464, 17.4131 ], [ 99.9592, 17.4038 ], [ 99.9552, 17.3952 ], [ 99.9558, 17.3817 ], [ 99.9507, 17.3733 ], [ 99.9606, 17.3526 ], [ 99.9551, 17.3415 ], [ 99.9125, 17.336 ], [ 99.9116, 17.2957 ], [ 99.9249, 17.2995 ], [ 99.93, 17.2867 ], [ 99.9266, 17.2819 ], [ 99.9304, 17.2699 ] ] ] } },
{ "type": "Feature", "properties": { "id": "AMP_0173", "name": "ศรีนคร" }, "geometry": { "type": "Polygon", "coordinates": [ [ [ 100.0024, 17.2974 ], [ 99.995, 17.2891 ], [ 99.9801, 17.2853 ], [ 99.9628, 17.2592 ], [ 99.963, 17.2504 ], [ 99.9549, 17.2428 ], [ 99.9464, 17.2624 ], [ 99.9418, 17.268 ], [ 99.9304, 17.2699 ], [ 99.9266, 17.2819 ], [ 99.93, 17.2867 ], [ 99.9249, 17.2995 ], [ 99.9116, 17.2957 ], [ 99.9125, 17.336 ], [ 99.9551, 17.3415 ], [ 99.9606, 17.3526 ], [ 99.9507, 17.3733 ], [ 99.9558, 17.3817 ], [ 99.9552, 17.3952 ], [ 99.9592, 17.4038 ], [ 99.9464, 17.4131 ], [ 99.9481, 17.4186 ], [ 99.9329, 17.4288 ], [ 99.9336, 17.4425 ], [ 99.9305, 17.4529 ], [ 99.9339, 17.4776 ], [ 99.9265, 17.4885 ], [ 99.9267, 17.4985 ], [ 99.9155, 17.4919 ], [ 99.9081, 17.4962 ], [ 99.9311, 17.5221 ], [ 99.9326, 17.5069 ], [ 99.94, 17.4954 ], [ 99.9561, 17.5059 ], [ 99.9667, 17.4927 ], [ 99.9722, 17.496 ], [ 99.981, 17.4875 ], [ 99.9813, 17.473 ], [ 99.9988, 17.4669 ], [ 100.0021, 17.4597 ], [ 100.0068, 17.4562 ], [ 100.02, 17.4586 ], [ 100.0309, 17.444 ], [ 100.0308, 17.4356 ], [ 100.0164, 17.4173 ], [ 99.9962, 17.4165 ], [ 99.9917, 17.4058 ], [ 99.9916, 17.4003 ], [ 100.0038, 17.3914 ], [ 100.0098, 17.3803 ], [ 99.9997, 17.3695 ], [ 100.008, 17.3608 ], [ 100.0011, 17.355 ], [ 100.012, 17.3357 ], [ 100.0095, 17.3275 ], [ 99.9961, 17.3213 ], [ 99.9935, 17.3129 ], [ 100.0024, 17.2974 ] ] ] } },
{ "type": "Feature", "properties": { "id": "AMP_0174", "name": "หันคา" }, "geometry": { "type": "Polygon", "coordinates": [ [ [ 100.0849, 15.0366 ], [ 100.0789, 15.0328 ], [ 100.0819, 15.0129 ], [ 100.0884, 14.9941 ], [ 100.1015, 14.9937 ], [ 100.09, 14.9819 ], [ 100.0904, 14.9704 ], [ 100.0733, 14.9579 ], [ 100.0638, 14.9532 ], [ 100.0397, 14.961 ], [ 100.036, 14.9538 ], [ 100.0457, 14.9406 ], [ 100.0448, 14.9289 ], [ 100.0408, 14.9193 ], [ 100.031, 14.9141 ], [ 100.0008, 14.9101 ], [ 99.9681, 14.9018 ], [ 99.9495, 14.9107 ], [ 99.9532, 14.9361 ], [ 99.9648, 14.9412 ], [ 99.9532, 14.9564 ], [ 99.9566, 14.9601 ], [ 99.9491, 14.9692 ], [ 99.9483, 14.9887 ], [ 99.9076, 14.9966 ], [ 99.8762, 15.0229 ], [ 99.8651, 15.0246 ], [ 99.8534, 15.0399 ], [ 99.8421, 15.0467 ], [ 99.8446, 15.0517 ], [ 99.8177, 15.0786 ], [ 99.8128, 15.0939 ], [ 99.8038, 15.0977 ], [ 99.7707, 15.1408 ], [ 99.8076, 15.1423 ], [ 99.8323, 15.1502 ], [ 99.8381, 15.1452 ], [ 99.8665, 15.1452 ], [ 99.8829, 15.1401 ], [ 99.9117, 15.1538 ], [ 99.9387, 15.1332 ], [ 99.9696, 15.1522 ], [ 100.0002, 15.1609 ], [ 100.0152, 15.1565 ], [ 100.0255, 15.1483 ], [ 100.0388, 15.1457 ], [ 100.0432, 15.1353 ], [ 100.0415, 15.1236 ], [ 100.0462, 15.1188 ], [ 100.0466, 15.1089 ], [ 100.0882, 15.0774 ], [ 100.0826, 15.0564 ], [ 100.0861, 15.0462 ], [ 100.0849, 15.0366 ] ] ] } },
{ "type": "Feature", "properties": { "id": "AMP_0175", "name": "ศรีสัชนาลัย" }, "geometry": { "type": "Polygon", "coordinates": [ [ [ 99.7831, 17.3876 ], [ 99.7537, 17.3785 ], [ 99.7452, 17.3675 ], [ 99.7323, 17.3701 ], [ 99.719, 17.3822 ], [ 99.7068, 17.3785 ], [ 99.6709, 17.3626 ], [ 99.6454, 17.3555 ], [ 99.6311, 17.364 ], [ 99.62, 17.3739 ], [ 99.6058, 17.411 ], [ 99.5819, 17.4376 ], [ 99.5728, 17.4577 ], [ 99.5616, 17.4618 ], [ 99.5487, 17.452 ], [ 99.5424, 17.458 ], [ 99.5415, 17.4717 ], [ 99.5248, 17.481 ], [ 99.5331, 17.4999 ], [ 99.5262, 17.5099 ], [ 99.521, 17.5078 ], [ 99.5016, 17.5135 ], [ 99.4956, 17.5089 ], [ 99.4845, 17.5148 ], [ 99.4688, 17.5114 ], [ 99.4694, 17.5071 ], [ 99.4632, 17.5062 ], [ 99.4601, 17.5003 ], [ 99.4471, 17.5002 ], [ 99.4266, 17.4872 ], [ 99.4192, 17.4876 ], [ 99.4211, 17.5186 ], [ 99.4388, 17.5273 ], [ 99.4302, 17.5493 ], [ 99.435, 17.5634 ], [ 99.4284, 17.5693 ], [ 99.4151, 17.5701 ], [ 99.4133, 17.5746 ], [ 99.4224, 17.592 ], [ 99.4189, 17.5998 ], [ 99.4256, 17.6091 ], [ 99.4404, 17.6095 ], [ 99.447, 17.5996 ], [ 99.4536, 17.5999 ], [ 99.4551, 17.6087 ], [ 99.4468, 17.6228 ], [ 99.4499, 17.6309 ], [ 99.4473, 17.6443 ], [ 99.4509, 17.6548 ], [ 99.4655, 17.6613 ], [ 99.4764, 17.677 ], [ 99.4702, 17.6908 ], [ 99.4753, 17.6972 ], [ 99.4738, 17.7163 ], [ 99.478, 17.7245 ], [ 99.4713, 17.7379 ], [ 99.4815, 17.7448 ], [ 99.487, 17.7627 ], [ 99.5051, 17.7807 ], [ 99.5151, 17.7826 ], [ 99.5171, 17.7956 ], [ 99.5291, 17.8007 ], [ 99.5472, 17.8119 ], [ 99.5655, 17.8112 ], [ 99.5712, 17.8161 ], [ 99.5981, 17.8216 ], [ 99.622, 17.8131 ], [ 99.6294, 17.8147 ], [ 99.65, 17.7963 ], [ 99.6707, 17.799 ], [ 99.6866, 17.7761 ], [ 99.6964, 17.7563 ], [ 99.7076, 17.7565 ], [ 99.7141, 17.729 ], [ 99.7199, 17.7317 ], [ 99.7243, 17.7227 ], [ 99.7295, 17.7215 ], [ 99.736, 17.7228 ], [ 99.7449, 17.7363 ], [ 99.7517, 17.7382 ], [ 99.7564, 17.7486 ], [ 99.7505, 17.7524 ], [ 99.755, 17.7521 ], [ 99.7613, 17.762 ], [ 99.7651, 17.7607 ], [ 99.7688, 17.7712 ], [ 99.7765, 17.7776 ], [ 99.7722, 17.7807 ], [ 99.7824, 17.7909 ], [ 99.7966, 17.7924 ], [ 99.8113, 17.8039 ], [ 99.8327, 17.8028 ], [ 99.8372, 17.7969 ], [ 99.849, 17.8017 ], [ 99.8601, 17.798 ], [ 99.8691, 17.8051 ], [ 99.8762, 17.8012 ], [ 99.878, 17.805 ], [ 99.8825, 17.8027 ], [ 99.8832, 17.8077 ], [ 99.8947, 17.8056 ], [ 99.8987, 17.7971 ], [ 99.9115, 17.7951 ], [ 99.9219, 17.7865 ], [ 99.9227, 17.7689 ], [ 99.9118, 17.763 ], [ 99.9209, 17.7475 ], [ 99.93, 17.7441 ], [ 99.945, 17.7232 ], [ 99.9634, 17.7113 ], [ 99.9768, 17.6579 ], [ 99.9662, 17.6327 ], [ 99.9758, 17.6221 ], [ 99.9401, 17.5917 ], [ 99.9241, 17.5871 ], [ 99.9279, 17.5639 ], [ 99.9404, 17.5502 ], [ 99.9405, 17.5362 ], [ 99.9311, 17.5221 ], [ 99.9081, 17.4962 ], [ 99.9155, 17.4919 ], [ 99.8998, 17.4751 ], [ 99.8832, 17.4654 ], [ 99.8834, 17.4574 ], [ 99.8702, 17.4532 ], [ 99.8728, 17.4278 ], [ 99.881, 17.4323 ], [ 99.8843, 17.4248 ], [ 99.8781, 17.417 ], [ 99.8939, 17.4139 ], [ 99.888, 17.3907 ], [ 99.8759, 17.3926 ], [ 99.8291, 17.3841 ], [ 99.7831, 17.3876 ] ] ] } },
{ "type": "Feature", "properties": { "id": "AMP_0176", "name": "หนองมะโมง" }, "geometry": { "type": "Polygon", "coordinates": [ [ [ 99.8928, 15.2095 ], [ 99.8966, 15.1883 ], [ 99.8833, 15.174 ], [ 99.8601, 15.1722 ], [ 99.8417, 15.1632 ], [ 99.8208, 15.1658 ], [ 99.8092, 15.1568 ], [ 99.8076, 15.1423 ], [ 99.7709, 15.1411 ], [ 99.7481, 15.1639 ], [ 99.7599, 15.1754 ], [ 99.7434, 15.1928 ], [ 99.7316, 15.2088 ], [ 99.7305, 15.2392 ], [ 99.735, 15.2418 ], [ 99.7285, 15.25 ], [ 99.7265, 15.2596 ], [ 99.7337, 15.2588 ], [ 99.7323, 15.2689 ], [ 99.7377, 15.2672 ], [ 99.7399, 15.2749 ], [ 99.749, 15.2803 ], [ 99.7534, 15.296 ], [ 99.7633, 15.2997 ], [ 99.764, 15.3082 ], [ 99.7574, 15.3121 ], [ 99.7812, 15.3119 ], [ 99.7854, 15.3178 ], [ 99.8079, 15.3184 ], [ 99.8286, 15.3117 ], [ 99.8502, 15.3117 ], [ 99.8597, 15.3052 ], [ 99.8722, 15.3052 ], [ 99.8784, 15.2993 ], [ 99.878, 15.2901 ], [ 99.885, 15.2879 ], [ 99.922, 15.2977 ], [ 99.9357, 15.2848 ], [ 99.9246, 15.28 ], [ 99.9393, 15.2687 ], [ 99.9308, 15.2612 ], [ 99.9354, 15.2566 ], [ 99.9324, 15.2432 ], [ 99.9409, 15.2393 ], [ 99.9297, 15.2347 ], [ 99.9109, 15.2143 ], [ 99.8928, 15.2095 ] ] ] } },
{ "type": "Feature", "properties": { "id": "AMP_0177", "name": "ศรีสำโรง" }, "geometry": { "type": "Polygon", "coordinates": [ [ [ 99.8424, 17.0635 ], [ 99.8343, 17.0646 ], [ 99.8307, 17.0599 ], [ 99.805, 17.0815 ], [ 99.7888, 17.0826 ], [ 99.784, 17.0929 ], [ 99.7545, 17.0969 ], [ 99.7436, 17.1038 ], [ 99.7375, 17.115 ], [ 99.7428, 17.1243 ], [ 99.7274, 17.1492 ], [ 99.711, 17.1471 ], [ 99.7065, 17.1388 ], [ 99.6912, 17.1403 ], [ 99.6631, 17.1227 ], [ 99.6506, 17.1282 ], [ 99.6311, 17.1252 ], [ 99.5978, 17.1253 ], [ 99.581, 17.1547 ], [ 99.5679, 17.156 ], [ 99.5625, 17.1625 ], [ 99.5555, 17.1607 ], [ 99.5406, 17.1681 ], [ 99.5318, 17.1758 ], [ 99.5231, 17.194 ], [ 99.5143, 17.1986 ], [ 99.4957, 17.1981 ], [ 99.4815, 17.2025 ], [ 99.464, 17.2241 ], [ 99.4598, 17.2433 ], [ 99.4677, 17.2469 ], [ 99.4921, 17.2439 ], [ 99.4963, 17.2384 ], [ 99.5016, 17.2405 ], [ 99.5181, 17.2526 ], [ 99.54, 17.2597 ], [ 99.577, 17.2607 ], [ 99.5946, 17.2825 ], [ 99.5997, 17.2605 ], [ 99.5885, 17.2498 ], [ 99.5794, 17.247 ], [ 99.5838, 17.2347 ], [ 99.5941, 17.232 ], [ 99.604, 17.2354 ], [ 99.6301, 17.2295 ], [ 99.65, 17.2111 ], [ 99.6671, 17.2045 ], [ 99.6841, 17.2078 ], [ 99.7309, 17.1981 ], [ 99.7396, 17.1994 ], [ 99.7406, 17.2088 ], [ 99.7457, 17.2126 ], [ 99.7734, 17.2218 ], [ 99.8028, 17.2055 ], [ 99.8395, 17.1997 ], [ 99.848, 17.2047 ], [ 99.8526, 17.2007 ], [ 99.8676, 17.1941 ], [ 99.8936, 17.2007 ], [ 99.9108, 17.1961 ], [ 99.9115, 17.1915 ], [ 99.9252, 17.1846 ], [ 99.9368, 17.1863 ], [ 99.947, 17.1815 ], [ 99.9549, 17.1709 ], [ 99.9514, 17.1677 ], [ 99.9557, 17.1632 ], [ 99.9521, 17.1563 ], [ 99.9589, 17.1463 ], [ 99.9594, 17.1179 ], [ 99.9732, 17.1023 ], [ 99.9826, 17.1011 ], [ 99.984, 17.085 ], [ 99.9661, 17.0701 ], [ 99.9555, 17.0811 ], [ 99.9387, 17.0781 ], [ 99.9062, 17.0903 ], [ 99.878, 17.097 ], [ 99.8722, 17.0827 ], [ 99.8635, 17.0784 ], [ 99.8424, 17.0635 ] ] ] } },
{ "type": "Feature", "properties": { "id": "AMP_0178", "name": "สรรพยา" }, "geometry": { "type": "Polygon", "coordinates": [ [ [ 100.2945, 15.0717 ], [ 100.2938, 15.0644 ], [ 100.2783, 15.0653 ], [ 100.2609, 15.0584 ], [ 100.2567, 15.0909 ], [ 100.2489, 15.0951 ], [ 100.2289, 15.0984 ], [ 100.1979, 15.1159 ], [ 100.1855, 15.117 ], [ 100.1823, 15.121 ], [ 100.1846, 15.1259 ], [ 100.1785, 15.128 ], [ 100.1686, 15.1508 ], [ 100.171, 15.1542 ], [ 100.1767, 15.1574 ], [ 100.1715, 15.172 ], [ 100.1799, 15.2102 ], [ 100.1788, 15.2228 ], [ 100.2019, 15.2204 ], [ 100.2109, 15.229 ], [ 100.2224, 15.2219 ], [ 100.2451, 15.23 ], [ 100.276, 15.208 ], [ 100.286, 15.2043 ], [ 100.2935, 15.2065 ], [ 100.2971, 15.1811 ], [ 100.318, 15.1582 ], [ 100.3355, 15.1622 ], [ 100.3464, 15.1395 ], [ 100.3458, 15.1282 ], [ 100.3516, 15.1199 ], [ 100.3412, 15.1076 ], [ 100.3148, 15.0883 ], [ 100.2891, 15.0785 ], [ 100.2945, 15.0717 ] ] ] } },
{ "type": "Feature", "properties": { "id": "AMP_0179", "name": "คีรีมาศ" }, "geometry": { "type": "Polygon", "coordinates": [ [ [ 99.8534, 16.7356 ], [ 99.8445, 16.7149 ], [ 99.8329, 16.7145 ], [ 99.8281, 16.7241 ], [ 99.8149, 16.7203 ], [ 99.8044, 16.7121 ], [ 99.8097, 16.6989 ], [ 99.8044, 16.6985 ], [ 99.7928, 16.6865 ], [ 99.7644, 16.6842 ], [ 99.7611, 16.6989 ], [ 99.7647, 16.7169 ], [ 99.7417, 16.7289 ], [ 99.7459, 16.7434 ], [ 99.7165, 16.7213 ], [ 99.7054, 16.7228 ], [ 99.7038, 16.7174 ], [ 99.6949, 16.7186 ], [ 99.6936, 16.7313 ], [ 99.6762, 16.728 ], [ 99.6531, 16.7467 ], [ 99.643, 16.7431 ], [ 99.6229, 16.7575 ], [ 99.601, 16.7911 ], [ 99.5818, 16.8033 ], [ 99.5787, 16.812 ], [ 99.5818, 16.8202 ], [ 99.5767, 16.8281 ], [ 99.603, 16.8519 ], [ 99.6113, 16.8685 ], [ 99.6236, 16.8691 ], [ 99.63, 16.8767 ], [ 99.632, 16.8827 ], [ 99.6227, 16.9071 ], [ 99.6085, 16.9092 ], [ 99.6198, 16.9223 ], [ 99.6187, 16.9631 ], [ 99.6381, 16.9691 ], [ 99.6566, 16.959 ], [ 99.6714, 16.9651 ], [ 99.6913, 16.9662 ], [ 99.7164, 16.9575 ], [ 99.7415, 16.9605 ], [ 99.7483, 16.9659 ], [ 99.7851, 16.9653 ], [ 99.8033, 16.9576 ], [ 99.8096, 16.944 ], [ 99.8066, 16.8964 ], [ 99.8144, 16.8855 ], [ 99.8358, 16.8805 ], [ 99.8424, 16.8632 ], [ 99.8548, 16.8545 ], [ 99.8837, 16.8481 ], [ 99.8835, 16.8284 ], [ 99.8912, 16.8167 ], [ 99.8901, 16.7978 ], [ 99.878, 16.7806 ], [ 99.8772, 16.7673 ], [ 99.868, 16.7601 ], [ 99.8534, 16.7356 ] ] ] } },
{ "type": "Feature", "properties": { "id": "AMP_0180", "name": "สรรคบุรี" }, "geometry": { "type": "Polygon", "coordinates": [ [ [ 100.2591, 14.9438 ], [ 100.2453, 14.9459 ], [ 100.2017, 14.9543 ], [ 100.1995, 14.9605 ], [ 100.1961, 14.9518 ], [ 100.1751, 14.9437 ], [ 100.1699, 14.9271 ], [ 100.1641, 14.9285 ], [ 100.1656, 14.924 ], [ 100.1596, 14.9259 ], [ 100.158, 14.9191 ], [ 100.1499, 14.9213 ], [ 100.1469, 14.916 ], [ 100.1414, 14.9188 ], [ 100.1367, 14.9131 ], [ 100.1313, 14.9153 ], [ 100.1265, 14.9241 ], [ 100.1275, 14.9314 ], [ 100.1378, 14.9357 ], [ 100.1327, 14.9463 ], [ 100.1059, 14.9463 ], [ 100.0733, 14.9579 ], [ 100.0904, 14.9704 ], [ 100.09, 14.9819 ], [ 100.1015, 14.9937 ], [ 100.0884, 14.9941 ], [ 100.0819, 15.0129 ], [ 100.0789, 15.0328 ], [ 100.0849, 15.0366 ], [ 100.0861, 15.0462 ], [ 100.0826, 15.0564 ], [ 100.0882, 15.0774 ], [ 100.0747, 15.087 ], [ 100.0915, 15.0865 ], [ 100.106, 15.1089 ], [ 100.1187, 15.1033 ], [ 100.1289, 15.0952 ], [ 100.1389, 15.1015 ], [ 100.1422, 15.1081 ], [ 100.153, 15.108 ], [ 100.1578, 15.1168 ], [ 100.1766, 15.1068 ], [ 100.1855, 15.117 ], [ 100.1979, 15.1159 ], [ 100.2289, 15.0984 ], [ 100.2489, 15.0951 ], [ 100.2567, 15.0909 ], [ 100.2609, 15.0584 ], [ 100.2595, 15.0496 ], [ 100.246, 15.0389 ], [ 100.2314, 15.0449 ], [ 100.2191, 15.0426 ], [ 100.2222, 15.0251 ], [ 100.2443, 15.0241 ], [ 100.2432, 15.0179 ], [ 100.2506, 15.0185 ], [ 100.2501, 15.0124 ], [ 100.2559, 15.0079 ], [ 100.268, 15.0106 ], [ 100.2758, 14.9921 ], [ 100.2836, 14.9925 ], [ 100.2934, 14.9847 ], [ 100.2884, 14.9674 ], [ 100.2924, 14.9582 ], [ 100.291, 14.9563 ], [ 100.2637, 14.9503 ], [ 100.2591, 14.9438 ] ] ] } },
{ "type": "Feature", "properties": { "id": "AMP_0181", "name": "กงไกรลาศ" }, "geometry": { "type": "Polygon", "coordinates": [ [ [ 99.9499, 16.8696 ], [ 99.9426, 16.8658 ], [ 99.9418, 16.8286 ], [ 99.917, 16.8083 ], [ 99.8901, 16.7978 ], [ 99.8912, 16.8167 ], [ 99.8835, 16.8284 ], [ 99.8837, 16.8481 ], [ 99.8548, 16.8545 ], [ 99.8424, 16.8632 ], [ 99.8384, 16.8714 ], [ 99.8457, 16.8889 ], [ 99.8694, 16.9099 ], [ 99.8686, 16.9233 ], [ 99.8848, 16.936 ], [ 99.8829, 16.9489 ], [ 99.8882, 16.9675 ], [ 99.9222, 17.0057 ], [ 99.9661, 17.0701 ], [ 99.984, 17.085 ], [ 99.9851, 17.0784 ], [ 99.9895, 17.0782 ], [ 99.9979, 17.0855 ], [ 100.006, 17.0732 ], [ 100.0143, 17.0711 ], [ 100.013, 17.0619 ], [ 100.0057, 17.0573 ], [ 100.0047, 17.045 ], [ 100.0156, 17.0339 ], [ 100.0307, 17.0219 ], [ 100.0406, 17.0216 ], [ 100.0438, 17.0107 ], [ 100.0537, 17.0089 ], [ 100.061, 17.0125 ], [ 100.0785, 16.9967 ], [ 100.0772, 16.9924 ], [ 100.0866, 16.9917 ], [ 100.0873, 16.9884 ], [ 100.0937, 16.9927 ], [ 100.096, 16.9836 ], [ 100.1012, 16.9817 ], [ 100.1015, 16.9739 ], [ 100.1076, 16.9744 ], [ 100.1072, 16.9708 ], [ 100.0983, 16.9704 ], [ 100.1044, 16.9674 ], [ 100.1101, 16.9449 ], [ 100.1073, 16.9396 ], [ 100.1115, 16.9347 ], [ 100.1075, 16.9353 ], [ 100.1067, 16.9297 ], [ 100.1106, 16.9151 ], [ 100.1009, 16.9145 ], [ 100.0998, 16.9 ], [ 100.0948, 16.8947 ], [ 100.0899, 16.8971 ], [ 100.0916, 16.8939 ], [ 100.0855, 16.8889 ], [ 100.0767, 16.8931 ], [ 100.0645, 16.8841 ], [ 100.0473, 16.8927 ], [ 100.0105, 16.8892 ], [ 100.0068, 16.8691 ], [ 99.9993, 16.8617 ], [ 99.9941, 16.8681 ], [ 99.9784, 16.8665 ], [ 99.9738, 16.8612 ], [ 99.9639, 16.8627 ], [ 99.9499, 16.8696 ] ] ] } },
{ "type": "Feature", "properties": { "id": "AMP_0182", "name": "มโนรมย์" }, "geometry": { "type": "Polygon", "coordinates": [ [ [ 100.2637, 15.2874 ], [ 100.2661, 15.2685 ], [ 100.2598, 15.2616 ], [ 100.2413, 15.2608 ], [ 100.2098, 15.247 ], [ 100.1732, 15.2451 ], [ 100.1546, 15.2462 ], [ 100.158, 15.2631 ], [ 100.1422, 15.2797 ], [ 100.1324, 15.2818 ], [ 100.1306, 15.2891 ], [ 100.1204, 15.2911 ], [ 100.1077, 15.2749 ], [ 100.0823, 15.2725 ], [ 100.0725, 15.2646 ], [ 100.0568, 15.2685 ], [ 100.0618, 15.2845 ], [ 100.0784, 15.2956 ], [ 100.078, 15.3161 ], [ 100.0815, 15.3213 ], [ 100.1002, 15.3367 ], [ 100.1009, 15.3421 ], [ 100.0978, 15.352 ], [ 100.0751, 15.3691 ], [ 100.0793, 15.3799 ], [ 100.088, 15.3786 ], [ 100.0983, 15.374 ], [ 100.1047, 15.3743 ], [ 100.1067, 15.3798 ], [ 100.0897, 15.396 ], [ 100.0877, 15.4069 ], [ 100.0909, 15.4135 ], [ 100.102, 15.4175 ], [ 100.1249, 15.4123 ], [ 100.1294, 15.4051 ], [ 100.1401, 15.4043 ], [ 100.1462, 15.3935 ], [ 100.1441, 15.3906 ], [ 100.1532, 15.3892 ], [ 100.1631, 15.3814 ], [ 100.182, 15.3811 ], [ 100.2171, 15.3636 ], [ 100.213, 15.3542 ], [ 100.2325, 15.3687 ], [ 100.2521, 15.3559 ], [ 100.2535, 15.3411 ], [ 100.2636, 15.3341 ], [ 100.2641, 15.3265 ], [ 100.2634, 15.3142 ], [ 100.2513, 15.3048 ], [ 100.2549, 15.2912 ], [ 100.2637, 15.2874 ] ] ] } },
{ "type": "Feature", "properties": { "id": "AMP_0183", "name": "เมืองสุโขทัย" }, "geometry": { "type": "Polygon", "coordinates": [ [ [ 99.8686, 16.9233 ], [ 99.8694, 16.9099 ], [ 99.8457, 16.8889 ], [ 99.8384, 16.8714 ], [ 99.8358, 16.8805 ], [ 99.8144, 16.8855 ], [ 99.8066, 16.8964 ], [ 99.8096, 16.944 ], [ 99.8033, 16.9576 ], [ 99.7851, 16.9653 ], [ 99.7483, 16.9659 ], [ 99.7415, 16.9605 ], [ 99.7164, 16.9575 ], [ 99.6913, 16.9662 ], [ 99.6714, 16.9651 ], [ 99.6566, 16.959 ], [ 99.6381, 16.9691 ], [ 99.6187, 16.9631 ], [ 99.6145, 16.9802 ], [ 99.6227, 16.9872 ], [ 99.6222, 17.0133 ], [ 99.6333, 17.0547 ], [ 99.6411, 17.0638 ], [ 99.6351, 17.0693 ], [ 99.6394, 17.0923 ], [ 99.6311, 17.1252 ], [ 99.6506, 17.1282 ], [ 99.6631, 17.1227 ], [ 99.6912, 17.1403 ], [ 99.7065, 17.1388 ], [ 99.711, 17.1471 ], [ 99.7274, 17.1492 ], [ 99.7428, 17.1243 ], [ 99.7375, 17.115 ], [ 99.7436, 17.1038 ], [ 99.7545, 17.0969 ], [ 99.784, 17.0929 ], [ 99.7888, 17.0826 ], [ 99.805, 17.0815 ], [ 99.8307, 17.0599 ], [ 99.8343, 17.0646 ], [ 99.8424, 17.0635 ], [ 99.8635, 17.0784 ], [ 99.8722, 17.0827 ], [ 99.878, 17.097 ], [ 99.9062, 17.0903 ], [ 99.9387, 17.0781 ], [ 99.9555, 17.0811 ], [ 99.9661, 17.0701 ], [ 99.9222, 17.0057 ], [ 99.8882, 16.9675 ], [ 99.8829, 16.9489 ], [ 99.8848, 16.936 ], [ 99.8686, 16.9233 ] ] ] } },
{ "type": "Feature", "properties": { "id": "AMP_0184", "name": "วัดสิงห์" }, "geometry": { "type": "Polygon", "coordinates": [ [ [ 99.9387, 15.1332 ], [ 99.9117, 15.1538 ], [ 99.8829, 15.1401 ], [ 99.8665, 15.1452 ], [ 99.8381, 15.1452 ], [ 99.8323, 15.1502 ], [ 99.8076, 15.1423 ], [ 99.8092, 15.1568 ], [ 99.8208, 15.1658 ], [ 99.8417, 15.1632 ], [ 99.8601, 15.1722 ], [ 99.8833, 15.174 ], [ 99.8966, 15.1883 ], [ 99.8928, 15.2095 ], [ 99.9109, 15.2143 ], [ 99.9297, 15.2347 ], [ 99.9409, 15.2393 ], [ 99.9324, 15.2432 ], [ 99.9354, 15.2566 ], [ 99.9308, 15.2612 ], [ 99.9393, 15.2687 ], [ 99.9246, 15.28 ], [ 99.9357, 15.2848 ], [ 99.922, 15.2977 ], [ 99.9579, 15.3068 ], [ 99.9608, 15.3012 ], [ 99.9717, 15.2997 ], [ 100.0027, 15.3021 ], [ 100.0113, 15.3004 ], [ 100.0205, 15.2915 ], [ 100.038, 15.2914 ], [ 100.0481, 15.2648 ], [ 100.0584, 15.2638 ], [ 100.0649, 15.257 ], [ 100.0581, 15.2476 ], [ 100.0754, 15.2218 ], [ 100.068, 15.2115 ], [ 100.0682, 15.2021 ], [ 100.0569, 15.194 ], [ 100.0544, 15.1837 ], [ 100.055, 15.1795 ], [ 100.0508, 15.1667 ], [ 100.055, 15.16 ], [ 100.0432, 15.1353 ], [ 100.0388, 15.1457 ], [ 100.0255, 15.1483 ], [ 100.0152, 15.1565 ], [ 100.0002, 15.1609 ], [ 99.9696, 15.1522 ], [ 99.9387, 15.1332 ] ] ] } },
{ "type": "Feature", "properties": { "id": "AMP_0185", "name": "บ้านด่านลานหอย" }, "geometry": { "type": "Polygon", "coordinates": [ [ [ 99.5428, 16.8593 ], [ 99.5432, 16.8437 ], [ 99.5314, 16.825 ], [ 99.5131, 16.8697 ], [ 99.5152, 16.8903 ], [ 99.4922, 16.9067 ], [ 99.4888, 16.9135 ], [ 99.4701, 16.901 ], [ 99.4625, 16.8817 ], [ 99.448, 16.8901 ], [ 99.4465, 16.9156 ], [ 99.4531, 16.9389 ], [ 99.445, 16.9463 ], [ 99.4453, 16.9612 ], [ 99.4326, 16.9801 ], [ 99.4161, 17.0183 ], [ 99.3973, 17.0226 ], [ 99.3926, 17.0304 ], [ 99.3936, 17.0546 ], [ 99.3872, 17.0705 ], [ 99.3935, 17.0828 ], [ 99.3851, 17.0825 ], [ 99.3703, 17.0976 ], [ 99.3642, 17.0924 ], [ 99.3547, 17.0956 ], [ 99.3392, 17.0934 ], [ 99.3223, 17.112 ], [ 99.3206, 17.1271 ], [ 99.3299, 17.1374 ], [ 99.3144, 17.1446 ], [ 99.3188, 17.1573 ], [ 99.3119, 17.1891 ], [ 99.3183, 17.2144 ], [ 99.3137, 17.2191 ], [ 99.3192, 17.2266 ], [ 99.3211, 17.2438 ], [ 99.3162, 17.2694 ], [ 99.3403, 17.2673 ], [ 99.3466, 17.2561 ], [ 99.3586, 17.2485 ], [ 99.3729, 17.2128 ], [ 99.3931, 17.2064 ], [ 99.4009, 17.2206 ], [ 99.4194, 17.2188 ], [ 99.4188, 17.2266 ], [ 99.4274, 17.232 ], [ 99.4386, 17.2296 ], [ 99.4455, 17.2429 ], [ 99.4412, 17.2521 ], [ 99.4495, 17.2504 ], [ 99.4557, 17.2545 ], [ 99.4605, 17.25 ], [ 99.4598, 17.2433 ], [ 99.464, 17.2241 ], [ 99.4815, 17.2025 ], [ 99.4957, 17.1981 ], [ 99.5143, 17.1986 ], [ 99.5231, 17.194 ], [ 99.5318, 17.1758 ], [ 99.5406, 17.1681 ], [ 99.5555, 17.1607 ], [ 99.5625, 17.1625 ], [ 99.5679, 17.156 ], [ 99.581, 17.1547 ], [ 99.5978, 17.1253 ], [ 99.6311, 17.1252 ], [ 99.6394, 17.0923 ], [ 99.6351, 17.0693 ], [ 99.6411, 17.0638 ], [ 99.6333, 17.0547 ], [ 99.6222, 17.0133 ], [ 99.6227, 16.9872 ], [ 99.6145, 16.9802 ], [ 99.6187, 16.9631 ], [ 99.6198, 16.9223 ], [ 99.6085, 16.9092 ], [ 99.6227, 16.9071 ], [ 99.632, 16.8827 ], [ 99.63, 16.8767 ], [ 99.6236, 16.8691 ], [ 99.6113, 16.8685 ], [ 99.603, 16.8519 ], [ 99.5767, 16.8281 ], [ 99.5713, 16.8593 ], [ 99.5609, 16.8602 ], [ 99.5683, 16.8531 ], [ 99.5484, 16.8629 ], [ 99.5428, 16.8593 ] ] ] } },
{ "type": "Feature", "properties": { "id": "AMP_0186", "name": "เมืองชัยนาท" }, "geometry": { "type": "Polygon", "coordinates": [ [ [ 100.1686, 15.1508 ], [ 100.1785, 15.128 ], [ 100.1846, 15.1259 ], [ 100.1823, 15.121 ], [ 100.1855, 15.117 ], [ 100.1766, 15.1068 ], [ 100.1578, 15.1168 ], [ 100.153, 15.108 ], [ 100.1422, 15.1081 ], [ 100.1389, 15.1015 ], [ 100.1289, 15.0952 ], [ 100.1187, 15.1033 ], [ 100.106, 15.1089 ], [ 100.0915, 15.0865 ], [ 100.0747, 15.087 ], [ 100.0466, 15.1089 ], [ 100.0462, 15.1188 ], [ 100.0415, 15.1236 ], [ 100.0432, 15.1353 ], [ 100.055, 15.16 ], [ 100.0508, 15.1667 ], [ 100.055, 15.1795 ], [ 100.0544, 15.1837 ], [ 100.0569, 15.194 ], [ 100.0682, 15.2021 ], [ 100.068, 15.2115 ], [ 100.0754, 15.2218 ], [ 100.0581, 15.2476 ], [ 100.0649, 15.257 ], [ 100.0584, 15.2638 ], [ 100.0568, 15.2685 ], [ 100.0725, 15.2646 ], [ 100.0823, 15.2725 ], [ 100.1077, 15.2749 ], [ 100.1204, 15.2911 ], [ 100.1306, 15.2891 ], [ 100.1324, 15.2818 ], [ 100.1422, 15.2797 ], [ 100.158, 15.2631 ], [ 100.1546, 15.2462 ], [ 100.1732, 15.2451 ], [ 100.2098, 15.247 ], [ 100.2413, 15.2608 ], [ 100.2598, 15.2616 ], [ 100.2661, 15.2685 ], [ 100.2698, 15.2553 ], [ 100.2782, 15.2486 ], [ 100.2749, 15.2244 ], [ 100.2901, 15.2191 ], [ 100.2935, 15.2065 ], [ 100.286, 15.2043 ], [ 100.276, 15.208 ], [ 100.2451, 15.23 ], [ 100.2224, 15.2219 ], [ 100.2109, 15.229 ], [ 100.2019, 15.2204 ], [ 100.1788, 15.2228 ], [ 100.1799, 15.2102 ], [ 100.1715, 15.172 ], [ 100.1767, 15.1574 ], [ 100.171, 15.1542 ], [ 100.1686, 15.1508 ] ] ] } },
{ "type": "Feature", "properties": { "id": "AMP_0187", "name": "เนินขาม" }, "geometry": { "type": "Polygon", "coordinates": [ [ [ 99.7741, 14.9512 ], [ 99.7635, 14.9623 ], [ 99.7486, 14.9595 ], [ 99.7311, 14.9637 ], [ 99.7196, 14.9762 ], [ 99.7255, 14.9895 ], [ 99.7399, 15.0013 ], [ 99.7385, 15.0053 ], [ 99.7692, 15.0234 ], [ 99.7698, 15.0386 ], [ 99.7765, 15.0532 ], [ 99.7729, 15.0586 ], [ 99.7909, 15.0865 ], [ 99.7894, 15.0994 ], [ 99.7675, 15.1297 ], [ 99.7707, 15.1408 ], [ 99.8038, 15.0977 ], [ 99.8128, 15.0939 ], [ 99.8177, 15.0786 ], [ 99.8446, 15.0517 ], [ 99.8421, 15.0467 ], [ 99.8534, 15.0399 ], [ 99.8651, 15.0246 ], [ 99.8762, 15.0229 ], [ 99.9076, 14.9966 ], [ 99.9483, 14.9887 ], [ 99.9491, 14.9692 ], [ 99.9566, 14.9601 ], [ 99.9532, 14.9564 ], [ 99.9648, 14.9412 ], [ 99.9532, 14.9361 ], [ 99.9495, 14.9107 ], [ 99.9297, 14.9078 ], [ 99.9098, 14.9145 ], [ 99.8828, 14.9124 ], [ 99.7741, 14.9512 ] ] ] } },
{ "type": "Feature", "properties": { "id": "AMP_0188", "name": "คอนสาร" }, "geometry": { "type": "Polygon", "coordinates": [ [ [ 102.0425, 16.5084 ], [ 102.0729, 16.5028 ], [ 102.0678, 16.4938 ], [ 102.0434, 16.4608 ], [ 102.0159, 16.4573 ], [ 101.9777, 16.4675 ], [ 101.9674, 16.4642 ], [ 101.9587, 16.4827 ], [ 101.9268, 16.4808 ], [ 101.9007, 16.4953 ], [ 101.8533, 16.4929 ], [ 101.837, 16.4799 ], [ 101.8141, 16.4784 ], [ 101.8093, 16.4668 ], [ 101.8103, 16.445 ], [ 101.8058, 16.4417 ], [ 101.7484, 16.4839 ], [ 101.7504, 16.463 ], [ 101.7443, 16.4592 ], [ 101.7317, 16.4644 ], [ 101.7267, 16.4558 ], [ 101.7228, 16.4683 ], [ 101.7054, 16.4683 ], [ 101.7021, 16.4569 ], [ 101.6812, 16.4509 ], [ 101.6757, 16.4397 ], [ 101.6758, 16.4227 ], [ 101.6697, 16.4282 ], [ 101.6554, 16.4261 ], [ 101.5844, 16.3937 ], [ 101.5692, 16.3796 ], [ 101.557, 16.3798 ], [ 101.5442, 16.3892 ], [ 101.5401, 16.3982 ], [ 101.5301, 16.3958 ], [ 101.5207, 16.4017 ], [ 101.5043, 16.4278 ], [ 101.4491, 16.4508 ], [ 101.4731, 16.4795 ], [ 101.4722, 16.4899 ], [ 101.4654, 16.4979 ], [ 101.465, 16.5126 ], [ 101.4723, 16.5291 ], [ 101.4836, 16.5243 ], [ 101.4967, 16.5389 ], [ 101.5051, 16.5387 ], [ 101.503, 16.5457 ], [ 101.5155, 16.5427 ], [ 101.5195, 16.5495 ], [ 101.5102, 16.5591 ], [ 101.5081, 16.5557 ], [ 101.4972, 16.5612 ], [ 101.5001, 16.6106 ], [ 101.5064, 16.6167 ], [ 101.5261, 16.6195 ], [ 101.509, 16.6554 ], [ 101.5136, 16.6728 ], [ 101.5106, 16.6769 ], [ 101.5134, 16.681 ], [ 101.527, 16.6794 ], [ 101.5379, 16.6661 ], [ 101.5472, 16.6683 ], [ 101.5613, 16.6495 ], [ 101.5719, 16.6483 ], [ 101.5777, 16.6727 ], [ 101.5712, 16.6922 ], [ 101.5626, 16.697 ], [ 101.554, 16.7116 ], [ 101.554, 16.7281 ], [ 101.5598, 16.7307 ], [ 101.5678, 16.7258 ], [ 101.5875, 16.7239 ], [ 101.5925, 16.7184 ], [ 101.5918, 16.7092 ], [ 101.6017, 16.7077 ], [ 101.6179, 16.6857 ], [ 101.6344, 16.6802 ], [ 101.6565, 16.6885 ], [ 101.6887, 16.6862 ], [ 101.6983, 16.6771 ], [ 101.7013, 16.6793 ], [ 101.7026, 16.6685 ], [ 101.7065, 16.6706 ], [ 101.7246, 16.6514 ], [ 101.7314, 16.6524 ], [ 101.7369, 16.6612 ], [ 101.7413, 16.6603 ], [ 101.7442, 16.6695 ], [ 101.7508, 16.668 ], [ 101.7539, 16.6523 ], [ 101.7641, 16.6554 ], [ 101.7783, 16.647 ], [ 101.7744, 16.6287 ], [ 101.8056, 16.6529 ], [ 101.8203, 16.6546 ], [ 101.8227, 16.6506 ], [ 101.8292, 16.6577 ], [ 101.8401, 16.6546 ], [ 101.8525, 16.6572 ], [ 101.8542, 16.6502 ], [ 101.8691, 16.6495 ], [ 101.8735, 16.6428 ], [ 101.8848, 16.645 ], [ 101.9028, 16.638 ], [ 101.9054, 16.6283 ], [ 101.9111, 16.6297 ], [ 101.9098, 16.6332 ], [ 101.9135, 16.6342 ], [ 101.9204, 16.6274 ], [ 101.92, 16.631 ], [ 101.9268, 16.634 ], [ 101.9368, 16.6321 ], [ 101.9391, 16.6364 ], [ 101.9556, 16.6309 ], [ 101.9513, 16.6231 ], [ 101.9543, 16.6225 ], [ 101.9563, 16.6167 ], [ 101.9584, 16.62 ], [ 101.9644, 16.6149 ], [ 101.9673, 16.6187 ], [ 101.9698, 16.6111 ], [ 101.9723, 16.6148 ], [ 101.9777, 16.6102 ], [ 101.9756, 16.6045 ], [ 101.9836, 16.5959 ], [ 101.9796, 16.5924 ], [ 101.9835, 16.5903 ], [ 101.9779, 16.5877 ], [ 101.984, 16.5831 ], [ 101.9924, 16.5847 ], [ 101.9887, 16.5817 ], [ 101.9923, 16.5784 ], [ 101.9875, 16.5777 ], [ 101.9889, 16.5665 ], [ 101.9948, 16.5619 ], [ 101.9984, 16.5652 ], [ 102.0065, 16.5579 ], [ 102.0191, 16.5597 ], [ 102.0222, 16.5559 ], [ 102.0236, 16.5587 ], [ 102.0243, 16.5451 ], [ 102.0324, 16.5417 ], [ 102.028, 16.5409 ], [ 102.0338, 16.5321 ], [ 102.03, 16.5254 ], [ 102.0425, 16.5084 ] ] ] } },
{ "type": "Feature", "properties": { "id": "AMP_0189", "name": "ภักดีชุมพล" }, "geometry": { "type": "Polygon", "coordinates": [ [ [ 101.418, 15.7563 ], [ 101.4059, 15.7366 ], [ 101.3903, 15.7452 ], [ 101.3806, 15.7369 ], [ 101.3484, 15.7504 ], [ 101.3406, 15.7563 ], [ 101.3354, 15.7539 ], [ 101.3392, 15.7674 ], [ 101.332, 15.7735 ], [ 101.3337, 15.7777 ], [ 101.3284, 15.7854 ], [ 101.3172, 15.7898 ], [ 101.3313, 15.8035 ], [ 101.3266, 15.8068 ], [ 101.332, 15.83 ], [ 101.3245, 15.8329 ], [ 101.3316, 15.8505 ], [ 101.3267, 15.8519 ], [ 101.3324, 15.8811 ], [ 101.3405, 15.8884 ], [ 101.3525, 15.8886 ], [ 101.3626, 15.9077 ], [ 101.369, 15.9102 ], [ 101.3743, 15.9195 ], [ 101.3608, 15.9229 ], [ 101.3637, 15.9317 ], [ 101.37, 15.9393 ], [ 101.3739, 15.9685 ], [ 101.3581, 15.9632 ], [ 101.3473, 15.9827 ], [ 101.3372, 15.9917 ], [ 101.3434, 16.0019 ], [ 101.3414, 16.0125 ], [ 101.3305, 16.0232 ], [ 101.3301, 16.0342 ], [ 101.3229, 16.041 ], [ 101.3299, 16.0541 ], [ 101.3253, 16.0613 ], [ 101.3309, 16.0762 ], [ 101.3377, 16.1119 ], [ 101.3354, 16.1184 ], [ 101.3446, 16.1433 ], [ 101.3408, 16.1537 ], [ 101.3542, 16.165 ], [ 101.3561, 16.1742 ], [ 101.3625, 16.1767 ], [ 101.3632, 16.1856 ], [ 101.3775, 16.1871 ], [ 101.3788, 16.1791 ], [ 101.3867, 16.1783 ], [ 101.3845, 16.1734 ], [ 101.3894, 16.1714 ], [ 101.4025, 16.1561 ], [ 101.3991, 16.1512 ], [ 101.402, 16.1419 ], [ 101.4138, 16.1359 ], [ 101.4147, 16.1276 ], [ 101.4232, 16.1218 ], [ 101.4309, 16.1186 ], [ 101.4345, 16.1301 ], [ 101.4444, 16.1247 ], [ 101.4679, 16.1223 ], [ 101.4718, 16.1055 ], [ 101.4797, 16.1025 ], [ 101.4836, 16.0953 ], [ 101.4836, 16.087 ], [ 101.4976, 16.0684 ], [ 101.5055, 16.0649 ], [ 101.5029, 16.0353 ], [ 101.4991, 16.0314 ], [ 101.5084, 16.0057 ], [ 101.5233, 16.0076 ], [ 101.5204, 16.0008 ], [ 101.5264, 15.9965 ], [ 101.5222, 15.9898 ], [ 101.5288, 15.9718 ], [ 101.5351, 15.96 ], [ 101.5487, 15.9491 ], [ 101.5332, 15.9461 ], [ 101.4932, 15.9672 ], [ 101.4759, 15.9556 ], [ 101.4604, 15.9285 ], [ 101.4555, 15.9164 ], [ 101.4543, 15.8882 ], [ 101.4521, 15.8742 ], [ 101.4346, 15.8499 ], [ 101.4279, 15.8315 ], [ 101.418, 15.7563 ] ] ] } },
{ "type": "Feature", "properties": { "id": "AMP_0190", "name": "บ้านแท่น" }, "geometry": { "type": "Polygon", "coordinates": [ [ [ 102.4115, 16.2704 ], [ 102.4144, 16.2513 ], [ 102.3662, 16.2856 ], [ 102.3467, 16.2866 ], [ 102.339, 16.2907 ], [ 102.3344, 16.3058 ], [ 102.3236, 16.3128 ], [ 102.3189, 16.3338 ], [ 102.3063, 16.3717 ], [ 102.2493, 16.3755 ], [ 102.2373, 16.3726 ], [ 102.2224, 16.3831 ], [ 102.2238, 16.4165 ], [ 102.2406, 16.4376 ], [ 102.2355, 16.45 ], [ 102.2398, 16.4562 ], [ 102.2346, 16.4714 ], [ 102.2284, 16.4775 ], [ 102.2169, 16.4791 ], [ 102.2056, 16.4987 ], [ 102.2134, 16.5012 ], [ 102.2278, 16.4843 ], [ 102.2347, 16.4863 ], [ 102.2408, 16.481 ], [ 102.2434, 16.4702 ], [ 102.2563, 16.4667 ], [ 102.2552, 16.4612 ], [ 102.2642, 16.4619 ], [ 102.2689, 16.4558 ], [ 102.276, 16.4558 ], [ 102.2782, 16.4605 ], [ 102.2778, 16.4569 ], [ 102.2891, 16.454 ], [ 102.2933, 16.4461 ], [ 102.3004, 16.4452 ], [ 102.3002, 16.448 ], [ 102.3175, 16.4561 ], [ 102.3186, 16.4461 ], [ 102.324, 16.4455 ], [ 102.3426, 16.4464 ], [ 102.3501, 16.4522 ], [ 102.3577, 16.4484 ], [ 102.3646, 16.4529 ], [ 102.3679, 16.4479 ], [ 102.3653, 16.4384 ], [ 102.3732, 16.4364 ], [ 102.3824, 16.4455 ], [ 102.3836, 16.4421 ], [ 102.3982, 16.4469 ], [ 102.3944, 16.4549 ], [ 102.3976, 16.4577 ], [ 102.3943, 16.4597 ], [ 102.3989, 16.4597 ], [ 102.3963, 16.4664 ], [ 102.4028, 16.466 ], [ 102.4042, 16.4603 ], [ 102.4098, 16.4623 ], [ 102.4056, 16.4412 ], [ 102.4129, 16.4285 ], [ 102.428, 16.4135 ], [ 102.4422, 16.4088 ], [ 102.4485, 16.3976 ], [ 102.4594, 16.3942 ], [ 102.4474, 16.3785 ], [ 102.446, 16.353 ], [ 102.4363, 16.3363 ], [ 102.4373, 16.3287 ], [ 102.4247, 16.3112 ], [ 102.4115, 16.2704 ] ] ] } },
{ "type": "Feature", "properties": { "id": "AMP_0191", "name": "แก้งคร้อ" }, "geometry": { "type": "Polygon", "coordinates": [ [ [ 102.1874, 15.9914 ], [ 102.1707, 15.9817 ], [ 102.1437, 15.9804 ], [ 102.124, 15.9831 ], [ 102.0855, 16.0019 ], [ 102.0954, 16.011 ], [ 102.094, 16.0326 ], [ 102.0631, 16.02 ], [ 102.0446, 16.0269 ], [ 102.0394, 16.0208 ], [ 102.0372, 16.0279 ], [ 102.0478, 16.0418 ], [ 102.0516, 16.0554 ], [ 102.0406, 16.0667 ], [ 102.0495, 16.0745 ], [ 102.0777, 16.0735 ], [ 102.0835, 16.0859 ], [ 102.0718, 16.0957 ], [ 102.0759, 16.1102 ], [ 102.0852, 16.1138 ], [ 102.0847, 16.1357 ], [ 102.0671, 16.1548 ], [ 102.0635, 16.1709 ], [ 102.0737, 16.1772 ], [ 102.0739, 16.1835 ], [ 102.0834, 16.185 ], [ 102.086, 16.1918 ], [ 102.1025, 16.1999 ], [ 102.1094, 16.2119 ], [ 102.124, 16.2151 ], [ 102.1356, 16.2149 ], [ 102.1522, 16.2007 ], [ 102.1782, 16.1878 ], [ 102.1961, 16.192 ], [ 102.2045, 16.2063 ], [ 102.2173, 16.2184 ], [ 102.2322, 16.2241 ], [ 102.2408, 16.2356 ], [ 102.2853, 16.2365 ], [ 102.2924, 16.2504 ], [ 102.3231, 16.2664 ], [ 102.3467, 16.2866 ], [ 102.3662, 16.2856 ], [ 102.4144, 16.2513 ], [ 102.4032, 16.2428 ], [ 102.3454, 16.1602 ], [ 102.3272, 16.13 ], [ 102.2885, 16.0913 ], [ 102.2803, 16.0759 ], [ 102.2809, 16.0724 ], [ 102.2704, 16.0726 ], [ 102.2424, 16.0531 ], [ 102.1874, 15.9914 ] ] ] } },
{ "type": "Feature", "properties": { "id": "AMP_0192", "name": "ภูเขียว" }, "geometry": { "type": "Polygon", "coordinates": [ [ [ 102.2408, 16.2356 ], [ 102.2322, 16.2241 ], [ 102.2173, 16.2184 ], [ 102.2045, 16.2063 ], [ 102.1961, 16.192 ], [ 102.1782, 16.1878 ], [ 102.1522, 16.2007 ], [ 102.1356, 16.2149 ], [ 102.124, 16.2151 ], [ 102.1094, 16.2119 ], [ 102.1025, 16.1999 ], [ 102.086, 16.1918 ], [ 102.084, 16.2109 ], [ 102.0513, 16.252 ], [ 102.0812, 16.251 ], [ 102.0924, 16.256 ], [ 102.0788, 16.2706 ], [ 102.076, 16.2798 ], [ 102.0645, 16.2876 ], [ 102.061, 16.3293 ], [ 102.0464, 16.3438 ], [ 102.0479, 16.3576 ], [ 102.0404, 16.3665 ], [ 102.036, 16.3644 ], [ 102.0372, 16.3737 ], [ 102.0294, 16.3723 ], [ 102.0278, 16.3767 ], [ 102.0204, 16.3707 ], [ 102.0142, 16.3739 ], [ 102.0089, 16.3697 ], [ 101.9965, 16.3878 ], [ 101.9976, 16.4028 ], [ 101.9873, 16.4134 ], [ 101.9674, 16.4642 ], [ 101.9777, 16.4675 ], [ 102.0159, 16.4573 ], [ 102.0434, 16.4608 ], [ 102.0678, 16.4938 ], [ 102.0752, 16.4925 ], [ 102.079, 16.4964 ], [ 102.085, 16.492 ], [ 102.0942, 16.498 ], [ 102.0995, 16.4941 ], [ 102.1056, 16.4974 ], [ 102.1248, 16.4948 ], [ 102.1342, 16.4954 ], [ 102.1412, 16.5031 ], [ 102.1487, 16.4985 ], [ 102.1583, 16.5036 ], [ 102.1573, 16.4982 ], [ 102.165, 16.501 ], [ 102.1633, 16.4975 ], [ 102.1701, 16.4969 ], [ 102.1728, 16.4911 ], [ 102.1831, 16.5064 ], [ 102.1917, 16.4986 ], [ 102.1985, 16.5042 ], [ 102.2059, 16.5033 ], [ 102.2048, 16.4994 ], [ 102.2169, 16.4791 ], [ 102.2284, 16.4775 ], [ 102.2346, 16.4714 ], [ 102.2398, 16.4562 ], [ 102.2355, 16.45 ], [ 102.2406, 16.4376 ], [ 102.2238, 16.4165 ], [ 102.2224, 16.3831 ], [ 102.2373, 16.3726 ], [ 102.2493, 16.3755 ], [ 102.3063, 16.3717 ], [ 102.3189, 16.3338 ], [ 102.3236, 16.3128 ], [ 102.3344, 16.3058 ], [ 102.339, 16.2907 ], [ 102.3467, 16.2866 ], [ 102.3231, 16.2664 ], [ 102.2924, 16.2504 ], [ 102.2853, 16.2365 ], [ 102.2408, 16.2356 ] ] ] } },
{ "type": "Feature", "properties": { "id": "AMP_0193", "name": "หนองบัวระเหว" }, "geometry": { "type": "Polygon", "coordinates": [ [ [ 101.7492, 15.6916 ], [ 101.7423, 15.6884 ], [ 101.7366, 15.6729 ], [ 101.7161, 15.67 ], [ 101.7076, 15.6819 ], [ 101.7096, 15.6874 ], [ 101.6932, 15.6864 ], [ 101.6877, 15.691 ], [ 101.674, 15.685 ], [ 101.653, 15.6922 ], [ 101.6409, 15.6849 ], [ 101.6281, 15.6832 ], [ 101.6277, 15.6976 ], [ 101.6206, 15.7139 ], [ 101.6392, 15.7278 ], [ 101.6324, 15.7351 ], [ 101.6214, 15.7365 ], [ 101.6094, 15.7485 ], [ 101.6049, 15.7456 ], [ 101.5996, 15.7513 ], [ 101.5916, 15.7543 ], [ 101.5774, 15.7709 ], [ 101.5623, 15.7668 ], [ 101.5573, 15.7715 ], [ 101.5407, 15.7721 ], [ 101.5318, 15.7807 ], [ 101.5323, 15.7854 ], [ 101.5103, 15.7959 ], [ 101.5079, 15.8165 ], [ 101.5013, 15.818 ], [ 101.4996, 15.8296 ], [ 101.5091, 15.8323 ], [ 101.5077, 15.8373 ], [ 101.5152, 15.8452 ], [ 101.5125, 15.8552 ], [ 101.4966, 15.866 ], [ 101.4862, 15.8796 ], [ 101.4543, 15.8882 ], [ 101.4555, 15.9164 ], [ 101.4604, 15.9285 ], [ 101.4759, 15.9556 ], [ 101.4932, 15.9672 ], [ 101.5332, 15.9461 ], [ 101.5487, 15.9491 ], [ 101.5461, 15.9658 ], [ 101.5538, 15.9746 ], [ 101.6506, 15.979 ], [ 101.6708, 15.9717 ], [ 101.6844, 15.9539 ], [ 101.6912, 15.953 ], [ 101.702, 15.9424 ], [ 101.701, 15.9179 ], [ 101.7068, 15.9177 ], [ 101.7085, 15.9086 ], [ 101.7004, 15.9019 ], [ 101.7177, 15.8966 ], [ 101.7028, 15.8968 ], [ 101.699, 15.8898 ], [ 101.71, 15.881 ], [ 101.7077, 15.8753 ], [ 101.7122, 15.8675 ], [ 101.719, 15.866 ], [ 101.7168, 15.8553 ], [ 101.7201, 15.8505 ], [ 101.7292, 15.8589 ], [ 101.7338, 15.8573 ], [ 101.7302, 15.8542 ], [ 101.7321, 15.8428 ], [ 101.7365, 15.841 ], [ 101.7424, 15.8466 ], [ 101.7454, 15.8409 ], [ 101.7409, 15.8422 ], [ 101.7334, 15.8359 ], [ 101.734, 15.8327 ], [ 101.7439, 15.8326 ], [ 101.7381, 15.8255 ], [ 101.7442, 15.8104 ], [ 101.7601, 15.8043 ], [ 101.7621, 15.795 ], [ 101.7709, 15.8035 ], [ 101.7855, 15.7997 ], [ 101.7881, 15.7896 ], [ 101.7963, 15.7705 ], [ 101.8086, 15.7766 ], [ 101.8184, 15.7703 ], [ 101.8165, 15.7478 ], [ 101.7985, 15.7388 ], [ 101.7548, 15.7044 ], [ 101.7492, 15.6916 ] ] ] } },
{ "type": "Feature", "properties": { "id": "AMP_0194", "name": "เทพสถิต" }, "geometry": { "type": "Polygon", "coordinates": [ [ [ 101.5622, 15.3737 ], [ 101.5226, 15.3738 ], [ 101.4961, 15.3564 ], [ 101.4848, 15.3591 ], [ 101.4768, 15.3676 ], [ 101.4688, 15.3676 ], [ 101.4553, 15.3572 ], [ 101.4549, 15.3457 ], [ 101.4443, 15.3529 ], [ 101.4144, 15.3319 ], [ 101.3825, 15.3332 ], [ 101.3808, 15.3403 ], [ 101.3853, 15.3476 ], [ 101.3797, 15.3457 ], [ 101.3755, 15.3768 ], [ 101.381, 15.3879 ], [ 101.3775, 15.3992 ], [ 101.3784, 15.4404 ], [ 101.3859, 15.4707 ], [ 101.3744, 15.5415 ], [ 101.3713, 15.5854 ], [ 101.3945, 15.679 ], [ 101.4001, 15.7234 ], [ 101.4059, 15.7366 ], [ 101.418, 15.7563 ], [ 101.4279, 15.8315 ], [ 101.4346, 15.8499 ], [ 101.4521, 15.8742 ], [ 101.4543, 15.8882 ], [ 101.4862, 15.8796 ], [ 101.4966, 15.866 ], [ 101.5125, 15.8552 ], [ 101.5152, 15.8452 ], [ 101.5077, 15.8373 ], [ 101.5091, 15.8323 ], [ 101.4996, 15.8296 ], [ 101.5013, 15.818 ], [ 101.5079, 15.8165 ], [ 101.5103, 15.7959 ], [ 101.5323, 15.7854 ], [ 101.5318, 15.7807 ], [ 101.5407, 15.7721 ], [ 101.5573, 15.7715 ], [ 101.5623, 15.7668 ], [ 101.5774, 15.7709 ], [ 101.5916, 15.7543 ], [ 101.5996, 15.7513 ], [ 101.6049, 15.7456 ], [ 101.6094, 15.7485 ], [ 101.6214, 15.7365 ], [ 101.6324, 15.7351 ], [ 101.6392, 15.7278 ], [ 101.6206, 15.7139 ], [ 101.6277, 15.6976 ], [ 101.6281, 15.6832 ], [ 101.617, 15.6768 ], [ 101.6127, 15.6813 ], [ 101.6066, 15.6749 ], [ 101.5966, 15.6756 ], [ 101.5906, 15.6652 ], [ 101.5929, 15.6497 ], [ 101.5836, 15.6413 ], [ 101.5784, 15.6448 ], [ 101.5788, 15.6353 ], [ 101.5738, 15.6367 ], [ 101.5709, 15.6329 ], [ 101.5675, 15.6365 ], [ 101.5647, 15.6314 ], [ 101.546, 15.6287 ], [ 101.5302, 15.62 ], [ 101.5119, 15.628 ], [ 101.497, 15.6289 ], [ 101.5042, 15.6017 ], [ 101.5016, 15.5945 ], [ 101.5262, 15.5898 ], [ 101.5404, 15.5687 ], [ 101.5254, 15.5693 ], [ 101.5137, 15.5621 ], [ 101.5256, 15.5455 ], [ 101.5094, 15.5317 ], [ 101.5046, 15.5187 ], [ 101.5254, 15.5017 ], [ 101.5167, 15.4942 ], [ 101.5185, 15.4874 ], [ 101.538, 15.4716 ], [ 101.5435, 15.459 ], [ 101.5535, 15.4579 ], [ 101.5563, 15.4498 ], [ 101.5764, 15.4366 ], [ 101.5811, 15.4245 ], [ 101.5845, 15.427 ], [ 101.589, 15.4182 ], [ 101.5839, 15.4169 ], [ 101.5799, 15.4076 ], [ 101.5574, 15.4094 ], [ 101.5556, 15.4055 ], [ 101.5437, 15.4028 ], [ 101.5622, 15.3737 ] ] ] } },
{ "type": "Feature", "properties": { "id": "AMP_0195", "name": "จัตุรัส" }, "geometry": { "type": "Polygon", "coordinates": [ [ [ 101.8962, 15.4044 ], [ 101.8774, 15.3914 ], [ 101.8407, 15.4123 ], [ 101.8225, 15.4081 ], [ 101.8076, 15.4132 ], [ 101.7996, 15.4233 ], [ 101.8092, 15.4354 ], [ 101.8089, 15.442 ], [ 101.7817, 15.4654 ], [ 101.7767, 15.4815 ], [ 101.7595, 15.4991 ], [ 101.7388, 15.5105 ], [ 101.7282, 15.5389 ], [ 101.7066, 15.5644 ], [ 101.7117, 15.5753 ], [ 101.7237, 15.5827 ], [ 101.7264, 15.5963 ], [ 101.7345, 15.6049 ], [ 101.7321, 15.6313 ], [ 101.7422, 15.6437 ], [ 101.7381, 15.6552 ], [ 101.7366, 15.6729 ], [ 101.7423, 15.6884 ], [ 101.7492, 15.6916 ], [ 101.7548, 15.7044 ], [ 101.7985, 15.7388 ], [ 101.8165, 15.7478 ], [ 101.8213, 15.7453 ], [ 101.8166, 15.7416 ], [ 101.8257, 15.7395 ], [ 101.8287, 15.7334 ], [ 101.8366, 15.7413 ], [ 101.8424, 15.7311 ], [ 101.8464, 15.7384 ], [ 101.8442, 15.7269 ], [ 101.8556, 15.7255 ], [ 101.8542, 15.7169 ], [ 101.8593, 15.7111 ], [ 101.8756, 15.7071 ], [ 101.8837, 15.6951 ], [ 101.8913, 15.6948 ], [ 101.8949, 15.6873 ], [ 101.8983, 15.689 ], [ 101.9005, 15.6783 ], [ 101.9062, 15.6785 ], [ 101.9053, 15.6683 ], [ 101.9186, 15.6663 ], [ 101.9241, 15.6582 ], [ 101.9395, 15.6637 ], [ 101.9432, 15.6705 ], [ 101.946, 15.6676 ], [ 101.9475, 15.6727 ], [ 101.9507, 15.672 ], [ 101.9465, 15.6788 ], [ 101.9551, 15.6764 ], [ 101.9567, 15.68 ], [ 101.9588, 15.6767 ], [ 101.9662, 15.6881 ], [ 101.9692, 15.6833 ], [ 101.9724, 15.6889 ], [ 101.9737, 15.6851 ], [ 101.9795, 15.6911 ], [ 101.9814, 15.6857 ], [ 101.9868, 15.685 ], [ 101.9916, 15.6897 ], [ 101.9909, 15.6687 ], [ 101.9771, 15.627 ], [ 101.9789, 15.6177 ], [ 101.964, 15.6038 ], [ 101.9512, 15.6053 ], [ 101.938, 15.5955 ], [ 101.9248, 15.5716 ], [ 101.9235, 15.5399 ], [ 101.9199, 15.5176 ], [ 101.9143, 15.4987 ], [ 101.9234, 15.4676 ], [ 101.9331, 15.4565 ], [ 101.9253, 15.4429 ], [ 101.9121, 15.4341 ], [ 101.9063, 15.4192 ], [ 101.8962, 15.4044 ] ] ] } },
{ "type": "Feature", "properties": { "id": "AMP_0196", "name": "บำเหน็จณรงค์" }, "geometry": { "type": "Polygon", "coordinates": [ [ [ 101.6514, 15.4012 ], [ 101.6187, 15.3641 ], [ 101.597, 15.3789 ], [ 101.5866, 15.3741 ], [ 101.5622, 15.3737 ], [ 101.5437, 15.4028 ], [ 101.5556, 15.4055 ], [ 101.5574, 15.4094 ], [ 101.5799, 15.4076 ], [ 101.5839, 15.4169 ], [ 101.589, 15.4182 ], [ 101.5845, 15.427 ], [ 101.5811, 15.4245 ], [ 101.5764, 15.4366 ], [ 101.5563, 15.4498 ], [ 101.5535, 15.4579 ], [ 101.5435, 15.459 ], [ 101.538, 15.4716 ], [ 101.5185, 15.4874 ], [ 101.5167, 15.4942 ], [ 101.5254, 15.5017 ], [ 101.5046, 15.5187 ], [ 101.5094, 15.5317 ], [ 101.5256, 15.5455 ], [ 101.5137, 15.5621 ], [ 101.5254, 15.5693 ], [ 101.5404, 15.5687 ], [ 101.5522, 15.5652 ], [ 101.5681, 15.5699 ], [ 101.5868, 15.5636 ], [ 101.5939, 15.5661 ], [ 101.6086, 15.5554 ], [ 101.6153, 15.5584 ], [ 101.6211, 15.5512 ], [ 101.6338, 15.5478 ], [ 101.6478, 15.5502 ], [ 101.6652, 15.5387 ], [ 101.6835, 15.5434 ], [ 101.7132, 15.5405 ], [ 101.7251, 15.5416 ], [ 101.7282, 15.5389 ], [ 101.7388, 15.5105 ], [ 101.7595, 15.4991 ], [ 101.7767, 15.4815 ], [ 101.7817, 15.4654 ], [ 101.8089, 15.442 ], [ 101.8092, 15.4354 ], [ 101.7996, 15.4233 ], [ 101.7852, 15.3898 ], [ 101.7639, 15.3811 ], [ 101.7201, 15.3859 ], [ 101.6877, 15.3862 ], [ 101.6666, 15.3927 ], [ 101.6514, 15.4012 ] ] ] } },
{ "type": "Feature", "properties": { "id": "AMP_0197", "name": "เกษตรสมบูรณ์" }, "geometry": { "type": "Polygon", "coordinates": [ [ [ 101.9749, 16.1066 ], [ 101.9649, 16.0991 ], [ 101.9465, 16.0544 ], [ 101.9461, 16.0433 ], [ 101.9419, 16.0378 ], [ 101.9328, 16.0364 ], [ 101.9203, 16.0267 ], [ 101.9069, 16.027 ], [ 101.8709, 16.0525 ], [ 101.8505, 16.0507 ], [ 101.8253, 16.0864 ], [ 101.8445, 16.1443 ], [ 101.8378, 16.1547 ], [ 101.8174, 16.1638 ], [ 101.849, 16.1968 ], [ 101.8579, 16.2234 ], [ 101.8492, 16.2605 ], [ 101.8486, 16.2792 ], [ 101.8203, 16.3165 ], [ 101.754, 16.3639 ], [ 101.7365, 16.3827 ], [ 101.7242, 16.4048 ], [ 101.7081, 16.4196 ], [ 101.6889, 16.4308 ], [ 101.6758, 16.4227 ], [ 101.6757, 16.4397 ], [ 101.6812, 16.4509 ], [ 101.7021, 16.4569 ], [ 101.7054, 16.4683 ], [ 101.7228, 16.4683 ], [ 101.7267, 16.4558 ], [ 101.7317, 16.4644 ], [ 101.7443, 16.4592 ], [ 101.7504, 16.463 ], [ 101.7484, 16.4839 ], [ 101.8058, 16.4417 ], [ 101.8103, 16.445 ], [ 101.8093, 16.4668 ], [ 101.8141, 16.4784 ], [ 101.837, 16.4799 ], [ 101.8533, 16.4929 ], [ 101.9007, 16.4953 ], [ 101.9268, 16.4808 ], [ 101.9587, 16.4827 ], [ 101.9873, 16.4134 ], [ 101.9976, 16.4028 ], [ 101.9965, 16.3878 ], [ 102.0089, 16.3697 ], [ 102.0142, 16.3739 ], [ 102.0204, 16.3707 ], [ 102.0278, 16.3767 ], [ 102.0294, 16.3723 ], [ 102.0372, 16.3737 ], [ 102.036, 16.3644 ], [ 102.0404, 16.3665 ], [ 102.0479, 16.3576 ], [ 102.0464, 16.3438 ], [ 102.061, 16.3293 ], [ 102.0645, 16.2876 ], [ 102.076, 16.2798 ], [ 102.0788, 16.2706 ], [ 102.0924, 16.256 ], [ 102.0812, 16.251 ], [ 102.0513, 16.252 ], [ 102.0476, 16.245 ], [ 102.0255, 16.2515 ], [ 102.0287, 16.1936 ], [ 102.0163, 16.2009 ], [ 101.994, 16.2053 ], [ 101.9914, 16.1943 ], [ 102.0021, 16.1507 ], [ 101.9769, 16.1271 ], [ 101.9903, 16.11 ], [ 101.9749, 16.1066 ] ] ] } },
{ "type": "Feature", "properties": { "id": "AMP_0198", "name": "หนองบัวแดง" }, "geometry": { "type": "Polygon", "coordinates": [ [ [ 101.7139, 15.9724 ], [ 101.6983, 15.9656 ], [ 101.6912, 15.953 ], [ 101.6844, 15.9539 ], [ 101.6708, 15.9717 ], [ 101.6506, 15.979 ], [ 101.5538, 15.9746 ], [ 101.5461, 15.9658 ], [ 101.5487, 15.9491 ], [ 101.5351, 15.96 ], [ 101.5288, 15.9718 ], [ 101.5222, 15.9898 ], [ 101.5264, 15.9965 ], [ 101.5204, 16.0008 ], [ 101.5233, 16.0076 ], [ 101.5084, 16.0057 ], [ 101.4991, 16.0314 ], [ 101.5029, 16.0353 ], [ 101.5055, 16.0649 ], [ 101.4976, 16.0684 ], [ 101.4836, 16.087 ], [ 101.4836, 16.0953 ], [ 101.4797, 16.1025 ], [ 101.4718, 16.1055 ], [ 101.4679, 16.1223 ], [ 101.4444, 16.1247 ], [ 101.4345, 16.1301 ], [ 101.4309, 16.1186 ], [ 101.4147, 16.1276 ], [ 101.4138, 16.1359 ], [ 101.402, 16.1419 ], [ 101.3991, 16.1512 ], [ 101.4025, 16.1561 ], [ 101.3894, 16.1714 ], [ 101.3845, 16.1734 ], [ 101.3867, 16.1783 ], [ 101.3788, 16.1791 ], [ 101.3724, 16.2049 ], [ 101.3743, 16.215 ], [ 101.3676, 16.2249 ], [ 101.372, 16.2438 ], [ 101.3643, 16.246 ], [ 101.3534, 16.2601 ], [ 101.3576, 16.2692 ], [ 101.3696, 16.2756 ], [ 101.3668, 16.2932 ], [ 101.3786, 16.3173 ], [ 101.377, 16.3472 ], [ 101.3814, 16.3598 ], [ 101.3919, 16.3661 ], [ 101.3921, 16.3732 ], [ 101.406, 16.3786 ], [ 101.4085, 16.3837 ], [ 101.4078, 16.392 ], [ 101.3984, 16.4008 ], [ 101.4104, 16.4116 ], [ 101.4173, 16.4112 ], [ 101.4178, 16.4234 ], [ 101.4282, 16.4331 ], [ 101.4431, 16.4385 ], [ 101.4491, 16.4508 ], [ 101.5043, 16.4278 ], [ 101.5207, 16.4017 ], [ 101.5301, 16.3958 ], [ 101.5401, 16.3982 ], [ 101.5442, 16.3892 ], [ 101.557, 16.3798 ], [ 101.5692, 16.3796 ], [ 101.5844, 16.3937 ], [ 101.6554, 16.4261 ], [ 101.6697, 16.4282 ], [ 101.6758, 16.4227 ], [ 101.6889, 16.4308 ], [ 101.7081, 16.4196 ], [ 101.7242, 16.4048 ], [ 101.7365, 16.3827 ], [ 101.754, 16.3639 ], [ 101.8203, 16.3165 ], [ 101.8312, 16.3034 ], [ 101.8486, 16.2792 ], [ 101.8492, 16.2605 ], [ 101.8579, 16.2234 ], [ 101.849, 16.1968 ], [ 101.8174, 16.1638 ], [ 101.8378, 16.1547 ], [ 101.8445, 16.1443 ], [ 101.8253, 16.0864 ], [ 101.8505, 16.0507 ], [ 101.8709, 16.0525 ], [ 101.9069, 16.027 ], [ 101.9203, 16.0267 ], [ 101.9115, 16.019 ], [ 101.9022, 16.0007 ], [ 101.8786, 16.0002 ], [ 101.793, 15.9752 ], [ 101.7139, 15.9724 ] ] ] } },
{ "type": "Feature", "properties": { "id": "AMP_0199", "name": "ภูเรือ" }, "geometry": { "type": "Polygon", "coordinates": [ [ [ 101.4619, 17.2827 ], [ 101.4505, 17.2775 ], [ 101.4306, 17.2598 ], [ 101.4147, 17.264 ], [ 101.3924, 17.2575 ], [ 101.3852, 17.2596 ], [ 101.3648, 17.2914 ], [ 101.3334, 17.3097 ], [ 101.2931, 17.3077 ], [ 101.2818, 17.3121 ], [ 101.2749, 17.3188 ], [ 101.2824, 17.3428 ], [ 101.2953, 17.3509 ], [ 101.2772, 17.3689 ], [ 101.2777, 17.3735 ], [ 101.2808, 17.372 ], [ 101.2865, 17.3779 ], [ 101.2716, 17.3906 ], [ 101.2712, 17.3961 ], [ 101.2782, 17.3995 ], [ 101.2709, 17.4034 ], [ 101.2703, 17.4098 ], [ 101.2759, 17.4109 ], [ 101.2686, 17.4178 ], [ 101.2782, 17.4235 ], [ 101.2655, 17.4341 ], [ 101.2675, 17.4384 ], [ 101.2576, 17.438 ], [ 101.2589, 17.4451 ], [ 101.2714, 17.4534 ], [ 101.2673, 17.4556 ], [ 101.2695, 17.4629 ], [ 101.2629, 17.4782 ], [ 101.2651, 17.495 ], [ 101.2578, 17.498 ], [ 101.2592, 17.5023 ], [ 101.2536, 17.5067 ], [ 101.2329, 17.5129 ], [ 101.2402, 17.5232 ], [ 101.2282, 17.5267 ], [ 101.2245, 17.5341 ], [ 101.2302, 17.5372 ], [ 101.2322, 17.5545 ], [ 101.2414, 17.5532 ], [ 101.2474, 17.5619 ], [ 101.2738, 17.568 ], [ 101.2887, 17.5603 ], [ 101.2899, 17.5515 ], [ 101.3026, 17.5425 ], [ 101.3115, 17.5369 ], [ 101.3207, 17.5378 ], [ 101.3448, 17.5232 ], [ 101.3448, 17.5143 ], [ 101.3526, 17.4965 ], [ 101.3705, 17.4867 ], [ 101.3914, 17.4881 ], [ 101.4283, 17.4815 ], [ 101.4451, 17.4713 ], [ 101.4572, 17.4876 ], [ 101.4719, 17.4977 ], [ 101.4813, 17.4985 ], [ 101.4859, 17.5106 ], [ 101.4953, 17.497 ], [ 101.5017, 17.5023 ], [ 101.5196, 17.4943 ], [ 101.5209, 17.4884 ], [ 101.5192, 17.4856 ], [ 101.529, 17.4796 ], [ 101.5272, 17.4719 ], [ 101.5358, 17.4633 ], [ 101.5319, 17.4529 ], [ 101.5358, 17.4399 ], [ 101.527, 17.4362 ], [ 101.5172, 17.4097 ], [ 101.5249, 17.3964 ], [ 101.5082, 17.3633 ], [ 101.5239, 17.3334 ], [ 101.5374, 17.3186 ], [ 101.5269, 17.3 ], [ 101.527, 17.2824 ], [ 101.5315, 17.2748 ], [ 101.5154, 17.2756 ], [ 101.4878, 17.286 ], [ 101.4721, 17.28 ], [ 101.4619, 17.2827 ] ] ] } },
{ "type": "Feature", "properties": { "id": "AMP_0200", "name": "ท่าลี่" }, "geometry": { "type": "Polygon", "coordinates": [ [ [ 101.4953, 17.497 ], [ 101.4859, 17.5106 ], [ 101.4813, 17.4985 ], [ 101.4719, 17.4977 ], [ 101.4572, 17.4876 ], [ 101.4451, 17.4713 ], [ 101.4283, 17.4815 ], [ 101.3914, 17.4881 ], [ 101.3705, 17.4867 ], [ 101.3526, 17.4965 ], [ 101.3448, 17.5143 ], [ 101.3448, 17.5232 ], [ 101.3207, 17.5378 ], [ 101.3115, 17.5369 ], [ 101.3026, 17.5425 ], [ 101.2899, 17.5515 ], [ 101.2887, 17.5603 ], [ 101.2738, 17.568 ], [ 101.2474, 17.5619 ], [ 101.249, 17.5786 ], [ 101.2581, 17.5869 ], [ 101.2594, 17.5981 ], [ 101.2742, 17.6108 ], [ 101.2803, 17.6081 ], [ 101.2978, 17.6329 ], [ 101.3072, 17.6322 ], [ 101.3108, 17.6371 ], [ 101.3062, 17.651 ], [ 101.346, 17.6592 ], [ 101.3614, 17.6814 ], [ 101.3776, 17.6824 ], [ 101.3818, 17.698 ], [ 101.3969, 17.6908 ], [ 101.4009, 17.6825 ], [ 101.4086, 17.6895 ], [ 101.4067, 17.7019 ], [ 101.4307, 17.7157 ], [ 101.4212, 17.7238 ], [ 101.4017, 17.7236 ], [ 101.3979, 17.7307 ], [ 101.4071, 17.7362 ], [ 101.417, 17.7349 ], [ 101.4192, 17.7302 ], [ 101.4237, 17.7378 ], [ 101.437, 17.7313 ], [ 101.4421, 17.7336 ], [ 101.4462, 17.7288 ], [ 101.4549, 17.7462 ], [ 101.4663, 17.7492 ], [ 101.4638, 17.7546 ], [ 101.4837, 17.7598 ], [ 101.4836, 17.7549 ], [ 101.4753, 17.7484 ], [ 101.481, 17.7433 ], [ 101.4904, 17.7461 ], [ 101.4846, 17.7274 ], [ 101.4904, 17.724 ], [ 101.4947, 17.7406 ], [ 101.5027, 17.745 ], [ 101.4972, 17.7549 ], [ 101.5038, 17.7549 ], [ 101.522, 17.7768 ], [ 101.5266, 17.7637 ], [ 101.5498, 17.7554 ], [ 101.5539, 17.7469 ], [ 101.5741, 17.7399 ], [ 101.5801, 17.7149 ], [ 101.5888, 17.7077 ], [ 101.5925, 17.684 ], [ 101.5872, 17.6731 ], [ 101.5895, 17.6686 ], [ 101.5789, 17.6608 ], [ 101.5746, 17.6475 ], [ 101.5753, 17.6316 ], [ 101.5575, 17.6137 ], [ 101.5486, 17.5921 ], [ 101.5388, 17.5875 ], [ 101.5337, 17.5553 ], [ 101.5197, 17.5369 ], [ 101.5129, 17.5337 ], [ 101.5017, 17.5023 ], [ 101.4953, 17.497 ] ] ] } },
{ "type": "Feature", "properties": { "id": "AMP_0201", "name": "วชิรบารมี" }, "geometry": { "type": "Polygon", "coordinates": [ [ [ 100.1885, 16.5128 ], [ 100.1686, 16.4986 ], [ 100.1639, 16.472 ], [ 100.1691, 16.4624 ], [ 100.1733, 16.4476 ], [ 100.1614, 16.4505 ], [ 100.1172, 16.4478 ], [ 100.1043, 16.4412 ], [ 100.0911, 16.439 ], [ 100.0552, 16.4495 ], [ 100.0365, 16.4424 ], [ 100.003, 16.4379 ], [ 100.0, 16.45 ], [ 100.0034, 16.4582 ], [ 100.0347, 16.5022 ], [ 100.025, 16.5201 ], [ 100.0106, 16.5219 ], [ 100.0123, 16.5396 ], [ 100.0114, 16.5543 ], [ 100.0126, 16.5751 ], [ 100.0343, 16.5833 ], [ 100.0471, 16.5712 ], [ 100.0738, 16.5781 ], [ 100.0899, 16.5884 ], [ 100.0861, 16.5968 ], [ 100.0976, 16.6067 ], [ 100.1035, 16.6052 ], [ 100.1058, 16.6098 ], [ 100.1187, 16.6141 ], [ 100.1294, 16.6105 ], [ 100.1462, 16.5956 ], [ 100.1669, 16.5889 ], [ 100.161, 16.5716 ], [ 100.1792, 16.567 ], [ 100.1766, 16.5627 ], [ 100.1859, 16.543 ], [ 100.1919, 16.5444 ], [ 100.197, 16.5377 ], [ 100.1876, 16.5327 ], [ 100.1885, 16.5128 ] ] ] } },
{ "type": "Feature", "properties": { "id": "AMP_0202", "name": "ด่านซ้าย" }, "geometry": { "type": "Polygon", "coordinates": [ [ [ 101.1162, 17.0195 ], [ 101.1114, 17.0055 ], [ 101.1181, 16.978 ], [ 101.116, 16.9318 ], [ 101.1068, 16.9073 ], [ 101.0922, 16.9003 ], [ 101.0668, 16.9021 ], [ 101.0717, 16.9237 ], [ 101.0538, 16.9306 ], [ 101.0385, 16.9297 ], [ 101.0281, 16.938 ], [ 101.0285, 16.9445 ], [ 101.0457, 16.9537 ], [ 101.0521, 16.953 ], [ 101.0446, 16.9666 ], [ 101.0493, 16.9745 ], [ 101.0426, 16.9845 ], [ 101.046, 16.9867 ], [ 101.047, 17.0012 ], [ 101.0563, 17.017 ], [ 101.0536, 17.0253 ], [ 101.0584, 17.0477 ], [ 101.0563, 17.0706 ], [ 101.0501, 17.0778 ], [ 101.0569, 17.0905 ], [ 101.0512, 17.0961 ], [ 101.0566, 17.105 ], [ 101.0519, 17.1152 ], [ 101.0621, 17.1122 ], [ 101.0707, 17.1154 ], [ 101.0727, 17.1292 ], [ 101.0792, 17.1382 ], [ 101.0783, 17.173 ], [ 101.0815, 17.1898 ], [ 101.1079, 17.2151 ], [ 101.11, 17.2265 ], [ 101.1094, 17.2344 ], [ 101.0931, 17.253 ], [ 101.0826, 17.2732 ], [ 101.0833, 17.2798 ], [ 101.0962, 17.2943 ], [ 101.1144, 17.3046 ], [ 101.1187, 17.3135 ], [ 101.1234, 17.3314 ], [ 101.1125, 17.3682 ], [ 101.1164, 17.3764 ], [ 101.1044, 17.393 ], [ 101.1149, 17.4257 ], [ 101.1073, 17.4659 ], [ 101.1125, 17.4719 ], [ 101.1086, 17.4893 ], [ 101.1135, 17.4782 ], [ 101.1218, 17.4839 ], [ 101.136, 17.4829 ], [ 101.1296, 17.4801 ], [ 101.1314, 17.4728 ], [ 101.1458, 17.4783 ], [ 101.1511, 17.4658 ], [ 101.164, 17.4692 ], [ 101.1677, 17.4808 ], [ 101.1624, 17.483 ], [ 101.1627, 17.4913 ], [ 101.1783, 17.4958 ], [ 101.1835, 17.5025 ], [ 101.1795, 17.5029 ], [ 101.1765, 17.5253 ], [ 101.1889, 17.5309 ], [ 101.2245, 17.5341 ], [ 101.2282, 17.5267 ], [ 101.2402, 17.5232 ], [ 101.2329, 17.5129 ], [ 101.2536, 17.5067 ], [ 101.2592, 17.5023 ], [ 101.2578, 17.498 ], [ 101.2651, 17.495 ], [ 101.2629, 17.4782 ], [ 101.2695, 17.4629 ], [ 101.2673, 17.4556 ], [ 101.2714, 17.4534 ], [ 101.2589, 17.4451 ], [ 101.2576, 17.438 ], [ 101.2675, 17.4384 ], [ 101.2655, 17.4341 ], [ 101.2782, 17.4235 ], [ 101.2686, 17.4178 ], [ 101.2759, 17.4109 ], [ 101.2703, 17.4098 ], [ 101.2709, 17.4034 ], [ 101.2782, 17.3995 ], [ 101.2712, 17.3961 ], [ 101.2716, 17.3906 ], [ 101.2865, 17.3779 ], [ 101.2808, 17.372 ], [ 101.2777, 17.3735 ], [ 101.2772, 17.3689 ], [ 101.2953, 17.3509 ], [ 101.2824, 17.3428 ], [ 101.2749, 17.3188 ], [ 101.2818, 17.3121 ], [ 101.2931, 17.3077 ], [ 101.3334, 17.3097 ], [ 101.3648, 17.2914 ], [ 101.3852, 17.2596 ], [ 101.3924, 17.2575 ], [ 101.4147, 17.264 ], [ 101.4306, 17.2598 ], [ 101.4505, 17.2775 ], [ 101.4619, 17.2827 ], [ 101.4721, 17.28 ], [ 101.4785, 17.2659 ], [ 101.4729, 17.2601 ], [ 101.4787, 17.2567 ], [ 101.4724, 17.2113 ], [ 101.4666, 17.2034 ], [ 101.4726, 17.1786 ], [ 101.4697, 17.1725 ], [ 101.4737, 17.1574 ], [ 101.471, 17.1277 ], [ 101.4756, 17.1267 ], [ 101.4742, 17.1224 ], [ 101.4782, 17.1211 ], [ 101.4746, 17.1179 ], [ 101.4803, 17.1104 ], [ 101.4759, 17.1055 ], [ 101.4751, 17.0889 ], [ 101.459, 17.0987 ], [ 101.4615, 17.106 ], [ 101.452, 17.1234 ], [ 101.4512, 17.1421 ], [ 101.3976, 17.178 ], [ 101.3818, 17.1697 ], [ 101.3523, 17.1679 ], [ 101.3186, 17.1365 ], [ 101.3074, 17.1297 ], [ 101.3051, 17.1159 ], [ 101.2789, 17.0977 ], [ 101.2733, 17.0957 ], [ 101.2501, 17.1119 ], [ 101.2433, 17.1088 ], [ 101.2355, 17.0954 ], [ 101.2232, 17.0854 ], [ 101.2292, 17.0678 ], [ 101.2219, 17.0597 ], [ 101.2062, 17.0682 ], [ 101.1879, 17.0647 ], [ 101.1725, 17.0524 ], [ 101.1694, 17.0387 ], [ 101.1256, 17.026 ], [ 101.1162, 17.0195 ] ] ] } },
{ "type": "Feature", "properties": { "id": "AMP_0203", "name": "นาแห้ว" }, "geometry": { "type": "Polygon", "coordinates": [ [ [ 101.1164, 17.3764 ], [ 101.1125, 17.3682 ], [ 101.1234, 17.3314 ], [ 101.1187, 17.3135 ], [ 101.1144, 17.3046 ], [ 101.0962, 17.2943 ], [ 101.0833, 17.2798 ], [ 101.05, 17.284 ], [ 101.0234, 17.3122 ], [ 101.0111, 17.3154 ], [ 101.0065, 17.3341 ], [ 100.9923, 17.3413 ], [ 100.9872, 17.3386 ], [ 100.97, 17.3414 ], [ 100.9547, 17.3357 ], [ 100.9451, 17.3411 ], [ 100.9394, 17.3359 ], [ 100.9292, 17.3357 ], [ 100.9141, 17.3425 ], [ 100.9166, 17.3953 ], [ 100.9183, 17.4018 ], [ 100.9231, 17.4028 ], [ 100.9241, 17.4205 ], [ 100.9212, 17.4314 ], [ 100.9147, 17.4352 ], [ 100.9161, 17.4517 ], [ 100.9008, 17.4571 ], [ 100.8945, 17.4654 ], [ 100.8752, 17.4494 ], [ 100.864, 17.4537 ], [ 100.8562, 17.451 ], [ 100.8349, 17.4684 ], [ 100.8336, 17.4813 ], [ 100.8446, 17.4894 ], [ 100.8452, 17.5032 ], [ 100.8652, 17.5165 ], [ 100.8727, 17.5289 ], [ 100.8608, 17.5453 ], [ 100.8678, 17.567 ], [ 100.8808, 17.5846 ], [ 100.9031, 17.5933 ], [ 100.9092, 17.5841 ], [ 100.918, 17.5813 ], [ 100.9154, 17.576 ], [ 100.9278, 17.5695 ], [ 100.9639, 17.5744 ], [ 100.9668, 17.5709 ], [ 100.9737, 17.5683 ], [ 100.9783, 17.5713 ], [ 100.9841, 17.5659 ], [ 100.997, 17.5635 ], [ 101.0031, 17.5565 ], [ 101.0234, 17.5575 ], [ 101.0236, 17.5518 ], [ 101.0371, 17.5464 ], [ 101.0396, 17.5413 ], [ 101.045, 17.5453 ], [ 101.0469, 17.5296 ], [ 101.0603, 17.5269 ], [ 101.0611, 17.5123 ], [ 101.0647, 17.5149 ], [ 101.0802, 17.5025 ], [ 101.1024, 17.5086 ], [ 101.0958, 17.5048 ], [ 101.0999, 17.5014 ], [ 101.0939, 17.4959 ], [ 101.1086, 17.4893 ], [ 101.1125, 17.4719 ], [ 101.1073, 17.4659 ], [ 101.1149, 17.4257 ], [ 101.1044, 17.393 ], [ 101.1164, 17.3764 ] ] ] } },
{ "type": "Feature", "properties": { "id": "AMP_0204", "name": "บึงนาราง" }, "geometry": { "type": "Polygon", "coordinates": [ [ [ 100.162, 16.1063 ], [ 100.1346, 16.096 ], [ 100.1289, 16.0706 ], [ 100.1144, 16.0791 ], [ 100.0963, 16.0946 ], [ 100.0949, 16.111 ], [ 100.0774, 16.1249 ], [ 100.0856, 16.1435 ], [ 100.0768, 16.1473 ], [ 100.0756, 16.1631 ], [ 100.0631, 16.1596 ], [ 100.0555, 16.1673 ], [ 100.0443, 16.1684 ], [ 100.0386, 16.1774 ], [ 100.0376, 16.1825 ], [ 100.0253, 16.1918 ], [ 100.0461, 16.2075 ], [ 100.0212, 16.2516 ], [ 100.0285, 16.2704 ], [ 100.0356, 16.2688 ], [ 100.0403, 16.2753 ], [ 100.0598, 16.2621 ], [ 100.0861, 16.2637 ], [ 100.1031, 16.2551 ], [ 100.1159, 16.2552 ], [ 100.1251, 16.2473 ], [ 100.152, 16.2432 ], [ 100.1888, 16.2495 ], [ 100.2137, 16.2452 ], [ 100.2446, 16.2439 ], [ 100.2458, 16.2372 ], [ 100.252, 16.2362 ], [ 100.2606, 16.241 ], [ 100.2642, 16.2346 ], [ 100.2607, 16.226 ], [ 100.2541, 16.2265 ], [ 100.2529, 16.2209 ], [ 100.2591, 16.2013 ], [ 100.2531, 16.1936 ], [ 100.2581, 16.1893 ], [ 100.2608, 16.1787 ], [ 100.2503, 16.1784 ], [ 100.2547, 16.158 ], [ 100.2453, 16.1574 ], [ 100.2301, 16.17 ], [ 100.2232, 16.1902 ], [ 100.1974, 16.1896 ], [ 100.1832, 16.1806 ], [ 100.182, 16.1611 ], [ 100.1759, 16.147 ], [ 100.174, 16.1518 ], [ 100.171, 16.1476 ], [ 100.162, 16.1063 ] ] ] } },
{ "type": "Feature", "properties": { "id": "AMP_0205", "name": "เชียงคาน" }, "geometry": { "type": "Polygon", "coordinates": [ [ [ 101.8553, 17.7935 ], [ 101.8631, 17.7793 ], [ 101.864, 17.7673 ], [ 101.8829, 17.7678 ], [ 101.8795, 17.7599 ], [ 101.8742, 17.759 ], [ 101.8786, 17.7435 ], [ 101.8984, 17.7367 ], [ 101.9011, 17.7289 ], [ 101.8752, 17.7179 ], [ 101.8596, 17.6947 ], [ 101.8392, 17.6773 ], [ 101.8259, 17.6774 ], [ 101.8071, 17.6867 ], [ 101.7871, 17.6792 ], [ 101.7823, 17.688 ], [ 101.764, 17.6893 ], [ 101.7551, 17.6848 ], [ 101.7457, 17.6895 ], [ 101.7436, 17.6844 ], [ 101.7412, 17.6883 ], [ 101.7359, 17.6859 ], [ 101.7252, 17.7035 ], [ 101.7207, 17.6998 ], [ 101.7145, 17.7025 ], [ 101.7088, 17.7237 ], [ 101.703, 17.7167 ], [ 101.6987, 17.7219 ], [ 101.6941, 17.7175 ], [ 101.6823, 17.7207 ], [ 101.6767, 17.7241 ], [ 101.6559, 17.7218 ], [ 101.6405, 17.7251 ], [ 101.6335, 17.7217 ], [ 101.6329, 17.7137 ], [ 101.6277, 17.7104 ], [ 101.6059, 17.7079 ], [ 101.6063, 17.6918 ], [ 101.5925, 17.684 ], [ 101.5888, 17.7077 ], [ 101.5801, 17.7149 ], [ 101.5741, 17.7399 ], [ 101.5539, 17.7469 ], [ 101.5498, 17.7554 ], [ 101.5266, 17.7637 ], [ 101.522, 17.7768 ], [ 101.5377, 17.775 ], [ 101.5508, 17.7892 ], [ 101.5741, 17.7851 ], [ 101.5667, 17.8027 ], [ 101.5599, 17.8086 ], [ 101.5518, 17.8089 ], [ 101.5517, 17.8204 ], [ 101.565, 17.841 ], [ 101.569, 17.8627 ], [ 101.5743, 17.8696 ], [ 101.581, 17.8654 ], [ 101.5876, 17.8505 ], [ 101.593, 17.8496 ], [ 101.6028, 17.8568 ], [ 101.6163, 17.8936 ], [ 101.6501, 17.8959 ], [ 101.6932, 17.9125 ], [ 101.7019, 17.9116 ], [ 101.71, 17.9025 ], [ 101.7323, 17.922 ], [ 101.7284, 17.9481 ], [ 101.7431, 17.9757 ], [ 101.7445, 17.9913 ], [ 101.7529, 18.0021 ], [ 101.757, 18.0361 ], [ 101.7662, 18.0542 ], [ 101.7785, 18.0656 ], [ 101.7803, 18.0532 ], [ 101.7957, 18.0479 ], [ 101.7922, 18.0265 ], [ 101.8018, 18.0226 ], [ 101.8077, 18.008 ], [ 101.8185, 18.0024 ], [ 101.8288, 18.0072 ], [ 101.832, 18.0001 ], [ 101.8484, 18.0023 ], [ 101.8457, 17.9953 ], [ 101.8564, 17.987 ], [ 101.8553, 17.9786 ], [ 101.843, 17.9658 ], [ 101.8435, 17.9555 ], [ 101.8498, 17.9506 ], [ 101.8449, 17.9298 ], [ 101.8484, 17.9257 ], [ 101.8404, 17.9076 ], [ 101.8533, 17.8903 ], [ 101.8376, 17.8679 ], [ 101.8458, 17.8588 ], [ 101.8439, 17.8526 ], [ 101.8529, 17.8472 ], [ 101.8487, 17.8287 ], [ 101.8601, 17.8058 ], [ 101.8553, 17.7935 ] ] ] } },
{ "type": "Feature", "properties": { "id": "AMP_0206", "name": "ดงเจริญ" }, "geometry": { "type": "Polygon", "coordinates": [ [ [ 100.5469, 15.9267 ], [ 100.5363, 15.924 ], [ 100.5287, 15.9366 ], [ 100.5212, 15.9403 ], [ 100.5038, 15.9376 ], [ 100.4997, 15.978 ], [ 100.492, 16.0011 ], [ 100.4945, 16.0073 ], [ 100.5108, 15.9992 ], [ 100.5309, 16.0112 ], [ 100.5325, 16.0158 ], [ 100.5211, 16.0165 ], [ 100.5405, 16.0499 ], [ 100.5436, 16.079 ], [ 100.5544, 16.0789 ], [ 100.5719, 16.0699 ], [ 100.579, 16.0714 ], [ 100.5884, 16.0644 ], [ 100.6047, 16.063 ], [ 100.6111, 16.0667 ], [ 100.6175, 16.0615 ], [ 100.631, 16.0605 ], [ 100.6428, 16.0514 ], [ 100.6353, 16.0457 ], [ 100.6568, 16.0477 ], [ 100.6686, 16.0303 ], [ 100.7271, 16.0224 ], [ 100.7441, 16.012 ], [ 100.7603, 16.0095 ], [ 100.7689, 16.0038 ], [ 100.7692, 15.9985 ], [ 100.7821, 15.994 ], [ 100.7841, 15.9811 ], [ 100.778, 15.9661 ], [ 100.7911, 15.9583 ], [ 100.799, 15.9363 ], [ 100.7809, 15.9351 ], [ 100.7729, 15.9292 ], [ 100.7664, 15.9314 ], [ 100.7677, 15.9356 ], [ 100.7561, 15.9425 ], [ 100.7504, 15.9693 ], [ 100.7378, 15.9893 ], [ 100.7023, 15.9893 ], [ 100.6824, 15.9998 ], [ 100.6544, 16.0067 ], [ 100.626, 16.0027 ], [ 100.6168, 15.9834 ], [ 100.5755, 15.9542 ], [ 100.5469, 15.9267 ] ] ] } },
{ "type": "Feature", "properties": { "id": "AMP_0207", "name": "ปากชม" }, "geometry": { "type": "Polygon", "coordinates": [ [ [ 102.0475, 17.8193 ], [ 102.0367, 17.8064 ], [ 102.0459, 17.7897 ], [ 102.0398, 17.7851 ], [ 102.0299, 17.786 ], [ 102.0234, 17.755 ], [ 102.0171, 17.7478 ], [ 102.0266, 17.708 ], [ 102.0265, 17.6794 ], [ 102.0326, 17.667 ], [ 102.0397, 17.6643 ], [ 102.0311, 17.6596 ], [ 102.0371, 17.6502 ], [ 102.0374, 17.64 ], [ 102.0306, 17.6362 ], [ 102.0209, 17.6356 ], [ 102.0106, 17.6432 ], [ 102.0043, 17.6385 ], [ 102.0041, 17.6438 ], [ 101.9961, 17.6459 ], [ 101.9916, 17.6529 ], [ 101.9832, 17.653 ], [ 101.9781, 17.6611 ], [ 101.9641, 17.6616 ], [ 101.9497, 17.6806 ], [ 101.9267, 17.6707 ], [ 101.9152, 17.654 ], [ 101.9077, 17.6804 ], [ 101.9131, 17.6987 ], [ 101.9008, 17.7059 ], [ 101.904, 17.7162 ], [ 101.8984, 17.7367 ], [ 101.8786, 17.7435 ], [ 101.8742, 17.759 ], [ 101.8795, 17.7599 ], [ 101.8829, 17.7678 ], [ 101.864, 17.7673 ], [ 101.8631, 17.7793 ], [ 101.8553, 17.7935 ], [ 101.8601, 17.8058 ], [ 101.8487, 17.8287 ], [ 101.8529, 17.8472 ], [ 101.8439, 17.8526 ], [ 101.8458, 17.8588 ], [ 101.8376, 17.8679 ], [ 101.8533, 17.8903 ], [ 101.8404, 17.9076 ], [ 101.8484, 17.9257 ], [ 101.8449, 17.9298 ], [ 101.8498, 17.9506 ], [ 101.8435, 17.9555 ], [ 101.843, 17.9658 ], [ 101.8553, 17.9786 ], [ 101.8564, 17.987 ], [ 101.8457, 17.9953 ], [ 101.8484, 18.0023 ], [ 101.832, 18.0001 ], [ 101.8288, 18.0072 ], [ 101.8185, 18.0024 ], [ 101.8077, 18.008 ], [ 101.8018, 18.0226 ], [ 101.7922, 18.0265 ], [ 101.7957, 18.0479 ], [ 101.7803, 18.0532 ], [ 101.7785, 18.0656 ], [ 101.7868, 18.0716 ], [ 101.7954, 18.0645 ], [ 101.8256, 18.0599 ], [ 101.8799, 18.0268 ], [ 101.9003, 18.0284 ], [ 101.9106, 18.0351 ], [ 101.9361, 18.0709 ], [ 101.9394, 18.0828 ], [ 101.9544, 18.0934 ], [ 101.9534, 18.1033 ], [ 101.9625, 18.1023 ], [ 101.9865, 18.1238 ], [ 101.9945, 18.1239 ], [ 102.0189, 18.1494 ], [ 102.0273, 18.151 ], [ 102.0347, 18.1613 ], [ 102.0462, 18.1993 ], [ 102.0865, 18.2196 ], [ 102.1056, 18.2132 ], [ 102.1008, 18.194 ], [ 102.1012, 18.1622 ], [ 102.0859, 18.1602 ], [ 102.0685, 18.144 ], [ 102.0618, 18.1014 ], [ 102.0567, 18.098 ], [ 102.0552, 18.0861 ], [ 102.0555, 18.0398 ], [ 102.0382, 18.0227 ], [ 102.0424, 17.9893 ], [ 102.026, 17.9912 ], [ 102.0178, 17.9828 ], [ 102.025, 17.9762 ], [ 102.0236, 17.9556 ], [ 102.0304, 17.9375 ], [ 102.041, 17.8941 ], [ 102.0383, 17.8847 ], [ 102.0514, 17.8698 ], [ 102.0484, 17.8538 ], [ 102.0517, 17.8487 ], [ 102.0475, 17.8193 ] ] ] } },
{ "type": "Feature", "properties": { "id": "AMP_0208", "name": "เมืองเลย" }, "geometry": { "type": "Polygon", "coordinates": [ [ [ 101.754, 17.3988 ], [ 101.7444, 17.3741 ], [ 101.7225, 17.3793 ], [ 101.711, 17.3775 ], [ 101.698, 17.3681 ], [ 101.6807, 17.3756 ], [ 101.6606, 17.3696 ], [ 101.6547, 17.3787 ], [ 101.6402, 17.3575 ], [ 101.6192, 17.3734 ], [ 101.6175, 17.3828 ], [ 101.5988, 17.3963 ], [ 101.5819, 17.4157 ], [ 101.5737, 17.4186 ], [ 101.5722, 17.432 ], [ 101.5625, 17.4461 ], [ 101.5489, 17.4495 ], [ 101.5358, 17.4399 ], [ 101.5319, 17.4529 ], [ 101.5358, 17.4633 ], [ 101.5272, 17.4719 ], [ 101.529, 17.4796 ], [ 101.5192, 17.4856 ], [ 101.5209, 17.4884 ], [ 101.5196, 17.4943 ], [ 101.5017, 17.5023 ], [ 101.5129, 17.5337 ], [ 101.5197, 17.5369 ], [ 101.5337, 17.5553 ], [ 101.5388, 17.5875 ], [ 101.5486, 17.5921 ], [ 101.5575, 17.6137 ], [ 101.5753, 17.6316 ], [ 101.5746, 17.6475 ], [ 101.5789, 17.6608 ], [ 101.5895, 17.6686 ], [ 101.5872, 17.6731 ], [ 101.5925, 17.684 ], [ 101.6063, 17.6918 ], [ 101.6059, 17.7079 ], [ 101.6277, 17.7104 ], [ 101.6329, 17.7137 ], [ 101.6335, 17.7217 ], [ 101.6405, 17.7251 ], [ 101.6559, 17.7218 ], [ 101.6767, 17.7241 ], [ 101.6823, 17.7207 ], [ 101.6941, 17.7175 ], [ 101.6987, 17.7219 ], [ 101.703, 17.7167 ], [ 101.7088, 17.7237 ], [ 101.7145, 17.7025 ], [ 101.7207, 17.6998 ], [ 101.7252, 17.7035 ], [ 101.7359, 17.6859 ], [ 101.7412, 17.6883 ], [ 101.7436, 17.6844 ], [ 101.7457, 17.6895 ], [ 101.7551, 17.6848 ], [ 101.764, 17.6893 ], [ 101.7823, 17.688 ], [ 101.7871, 17.6792 ], [ 101.8071, 17.6867 ], [ 101.8259, 17.6774 ], [ 101.8392, 17.6773 ], [ 101.8596, 17.6947 ], [ 101.8752, 17.7179 ], [ 101.9011, 17.7289 ], [ 101.904, 17.7162 ], [ 101.9008, 17.7059 ], [ 101.9131, 17.6987 ], [ 101.9077, 17.6804 ], [ 101.9152, 17.654 ], [ 101.9104, 17.6534 ], [ 101.9088, 17.6393 ], [ 101.8948, 17.6297 ], [ 101.8997, 17.6142 ], [ 101.8935, 17.609 ], [ 101.8795, 17.6079 ], [ 101.8761, 17.5975 ], [ 101.8679, 17.5922 ], [ 101.869, 17.5842 ], [ 101.8748, 17.5833 ], [ 101.8726, 17.5778 ], [ 101.8838, 17.5747 ], [ 101.894, 17.5641 ], [ 101.8966, 17.5493 ], [ 101.8834, 17.5394 ], [ 101.8924, 17.5225 ], [ 101.8781, 17.5021 ], [ 101.8878, 17.475 ], [ 101.9102, 17.4571 ], [ 101.8906, 17.4466 ], [ 101.9075, 17.4375 ], [ 101.9205, 17.4084 ], [ 101.8814, 17.4197 ], [ 101.8665, 17.4182 ], [ 101.8487, 17.4138 ], [ 101.8441, 17.4 ], [ 101.8342, 17.4066 ], [ 101.8344, 17.3919 ], [ 101.8005, 17.376 ], [ 101.7894, 17.3783 ], [ 101.7755, 17.3911 ], [ 101.7672, 17.3929 ], [ 101.7625, 17.4009 ], [ 101.754, 17.3988 ] ] ] } },
{ "type": "Feature", "properties": { "id": "AMP_0209", "name": "นาด้วง" }, "geometry": { "type": "Polygon", "coordinates": [ [ [ 101.9892, 17.4036 ], [ 101.9698, 17.3947 ], [ 101.9552, 17.3983 ], [ 101.9483, 17.4049 ], [ 101.9372, 17.4003 ], [ 101.9273, 17.4105 ], [ 101.9205, 17.4084 ], [ 101.9075, 17.4375 ], [ 101.8906, 17.4466 ], [ 101.9102, 17.4571 ], [ 101.8878, 17.475 ], [ 101.8781, 17.5021 ], [ 101.8924, 17.5225 ], [ 101.8834, 17.5394 ], [ 101.8966, 17.5493 ], [ 101.894, 17.5641 ], [ 101.8838, 17.5747 ], [ 101.8726, 17.5778 ], [ 101.8748, 17.5833 ], [ 101.869, 17.5842 ], [ 101.8679, 17.5922 ], [ 101.8761, 17.5975 ], [ 101.8795, 17.6079 ], [ 101.8935, 17.609 ], [ 101.8997, 17.6142 ], [ 101.8948, 17.6297 ], [ 101.9088, 17.6393 ], [ 101.9104, 17.6534 ], [ 101.9152, 17.654 ], [ 101.9267, 17.6707 ], [ 101.9497, 17.6806 ], [ 101.9641, 17.6616 ], [ 101.9781, 17.6611 ], [ 101.9832, 17.653 ], [ 101.9916, 17.6529 ], [ 101.9961, 17.6459 ], [ 102.0041, 17.6438 ], [ 102.0043, 17.6385 ], [ 102.0106, 17.6432 ], [ 102.0209, 17.6356 ], [ 102.0306, 17.6362 ], [ 102.0374, 17.64 ], [ 102.0371, 17.6502 ], [ 102.0458, 17.6496 ], [ 102.0593, 17.6571 ], [ 102.072, 17.6445 ], [ 102.0777, 17.6468 ], [ 102.0828, 17.635 ], [ 102.0958, 17.6157 ], [ 102.1058, 17.6083 ], [ 102.1149, 17.59 ], [ 102.116, 17.5766 ], [ 102.1344, 17.5595 ], [ 102.1335, 17.5421 ], [ 102.14, 17.5303 ], [ 102.1393, 17.5228 ], [ 102.1348, 17.5095 ], [ 102.126, 17.5093 ], [ 102.1286, 17.4922 ], [ 102.0962, 17.4722 ], [ 102.0917, 17.4643 ], [ 102.0521, 17.4495 ], [ 102.0324, 17.4589 ], [ 101.9989, 17.4564 ], [ 101.9919, 17.4595 ], [ 101.9846, 17.4427 ], [ 101.9931, 17.4195 ], [ 101.9849, 17.4149 ], [ 101.9892, 17.4036 ] ] ] } },
{ "type": "Feature", "properties": { "id": "AMP_0210", "name": "สากเหล็ก" }, "geometry": { "type": "Polygon", "coordinates": [ [ [ 100.5269, 16.4587 ], [ 100.5191, 16.4628 ], [ 100.4939, 16.462 ], [ 100.4748, 16.4671 ], [ 100.4614, 16.4598 ], [ 100.4503, 16.4606 ], [ 100.4478, 16.4551 ], [ 100.4354, 16.4532 ], [ 100.4266, 16.4352 ], [ 100.4215, 16.4331 ], [ 100.4086, 16.4719 ], [ 100.4097, 16.4867 ], [ 100.4127, 16.4973 ], [ 100.4356, 16.52 ], [ 100.4712, 16.5198 ], [ 100.4746, 16.5311 ], [ 100.4841, 16.5418 ], [ 100.4833, 16.5426 ], [ 100.5046, 16.5534 ], [ 100.5047, 16.5682 ], [ 100.5096, 16.5739 ], [ 100.5262, 16.5658 ], [ 100.5595, 16.572 ], [ 100.5758, 16.5856 ], [ 100.5803, 16.5759 ], [ 100.5776, 16.5231 ], [ 100.5874, 16.5203 ], [ 100.5829, 16.4888 ], [ 100.5851, 16.4716 ], [ 100.5683, 16.4598 ], [ 100.5639, 16.4584 ], [ 100.5548, 16.4657 ], [ 100.5475, 16.4604 ], [ 100.5304, 16.4627 ], [ 100.5269, 16.4587 ] ] ] } },
{ "type": "Feature", "properties": { "id": "AMP_0211", "name": "สามง่าม" }, "geometry": { "type": "Polygon", "coordinates": [ [ [ 100.1043, 16.4412 ], [ 100.1172, 16.4478 ], [ 100.1614, 16.4505 ], [ 100.1733, 16.4476 ], [ 100.1691, 16.4624 ], [ 100.1639, 16.472 ], [ 100.1686, 16.4986 ], [ 100.1885, 16.5128 ], [ 100.1876, 16.5327 ], [ 100.197, 16.5377 ], [ 100.1919, 16.5444 ], [ 100.1859, 16.543 ], [ 100.1766, 16.5627 ], [ 100.1792, 16.567 ], [ 100.161, 16.5716 ], [ 100.1669, 16.5889 ], [ 100.1858, 16.586 ], [ 100.1758, 16.5988 ], [ 100.1975, 16.6092 ], [ 100.1949, 16.62 ], [ 100.2009, 16.6177 ], [ 100.204, 16.6245 ], [ 100.1919, 16.6278 ], [ 100.1907, 16.6328 ], [ 100.1957, 16.6363 ], [ 100.1915, 16.6459 ], [ 100.2026, 16.6426 ], [ 100.2159, 16.6477 ], [ 100.2158, 16.6328 ], [ 100.2256, 16.6254 ], [ 100.2259, 16.6174 ], [ 100.2317, 16.6164 ], [ 100.2336, 16.5546 ], [ 100.2377, 16.5407 ], [ 100.2436, 16.532 ], [ 100.25, 16.5301 ], [ 100.2497, 16.4959 ], [ 100.2532, 16.4911 ], [ 100.2494, 16.4869 ], [ 100.2475, 16.4741 ], [ 100.2545, 16.4608 ], [ 100.2527, 16.4485 ], [ 100.2409, 16.4388 ], [ 100.242, 16.4274 ], [ 100.2353, 16.4174 ], [ 100.2168, 16.3992 ], [ 100.2183, 16.3891 ], [ 100.1685, 16.374 ], [ 100.1423, 16.3723 ], [ 100.1151, 16.3785 ], [ 100.0721, 16.3601 ], [ 100.0559, 16.3503 ], [ 100.0531, 16.3321 ], [ 100.0273, 16.3315 ], [ 100.0218, 16.3379 ], [ 100.0067, 16.3359 ], [ 99.9834, 16.3751 ], [ 99.994, 16.3874 ], [ 99.9971, 16.4195 ], [ 100.003, 16.4379 ], [ 100.0365, 16.4424 ], [ 100.0552, 16.4495 ], [ 100.0911, 16.439 ], [ 100.1043, 16.4412 ] ] ] } },
{ "type": "Feature", "properties": { "id": "AMP_0212", "name": "ทับคล้อ" }, "geometry": { "type": "Polygon", "coordinates": [ [ [ 100.5807, 16.2353 ], [ 100.581, 16.2406 ], [ 100.5763, 16.2493 ], [ 100.5274, 16.2428 ], [ 100.5128, 16.2367 ], [ 100.4868, 16.2381 ], [ 100.4758, 16.2539 ], [ 100.5203, 16.2992 ], [ 100.5225, 16.3031 ], [ 100.5421, 16.2944 ], [ 100.5618, 16.2939 ], [ 100.5844, 16.3073 ], [ 100.6052, 16.3088 ], [ 100.6116, 16.3169 ], [ 100.6249, 16.3176 ], [ 100.6344, 16.3273 ], [ 100.6526, 16.322 ], [ 100.6538, 16.3196 ], [ 100.649, 16.3082 ], [ 100.6501, 16.2975 ], [ 100.6628, 16.2678 ], [ 100.6716, 16.2573 ], [ 100.6763, 16.2626 ], [ 100.6733, 16.2562 ], [ 100.6686, 16.2548 ], [ 100.6692, 16.2505 ], [ 100.6775, 16.248 ], [ 100.6941, 16.2493 ], [ 100.7077, 16.2558 ], [ 100.7144, 16.2539 ], [ 100.7177, 16.2576 ], [ 100.7191, 16.2515 ], [ 100.7072, 16.2421 ], [ 100.6442, 16.14 ], [ 100.6546, 16.126 ], [ 100.6541, 16.1016 ], [ 100.6428, 16.0514 ], [ 100.631, 16.0605 ], [ 100.6175, 16.0615 ], [ 100.6111, 16.0667 ], [ 100.6047, 16.063 ], [ 100.5884, 16.0644 ], [ 100.579, 16.0714 ], [ 100.5719, 16.0699 ], [ 100.5544, 16.0789 ], [ 100.5436, 16.079 ], [ 100.5292, 16.0946 ], [ 100.5226, 16.0954 ], [ 100.5147, 16.1007 ], [ 100.5106, 16.1114 ], [ 100.5151, 16.1474 ], [ 100.5231, 16.1839 ], [ 100.5322, 16.1806 ], [ 100.5331, 16.1903 ], [ 100.5428, 16.201 ], [ 100.5321, 16.1976 ], [ 100.5315, 16.2036 ], [ 100.5405, 16.2128 ], [ 100.5667, 16.2222 ], [ 100.574, 16.2311 ], [ 100.5807, 16.2353 ] ] ] } },
{ "type": "Feature", "properties": { "id": "AMP_0213", "name": "พรหมพิราม" }, "geometry": { "type": "Polygon", "coordinates": [ [ [ 100.2173, 16.9423 ], [ 100.2259, 16.9425 ], [ 100.226, 16.9311 ], [ 100.2319, 16.9247 ], [ 100.2263, 16.919 ], [ 100.2321, 16.9133 ], [ 100.2151, 16.9146 ], [ 100.1808, 16.9383 ], [ 100.1641, 16.9401 ], [ 100.1448, 16.9285 ], [ 100.1381, 16.9297 ], [ 100.1325, 16.916 ], [ 100.1212, 16.9074 ], [ 100.1106, 16.9151 ], [ 100.1067, 16.9297 ], [ 100.1075, 16.9353 ], [ 100.1115, 16.9347 ], [ 100.1073, 16.9396 ], [ 100.1101, 16.9449 ], [ 100.1044, 16.9674 ], [ 100.0983, 16.9704 ], [ 100.1072, 16.9708 ], [ 100.1076, 16.9744 ], [ 100.1015, 16.9739 ], [ 100.1012, 16.9817 ], [ 100.096, 16.9836 ], [ 100.0937, 16.9927 ], [ 100.0873, 16.9884 ], [ 100.0866, 16.9917 ], [ 100.0772, 16.9924 ], [ 100.0785, 16.9967 ], [ 100.061, 17.0125 ], [ 100.0537, 17.0089 ], [ 100.0438, 17.0107 ], [ 100.0406, 17.0216 ], [ 100.0307, 17.0219 ], [ 100.0156, 17.0339 ], [ 100.0047, 17.045 ], [ 100.0057, 17.0573 ], [ 100.013, 17.0619 ], [ 100.0143, 17.0711 ], [ 100.006, 17.0732 ], [ 99.9979, 17.0855 ], [ 99.9895, 17.0782 ], [ 99.9851, 17.0784 ], [ 99.9826, 17.1011 ], [ 99.9732, 17.1023 ], [ 99.9594, 17.1179 ], [ 99.9589, 17.1463 ], [ 99.9521, 17.1563 ], [ 99.9557, 17.1632 ], [ 99.9514, 17.1677 ], [ 99.9549, 17.1709 ], [ 99.9732, 17.1646 ], [ 99.9826, 17.1553 ], [ 99.9852, 17.1603 ], [ 99.9927, 17.1593 ], [ 100.0085, 17.1513 ], [ 100.0091, 17.1476 ], [ 99.9978, 17.1448 ], [ 99.9961, 17.1375 ], [ 100.0137, 17.1389 ], [ 100.0237, 17.1531 ], [ 100.0237, 17.1653 ], [ 100.0333, 17.1677 ], [ 100.0365, 17.1814 ], [ 100.0455, 17.1788 ], [ 100.064, 17.1819 ], [ 100.0912, 17.1889 ], [ 100.1279, 17.1847 ], [ 100.1369, 17.1805 ], [ 100.1493, 17.1856 ], [ 100.1555, 17.1694 ], [ 100.1617, 17.1674 ], [ 100.1684, 17.202 ], [ 100.2062, 17.2072 ], [ 100.2204, 17.2191 ], [ 100.282, 17.2203 ], [ 100.2917, 17.2073 ], [ 100.2872, 17.1767 ], [ 100.2918, 17.159 ], [ 100.3073, 17.1177 ], [ 100.3198, 17.0989 ], [ 100.3257, 17.0788 ], [ 100.3154, 17.0504 ], [ 100.3036, 17.045 ], [ 100.3052, 17.0401 ], [ 100.2929, 17.0389 ], [ 100.2846, 17.0332 ], [ 100.2601, 17.0353 ], [ 100.2577, 17.0339 ], [ 100.2606, 17.022 ], [ 100.2812, 17.0183 ], [ 100.2805, 16.997 ], [ 100.2714, 16.9829 ], [ 100.2712, 16.9698 ], [ 100.2779, 16.956 ], [ 100.2807, 16.9337 ], [ 100.2425, 16.9448 ], [ 100.2318, 16.9525 ], [ 100.2188, 16.9504 ], [ 100.2217, 16.9433 ], [ 100.2173, 16.9423 ] ] ] } },
{ "type": "Feature", "properties": { "id": "AMP_0214", "name": "ด่านขุนทด" }, "geometry": { "type": "Polygon", "coordinates": [ [ [ 101.8606, 15.1061 ], [ 101.8478, 15.089 ], [ 101.838, 15.084 ], [ 101.8354, 15.0742 ], [ 101.8195, 15.0751 ], [ 101.8128, 15.0678 ], [ 101.81, 15.0577 ], [ 101.7977, 15.0471 ], [ 101.7865, 15.0474 ], [ 101.7781, 15.0653 ], [ 101.7568, 15.0769 ], [ 101.7464, 15.0688 ], [ 101.7344, 15.0664 ], [ 101.7143, 15.0748 ], [ 101.6992, 15.0641 ], [ 101.6853, 15.0716 ], [ 101.6586, 15.0688 ], [ 101.6366, 15.0771 ], [ 101.6316, 15.098 ], [ 101.5782, 15.0967 ], [ 101.5668, 15.0927 ], [ 101.5442, 15.1063 ], [ 101.4969, 15.1063 ], [ 101.4654, 15.1127 ], [ 101.4533, 15.1061 ], [ 101.437, 15.1066 ], [ 101.417, 15.0969 ], [ 101.3996, 15.102 ], [ 101.3996, 15.1586 ], [ 101.3915, 15.2294 ], [ 101.4689, 15.2363 ], [ 101.484, 15.224 ], [ 101.4886, 15.2091 ], [ 101.4972, 15.2029 ], [ 101.5512, 15.2025 ], [ 101.5519, 15.2066 ], [ 101.5995, 15.2159 ], [ 101.6012, 15.2205 ], [ 101.5926, 15.2356 ], [ 101.591, 15.2479 ], [ 101.5941, 15.255 ], [ 101.6096, 15.2519 ], [ 101.6354, 15.2375 ], [ 101.6403, 15.2686 ], [ 101.6356, 15.2866 ], [ 101.615, 15.308 ], [ 101.5977, 15.3095 ], [ 101.5787, 15.3338 ], [ 101.5764, 15.348 ], [ 101.5636, 15.3534 ], [ 101.5622, 15.3737 ], [ 101.5866, 15.3741 ], [ 101.597, 15.3789 ], [ 101.6187, 15.3641 ], [ 101.6514, 15.4012 ], [ 101.6666, 15.3927 ], [ 101.6877, 15.3862 ], [ 101.7201, 15.3859 ], [ 101.7639, 15.3811 ], [ 101.7852, 15.3898 ], [ 101.7996, 15.4233 ], [ 101.8076, 15.4132 ], [ 101.8225, 15.4081 ], [ 101.8407, 15.4123 ], [ 101.8774, 15.3914 ], [ 101.8735, 15.3818 ], [ 101.8937, 15.3642 ], [ 101.9151, 15.3547 ], [ 101.9232, 15.3464 ], [ 101.9249, 15.337 ], [ 101.9307, 15.3319 ], [ 101.9177, 15.3186 ], [ 101.922, 15.3028 ], [ 101.908, 15.2489 ], [ 101.9001, 15.2376 ], [ 101.9051, 15.2258 ], [ 101.8911, 15.2258 ], [ 101.8825, 15.2213 ], [ 101.8733, 15.2249 ], [ 101.873, 15.1981 ], [ 101.868, 15.1903 ], [ 101.8778, 15.1871 ], [ 101.8785, 15.1739 ], [ 101.8847, 15.1612 ], [ 101.9038, 15.1579 ], [ 101.8912, 15.1099 ], [ 101.8606, 15.1061 ] ] ] } },
{ "type": "Feature", "properties": { "id": "AMP_0215", "name": "วัดโบสถ์" }, "geometry": { "type": "Polygon", "coordinates": [ [ [ 100.3195, 16.9441 ], [ 100.2985, 16.9281 ], [ 100.2807, 16.9337 ], [ 100.2779, 16.956 ], [ 100.2712, 16.9698 ], [ 100.2714, 16.9829 ], [ 100.2805, 16.997 ], [ 100.2812, 17.0183 ], [ 100.2606, 17.022 ], [ 100.2577, 17.0339 ], [ 100.2601, 17.0353 ], [ 100.2846, 17.0332 ], [ 100.2929, 17.0389 ], [ 100.3052, 17.0401 ], [ 100.3036, 17.045 ], [ 100.3154, 17.0504 ], [ 100.3257, 17.0788 ], [ 100.3198, 17.0989 ], [ 100.3073, 17.1177 ], [ 100.2918, 17.159 ], [ 100.2872, 17.1767 ], [ 100.2917, 17.2073 ], [ 100.282, 17.2203 ], [ 100.2204, 17.2191 ], [ 100.2482, 17.238 ], [ 100.2533, 17.2483 ], [ 100.249, 17.2557 ], [ 100.2373, 17.3168 ], [ 100.2393, 17.3462 ], [ 100.2434, 17.352 ], [ 100.2558, 17.3589 ], [ 100.2627, 17.3573 ], [ 100.2696, 17.3665 ], [ 100.2884, 17.3757 ], [ 100.2965, 17.3744 ], [ 100.3061, 17.382 ], [ 100.3236, 17.3685 ], [ 100.3306, 17.3792 ], [ 100.3301, 17.3866 ], [ 100.3377, 17.3897 ], [ 100.3426, 17.3868 ], [ 100.348, 17.3927 ], [ 100.3548, 17.3869 ], [ 100.3726, 17.3917 ], [ 100.3737, 17.3828 ], [ 100.389, 17.3767 ], [ 100.3996, 17.3517 ], [ 100.3985, 17.3345 ], [ 100.4065, 17.326 ], [ 100.4025, 17.3224 ], [ 100.4032, 17.3143 ], [ 100.3794, 17.3149 ], [ 100.376, 17.3036 ], [ 100.4033, 17.2821 ], [ 100.4034, 17.2783 ], [ 100.3951, 17.2749 ], [ 100.4042, 17.2655 ], [ 100.4297, 17.254 ], [ 100.4344, 17.2472 ], [ 100.4331, 17.2345 ], [ 100.4434, 17.2145 ], [ 100.4629, 17.2006 ], [ 100.4903, 17.1975 ], [ 100.4944, 17.1794 ], [ 100.5113, 17.1629 ], [ 100.5098, 17.1399 ], [ 100.5049, 17.1328 ], [ 100.5079, 17.1224 ], [ 100.5282, 17.1037 ], [ 100.5241, 17.097 ], [ 100.5092, 17.1019 ], [ 100.5008, 17.093 ], [ 100.4883, 17.0896 ], [ 100.481, 17.0922 ], [ 100.4776, 17.0907 ], [ 100.4822, 17.0788 ], [ 100.4774, 17.0819 ], [ 100.4702, 17.0763 ], [ 100.4619, 17.0575 ], [ 100.4526, 17.0508 ], [ 100.4577, 17.03 ], [ 100.4522, 17.0254 ], [ 100.4534, 17.0173 ], [ 100.4758, 16.9967 ], [ 100.4865, 16.9765 ], [ 100.4726, 16.9777 ], [ 100.4473, 16.9706 ], [ 100.4359, 16.9727 ], [ 100.4258, 16.9644 ], [ 100.4115, 16.9628 ], [ 100.3719, 16.9496 ], [ 100.3513, 16.9494 ], [ 100.3195, 16.9441 ] ] ] } },
{ "type": "Feature", "properties": { "id": "AMP_0216", "name": "บางระกำ" }, "geometry": { "type": "Polygon", "coordinates": [ [ [ 100.1959, 16.7049 ], [ 100.2031, 16.7017 ], [ 100.201, 16.6948 ], [ 100.2059, 16.6895 ], [ 100.2012, 16.6851 ], [ 100.2061, 16.6841 ], [ 100.2162, 16.6652 ], [ 100.226, 16.6658 ], [ 100.2159, 16.6477 ], [ 100.2026, 16.6426 ], [ 100.1915, 16.6459 ], [ 100.1957, 16.6363 ], [ 100.1907, 16.6328 ], [ 100.1919, 16.6278 ], [ 100.204, 16.6245 ], [ 100.2009, 16.6177 ], [ 100.1949, 16.62 ], [ 100.1975, 16.6092 ], [ 100.1758, 16.5988 ], [ 100.1858, 16.586 ], [ 100.1669, 16.5889 ], [ 100.1462, 16.5956 ], [ 100.1294, 16.6105 ], [ 100.1187, 16.6141 ], [ 100.1058, 16.6098 ], [ 100.1035, 16.6052 ], [ 100.0976, 16.6067 ], [ 100.0861, 16.5968 ], [ 100.0899, 16.5884 ], [ 100.0738, 16.5781 ], [ 100.0471, 16.5712 ], [ 100.0343, 16.5833 ], [ 100.0126, 16.5751 ], [ 100.0154, 16.5814 ], [ 100.007, 16.5865 ], [ 100.0039, 16.5793 ], [ 99.9937, 16.5775 ], [ 99.98, 16.5805 ], [ 99.9336, 16.5766 ], [ 99.9255, 16.5815 ], [ 99.9164, 16.6007 ], [ 99.9097, 16.6219 ], [ 99.8979, 16.6333 ], [ 99.8942, 16.6618 ], [ 99.8953, 16.6676 ], [ 99.8883, 16.6744 ], [ 99.8917, 16.6867 ], [ 99.886, 16.6939 ], [ 99.8952, 16.7063 ], [ 99.8872, 16.7142 ], [ 99.8728, 16.7143 ], [ 99.8712, 16.7219 ], [ 99.8604, 16.7318 ], [ 99.8568, 16.7293 ], [ 99.8534, 16.7356 ], [ 99.868, 16.7601 ], [ 99.8772, 16.7673 ], [ 99.878, 16.7806 ], [ 99.8901, 16.7978 ], [ 99.917, 16.8083 ], [ 99.9418, 16.8286 ], [ 99.9426, 16.8658 ], [ 99.9499, 16.8696 ], [ 99.9639, 16.8627 ], [ 99.9738, 16.8612 ], [ 99.9784, 16.8665 ], [ 99.9941, 16.8681 ], [ 99.9993, 16.8617 ], [ 100.0068, 16.8691 ], [ 100.0105, 16.8892 ], [ 100.0473, 16.8927 ], [ 100.0645, 16.8841 ], [ 100.0767, 16.8931 ], [ 100.0855, 16.8889 ], [ 100.0916, 16.8939 ], [ 100.0899, 16.8971 ], [ 100.0948, 16.8947 ], [ 100.0998, 16.9 ], [ 100.1009, 16.9145 ], [ 100.1106, 16.9151 ], [ 100.1212, 16.9074 ], [ 100.1221, 16.9022 ], [ 100.1138, 16.8974 ], [ 100.1283, 16.8942 ], [ 100.1367, 16.8802 ], [ 100.1287, 16.8789 ], [ 100.1355, 16.8744 ], [ 100.1312, 16.8625 ], [ 100.1419, 16.8506 ], [ 100.1553, 16.8456 ], [ 100.1655, 16.8191 ], [ 100.1584, 16.8041 ], [ 100.1639, 16.7924 ], [ 100.1652, 16.7471 ], [ 100.1854, 16.7243 ], [ 100.194, 16.7113 ], [ 100.1959, 16.7049 ] ] ] } },
{ "type": "Feature", "properties": { "id": "AMP_0217", "name": "บางกระทุ่ม" }, "geometry": { "type": "Polygon", "coordinates": [ [ [ 100.4841, 16.5418 ], [ 100.4746, 16.5311 ], [ 100.4712, 16.5198 ], [ 100.4356, 16.52 ], [ 100.4305, 16.5159 ], [ 100.4254, 16.5358 ], [ 100.386, 16.5536 ], [ 100.3694, 16.5505 ], [ 100.3769, 16.5464 ], [ 100.3603, 16.5353 ], [ 100.3236, 16.5257 ], [ 100.2857, 16.5313 ], [ 100.2647, 16.5374 ], [ 100.25, 16.5301 ], [ 100.2436, 16.532 ], [ 100.2377, 16.5407 ], [ 100.2336, 16.5546 ], [ 100.2317, 16.6164 ], [ 100.2259, 16.6174 ], [ 100.2256, 16.6254 ], [ 100.2158, 16.6328 ], [ 100.2159, 16.648 ], [ 100.2437, 16.6356 ], [ 100.2815, 16.6425 ], [ 100.286, 16.6341 ], [ 100.2916, 16.6327 ], [ 100.2922, 16.6381 ], [ 100.2936, 16.6316 ], [ 100.2985, 16.636 ], [ 100.2942, 16.6447 ], [ 100.304, 16.6765 ], [ 100.3014, 16.6967 ], [ 100.3049, 16.7101 ], [ 100.3223, 16.7088 ], [ 100.3364, 16.701 ], [ 100.3663, 16.661 ], [ 100.3744, 16.6634 ], [ 100.379, 16.657 ], [ 100.398, 16.654 ], [ 100.4188, 16.6442 ], [ 100.4237, 16.6469 ], [ 100.4441, 16.6178 ], [ 100.4564, 16.6154 ], [ 100.4704, 16.606 ], [ 100.479, 16.5841 ], [ 100.4841, 16.5418 ] ] ] } },
{ "type": "Feature", "properties": { "id": "AMP_0218", "name": "นครไทย" }, "geometry": { "type": "Polygon", "coordinates": [ [ [ 101.0668, 16.9021 ], [ 101.0505, 16.9065 ], [ 101.0437, 16.9036 ], [ 101.0311, 16.8931 ], [ 101.0258, 16.8717 ], [ 101.014, 16.8639 ], [ 101.0126, 16.8579 ], [ 100.9934, 16.8549 ], [ 100.981, 16.8484 ], [ 100.9794, 16.8411 ], [ 100.9734, 16.8421 ], [ 100.9815, 16.8347 ], [ 100.9802, 16.8298 ], [ 100.9772, 16.8309 ], [ 100.9785, 16.8261 ], [ 100.9747, 16.8293 ], [ 100.9719, 16.8243 ], [ 100.9722, 16.8292 ], [ 100.9649, 16.8274 ], [ 100.9617, 16.8307 ], [ 100.9592, 16.8252 ], [ 100.9549, 16.8255 ], [ 100.9536, 16.8206 ], [ 100.9582, 16.8238 ], [ 100.9592, 16.8207 ], [ 100.9554, 16.8126 ], [ 100.9574, 16.8058 ], [ 100.9534, 16.8036 ], [ 100.9571, 16.8006 ], [ 100.9551, 16.7952 ], [ 100.9491, 16.7913 ], [ 100.9369, 16.7956 ], [ 100.9172, 16.7918 ], [ 100.9032, 16.8021 ], [ 100.8967, 16.8217 ], [ 100.8835, 16.8348 ], [ 100.8787, 16.832 ], [ 100.8736, 16.8356 ], [ 100.8674, 16.8313 ], [ 100.8552, 16.8456 ], [ 100.8475, 16.842 ], [ 100.8338, 16.8458 ], [ 100.8294, 16.8535 ], [ 100.8409, 16.8639 ], [ 100.8423, 16.8751 ], [ 100.8355, 16.8737 ], [ 100.8337, 16.8652 ], [ 100.818, 16.8578 ], [ 100.8122, 16.8675 ], [ 100.8036, 16.8639 ], [ 100.8014, 16.8729 ], [ 100.7856, 16.8881 ], [ 100.7698, 16.8767 ], [ 100.7349, 16.8743 ], [ 100.7075, 16.8792 ], [ 100.6944, 16.8998 ], [ 100.7003, 16.9068 ], [ 100.674, 16.9418 ], [ 100.6755, 16.9495 ], [ 100.6576, 16.9828 ], [ 100.6481, 16.9813 ], [ 100.6481, 16.9957 ], [ 100.5989, 17.0486 ], [ 100.5976, 17.0615 ], [ 100.605, 17.0658 ], [ 100.607, 17.0737 ], [ 100.6027, 17.1016 ], [ 100.6156, 17.112 ], [ 100.6105, 17.1181 ], [ 100.6163, 17.1404 ], [ 100.6031, 17.1573 ], [ 100.6061, 17.1635 ], [ 100.6172, 17.1625 ], [ 100.6045, 17.1708 ], [ 100.6125, 17.1746 ], [ 100.6111, 17.1873 ], [ 100.6019, 17.1841 ], [ 100.597, 17.1889 ], [ 100.6115, 17.1959 ], [ 100.613, 17.212 ], [ 100.6164, 17.2163 ], [ 100.6196, 17.2089 ], [ 100.6218, 17.2152 ], [ 100.6421, 17.2224 ], [ 100.6594, 17.2051 ], [ 100.6535, 17.1877 ], [ 100.6671, 17.1933 ], [ 100.6804, 17.1851 ], [ 100.7127, 17.2198 ], [ 100.7327, 17.225 ], [ 100.7384, 17.232 ], [ 100.7425, 17.2302 ], [ 100.7554, 17.2457 ], [ 100.7707, 17.2778 ], [ 100.779, 17.28 ], [ 100.7908, 17.3061 ], [ 100.8016, 17.3095 ], [ 100.8178, 17.3289 ], [ 100.8063, 17.3379 ], [ 100.8091, 17.348 ], [ 100.8027, 17.3529 ], [ 100.8037, 17.3638 ], [ 100.8144, 17.3781 ], [ 100.8206, 17.4089 ], [ 100.8122, 17.4145 ], [ 100.805, 17.4137 ], [ 100.7994, 17.4253 ], [ 100.8108, 17.4335 ], [ 100.8179, 17.4478 ], [ 100.8282, 17.4512 ], [ 100.8295, 17.4627 ], [ 100.8349, 17.4684 ], [ 100.8562, 17.451 ], [ 100.864, 17.4537 ], [ 100.8752, 17.4494 ], [ 100.8945, 17.4654 ], [ 100.9008, 17.4571 ], [ 100.9161, 17.4517 ], [ 100.9147, 17.4352 ], [ 100.9212, 17.4314 ], [ 100.9241, 17.4205 ], [ 100.9231, 17.4028 ], [ 100.9183, 17.4018 ], [ 100.9166, 17.3953 ], [ 100.9141, 17.3425 ], [ 100.9292, 17.3357 ], [ 100.9394, 17.3359 ], [ 100.9451, 17.3411 ], [ 100.9547, 17.3357 ], [ 100.97, 17.3414 ], [ 100.9872, 17.3386 ], [ 100.9923, 17.3413 ], [ 101.0065, 17.3341 ], [ 101.0111, 17.3154 ], [ 101.0234, 17.3122 ], [ 101.05, 17.284 ], [ 101.0833, 17.2798 ], [ 101.0826, 17.2732 ], [ 101.0931, 17.253 ], [ 101.1094, 17.2344 ], [ 101.11, 17.2265 ], [ 101.1079, 17.2151 ], [ 101.0815, 17.1898 ], [ 101.0783, 17.173 ], [ 101.0792, 17.1382 ], [ 101.0727, 17.1292 ], [ 101.0707, 17.1154 ], [ 101.0621, 17.1122 ], [ 101.0519, 17.1152 ], [ 101.0566, 17.105 ], [ 101.0512, 17.0961 ], [ 101.0569, 17.0905 ], [ 101.0501, 17.0778 ], [ 101.0563, 17.0706 ], [ 101.0584, 17.0477 ], [ 101.0536, 17.0253 ], [ 101.0563, 17.017 ], [ 101.047, 17.0012 ], [ 101.046, 16.9867 ], [ 101.0426, 16.9845 ], [ 101.0493, 16.9745 ], [ 101.0446, 16.9666 ], [ 101.0521, 16.953 ], [ 101.0457, 16.9537 ], [ 101.0285, 16.9445 ], [ 101.0281, 16.938 ], [ 101.0385, 16.9297 ], [ 101.0538, 16.9306 ], [ 101.0717, 16.9237 ], [ 101.0668, 16.9021 ] ] ] } },
{ "type": "Feature", "properties": { "id": "AMP_0219", "name": "ชาติตระการ" }, "geometry": { "type": "Polygon", "coordinates": [ [ [ 100.7425, 17.2302 ], [ 100.7384, 17.232 ], [ 100.7327, 17.225 ], [ 100.7127, 17.2198 ], [ 100.6804, 17.1851 ], [ 100.6671, 17.1933 ], [ 100.6535, 17.1877 ], [ 100.6594, 17.2051 ], [ 100.6421, 17.2224 ], [ 100.6218, 17.2152 ], [ 100.6196, 17.2089 ], [ 100.6164, 17.2163 ], [ 100.613, 17.212 ], [ 100.6115, 17.1959 ], [ 100.597, 17.1889 ], [ 100.6019, 17.1841 ], [ 100.6111, 17.1873 ], [ 100.6125, 17.1746 ], [ 100.6045, 17.1708 ], [ 100.6172, 17.1625 ], [ 100.6061, 17.1635 ], [ 100.6031, 17.1573 ], [ 100.6106, 17.1478 ], [ 100.6042, 17.1315 ], [ 100.5965, 17.1238 ], [ 100.5909, 17.1286 ], [ 100.5629, 17.1235 ], [ 100.5552, 17.1172 ], [ 100.5321, 17.1104 ], [ 100.5282, 17.1037 ], [ 100.5079, 17.1224 ], [ 100.5049, 17.1328 ], [ 100.5098, 17.1399 ], [ 100.5113, 17.1629 ], [ 100.4944, 17.1794 ], [ 100.4903, 17.1975 ], [ 100.4629, 17.2006 ], [ 100.4434, 17.2145 ], [ 100.4331, 17.2345 ], [ 100.4344, 17.2472 ], [ 100.4297, 17.254 ], [ 100.4042, 17.2655 ], [ 100.3951, 17.2749 ], [ 100.4034, 17.2783 ], [ 100.4033, 17.2821 ], [ 100.376, 17.3036 ], [ 100.3794, 17.3149 ], [ 100.4032, 17.3143 ], [ 100.4025, 17.3224 ], [ 100.4065, 17.326 ], [ 100.3985, 17.3345 ], [ 100.3996, 17.3517 ], [ 100.389, 17.3767 ], [ 100.3737, 17.3828 ], [ 100.3726, 17.3917 ], [ 100.3915, 17.4045 ], [ 100.4003, 17.4033 ], [ 100.42, 17.4111 ], [ 100.4267, 17.4214 ], [ 100.4351, 17.4185 ], [ 100.4477, 17.4242 ], [ 100.4529, 17.4187 ], [ 100.47, 17.421 ], [ 100.4839, 17.4177 ], [ 100.5008, 17.4287 ], [ 100.5134, 17.4038 ], [ 100.5166, 17.4096 ], [ 100.529, 17.4119 ], [ 100.5306, 17.4171 ], [ 100.5513, 17.4144 ], [ 100.5706, 17.422 ], [ 100.5896, 17.4196 ], [ 100.6035, 17.4281 ], [ 100.6025, 17.4444 ], [ 100.6139, 17.4652 ], [ 100.6287, 17.4745 ], [ 100.6449, 17.4737 ], [ 100.6409, 17.4905 ], [ 100.6452, 17.4937 ], [ 100.6707, 17.5021 ], [ 100.6896, 17.5227 ], [ 100.7399, 17.5421 ], [ 100.7469, 17.5581 ], [ 100.7653, 17.5705 ], [ 100.7666, 17.58 ], [ 100.7741, 17.5834 ], [ 100.7761, 17.6008 ], [ 100.7899, 17.6134 ], [ 100.8022, 17.6384 ], [ 100.8366, 17.6483 ], [ 100.8427, 17.6537 ], [ 100.8525, 17.6805 ], [ 100.8713, 17.7068 ], [ 100.8893, 17.7157 ], [ 100.9042, 17.7152 ], [ 100.9086, 17.7022 ], [ 100.914, 17.6991 ], [ 100.9219, 17.7 ], [ 100.9253, 17.6961 ], [ 100.9417, 17.702 ], [ 100.9555, 17.7007 ], [ 100.9767, 17.716 ], [ 100.9883, 17.743 ], [ 100.9959, 17.7349 ], [ 101.0076, 17.7312 ], [ 101.003, 17.7168 ], [ 101.0052, 17.7038 ], [ 100.9996, 17.699 ], [ 101.0093, 17.6997 ], [ 100.9988, 17.6786 ], [ 100.9921, 17.6743 ], [ 100.9899, 17.6615 ], [ 100.9948, 17.6574 ], [ 100.9914, 17.6493 ], [ 100.9946, 17.6423 ], [ 100.9912, 17.6193 ], [ 100.9759, 17.5958 ], [ 100.9684, 17.5933 ], [ 100.9668, 17.5709 ], [ 100.9639, 17.5744 ], [ 100.9278, 17.5695 ], [ 100.9154, 17.576 ], [ 100.918, 17.5813 ], [ 100.9092, 17.5841 ], [ 100.9031, 17.5933 ], [ 100.8808, 17.5846 ], [ 100.8678, 17.567 ], [ 100.8608, 17.5453 ], [ 100.8727, 17.5289 ], [ 100.8652, 17.5165 ], [ 100.8452, 17.5032 ], [ 100.8446, 17.4894 ], [ 100.8336, 17.4813 ], [ 100.8349, 17.4684 ], [ 100.8295, 17.4627 ], [ 100.8282, 17.4512 ], [ 100.8179, 17.4478 ], [ 100.8108, 17.4335 ], [ 100.7994, 17.4253 ], [ 100.805, 17.4137 ], [ 100.8122, 17.4145 ], [ 100.8206, 17.4089 ], [ 100.8144, 17.3781 ], [ 100.8037, 17.3638 ], [ 100.8027, 17.3529 ], [ 100.8091, 17.348 ], [ 100.8063, 17.3379 ], [ 100.8178, 17.3289 ], [ 100.8016, 17.3095 ], [ 100.7908, 17.3061 ], [ 100.779, 17.28 ], [ 100.7707, 17.2778 ], [ 100.7554, 17.2457 ], [ 100.7425, 17.2302 ] ] ] } },
{ "type": "Feature", "properties": { "id": "AMP_0220", "name": "บ้านเหลื่อม" }, "geometry": { "type": "Polygon", "coordinates": [ [ [ 102.1029, 15.5398 ], [ 102.1067, 15.5253 ], [ 102.0731, 15.5187 ], [ 102.0455, 15.5017 ], [ 102.0368, 15.5016 ], [ 102.0437, 15.5242 ], [ 102.0395, 15.5425 ], [ 102.0639, 15.5867 ], [ 102.0727, 15.6073 ], [ 102.0734, 15.6176 ], [ 102.0752, 15.6215 ], [ 102.0812, 15.62 ], [ 102.0812, 15.6235 ], [ 102.0851, 15.6194 ], [ 102.0832, 15.6245 ], [ 102.0896, 15.6252 ], [ 102.0861, 15.6283 ], [ 102.0885, 15.6318 ], [ 102.0915, 15.6259 ], [ 102.0956, 15.6314 ], [ 102.0955, 15.6276 ], [ 102.0993, 15.628 ], [ 102.0993, 15.6338 ], [ 102.1055, 15.6313 ], [ 102.1062, 15.6368 ], [ 102.1021, 15.6368 ], [ 102.1117, 15.6441 ], [ 102.1126, 15.6383 ], [ 102.115, 15.6462 ], [ 102.1435, 15.6399 ], [ 102.1843, 15.6156 ], [ 102.2195, 15.6161 ], [ 102.233, 15.607 ], [ 102.2313, 15.5985 ], [ 102.2433, 15.5845 ], [ 102.2503, 15.5624 ], [ 102.245, 15.5389 ], [ 102.221, 15.5201 ], [ 102.1959, 15.5178 ], [ 102.1793, 15.5303 ], [ 102.1653, 15.5256 ], [ 102.1554, 15.5411 ], [ 102.151, 15.5352 ], [ 102.1318, 15.5415 ], [ 102.1142, 15.5419 ], [ 102.1029, 15.5398 ] ] ] } },
{ "type": "Feature", "properties": { "id": "AMP_0221", "name": "เมืองพิษณุโลก" }, "geometry": { "type": "Polygon", "coordinates": [ [ [ 100.2942, 16.6447 ], [ 100.2985, 16.636 ], [ 100.2936, 16.6316 ], [ 100.2922, 16.6381 ], [ 100.2916, 16.6327 ], [ 100.286, 16.6341 ], [ 100.2815, 16.6425 ], [ 100.2437, 16.6356 ], [ 100.2159, 16.648 ], [ 100.226, 16.6658 ], [ 100.2162, 16.6652 ], [ 100.2061, 16.6841 ], [ 100.2012, 16.6851 ], [ 100.2059, 16.6895 ], [ 100.201, 16.6948 ], [ 100.2031, 16.7017 ], [ 100.1959, 16.7049 ], [ 100.194, 16.7113 ], [ 100.1854, 16.7243 ], [ 100.1652, 16.7471 ], [ 100.1639, 16.7924 ], [ 100.1584, 16.8041 ], [ 100.1655, 16.8191 ], [ 100.1553, 16.8456 ], [ 100.1419, 16.8506 ], [ 100.1312, 16.8625 ], [ 100.1355, 16.8744 ], [ 100.1287, 16.8789 ], [ 100.1367, 16.8802 ], [ 100.1283, 16.8942 ], [ 100.1138, 16.8974 ], [ 100.1221, 16.9022 ], [ 100.1212, 16.9074 ], [ 100.1325, 16.916 ], [ 100.1381, 16.9297 ], [ 100.1448, 16.9285 ], [ 100.1641, 16.9401 ], [ 100.1808, 16.9383 ], [ 100.2151, 16.9146 ], [ 100.2321, 16.9133 ], [ 100.2263, 16.919 ], [ 100.2319, 16.9247 ], [ 100.226, 16.9311 ], [ 100.2259, 16.9425 ], [ 100.2173, 16.9423 ], [ 100.2217, 16.9433 ], [ 100.2188, 16.9504 ], [ 100.2318, 16.9525 ], [ 100.2425, 16.9448 ], [ 100.2985, 16.9281 ], [ 100.3195, 16.9441 ], [ 100.3513, 16.9494 ], [ 100.3719, 16.9496 ], [ 100.4115, 16.9628 ], [ 100.4258, 16.9644 ], [ 100.4359, 16.9727 ], [ 100.4473, 16.9706 ], [ 100.4726, 16.9777 ], [ 100.4865, 16.9765 ], [ 100.4875, 16.9585 ], [ 100.5004, 16.9284 ], [ 100.4884, 16.9167 ], [ 100.4837, 16.8993 ], [ 100.4623, 16.8904 ], [ 100.4493, 16.8792 ], [ 100.4485, 16.8738 ], [ 100.4335, 16.877 ], [ 100.4328, 16.8695 ], [ 100.3864, 16.8536 ], [ 100.3781, 16.8417 ], [ 100.3721, 16.8422 ], [ 100.3667, 16.8312 ], [ 100.371, 16.8318 ], [ 100.3692, 16.8282 ], [ 100.359, 16.8209 ], [ 100.353, 16.8216 ], [ 100.3553, 16.8176 ], [ 100.352, 16.8172 ], [ 100.3475, 16.8199 ], [ 100.3411, 16.8136 ], [ 100.3369, 16.8164 ], [ 100.3386, 16.801 ], [ 100.3339, 16.8024 ], [ 100.3318, 16.7923 ], [ 100.3265, 16.7932 ], [ 100.3192, 16.7865 ], [ 100.3106, 16.7904 ], [ 100.3076, 16.7828 ], [ 100.306, 16.7911 ], [ 100.3004, 16.7846 ], [ 100.3067, 16.7686 ], [ 100.3026, 16.7574 ], [ 100.3046, 16.7421 ], [ 100.3082, 16.7341 ], [ 100.3007, 16.7249 ], [ 100.3062, 16.7205 ], [ 100.3014, 16.6967 ], [ 100.304, 16.6765 ], [ 100.2942, 16.6447 ] ] ] } },
{ "type": "Feature", "properties": { "id": "AMP_0222", "name": "ชุมแสง" }, "geometry": { "type": "Polygon", "coordinates": [ [ [ 100.313, 15.7705 ], [ 100.3156, 15.7611 ], [ 100.326, 15.7514 ], [ 100.328, 15.7398 ], [ 100.3029, 15.6943 ], [ 100.2463, 15.6953 ], [ 100.2202, 15.7364 ], [ 100.215, 15.7493 ], [ 100.2043, 15.7577 ], [ 100.2173, 15.7863 ], [ 100.2136, 15.7914 ], [ 100.187, 15.7883 ], [ 100.1835, 15.7911 ], [ 100.1745, 15.7831 ], [ 100.161, 15.7842 ], [ 100.1613, 15.794 ], [ 100.1533, 15.7955 ], [ 100.1642, 15.8125 ], [ 100.1644, 15.8235 ], [ 100.1825, 15.8318 ], [ 100.18, 15.8367 ], [ 100.1845, 15.8372 ], [ 100.1882, 15.8522 ], [ 100.1743, 15.8586 ], [ 100.1746, 15.8636 ], [ 100.1832, 15.8681 ], [ 100.1764, 15.8704 ], [ 100.1701, 15.8805 ], [ 100.174, 15.8884 ], [ 100.1689, 15.9147 ], [ 100.1728, 15.9248 ], [ 100.1679, 15.9323 ], [ 100.1751, 15.9341 ], [ 100.1813, 15.9287 ], [ 100.1866, 15.9352 ], [ 100.2022, 15.9343 ], [ 100.2168, 15.9276 ], [ 100.2402, 15.9343 ], [ 100.2443, 15.9413 ], [ 100.2393, 15.9497 ], [ 100.242, 15.9532 ], [ 100.2575, 15.9545 ], [ 100.2671, 15.9399 ], [ 100.3093, 15.9612 ], [ 100.3062, 15.9735 ], [ 100.3132, 15.9779 ], [ 100.3235, 15.9741 ], [ 100.3222, 15.9878 ], [ 100.3389, 15.9785 ], [ 100.3427, 15.9652 ], [ 100.3315, 15.9411 ], [ 100.3658, 15.9406 ], [ 100.3877, 15.9386 ], [ 100.3988, 15.9327 ], [ 100.4102, 15.9367 ], [ 100.4163, 15.9451 ], [ 100.449, 15.9343 ], [ 100.459, 15.9416 ], [ 100.4658, 15.9303 ], [ 100.4494, 15.9225 ], [ 100.441, 15.9119 ], [ 100.4365, 15.8906 ], [ 100.4134, 15.8734 ], [ 100.4101, 15.8545 ], [ 100.4043, 15.8532 ], [ 100.4026, 15.8458 ], [ 100.4063, 15.8231 ], [ 100.3791, 15.804 ], [ 100.3609, 15.7978 ], [ 100.3425, 15.7809 ], [ 100.313, 15.7705 ] ] ] } },
{ "type": "Feature", "properties": { "id": "AMP_0223", "name": "หนองบัว" }, "geometry": { "type": "Polygon", "coordinates": [ [ [ 100.8082, 15.7792 ], [ 100.7871, 15.7861 ], [ 100.7632, 15.7649 ], [ 100.6928, 15.7704 ], [ 100.6676, 15.7597 ], [ 100.6622, 15.7614 ], [ 100.6499, 15.7529 ], [ 100.6277, 15.7491 ], [ 100.6185, 15.7412 ], [ 100.6047, 15.7399 ], [ 100.5958, 15.7448 ], [ 100.5903, 15.7517 ], [ 100.5934, 15.7585 ], [ 100.5879, 15.7605 ], [ 100.5814, 15.7566 ], [ 100.5724, 15.7579 ], [ 100.5638, 15.7506 ], [ 100.5534, 15.7525 ], [ 100.5405, 15.7479 ], [ 100.5261, 15.7542 ], [ 100.5046, 15.7862 ], [ 100.4965, 15.7862 ], [ 100.4884, 15.793 ], [ 100.4866, 15.8076 ], [ 100.4841, 15.8129 ], [ 100.4718, 15.8149 ], [ 100.4657, 15.8225 ], [ 100.4339, 15.8288 ], [ 100.4063, 15.8231 ], [ 100.4026, 15.8458 ], [ 100.4043, 15.8532 ], [ 100.4101, 15.8545 ], [ 100.4134, 15.8734 ], [ 100.4365, 15.8906 ], [ 100.441, 15.9119 ], [ 100.4494, 15.9225 ], [ 100.4658, 15.9303 ], [ 100.4611, 15.9383 ], [ 100.4743, 15.9365 ], [ 100.5038, 15.9376 ], [ 100.5212, 15.9403 ], [ 100.5287, 15.9366 ], [ 100.5363, 15.924 ], [ 100.5469, 15.9267 ], [ 100.5755, 15.9542 ], [ 100.6168, 15.9834 ], [ 100.626, 16.0027 ], [ 100.6544, 16.0067 ], [ 100.6824, 15.9998 ], [ 100.7023, 15.9893 ], [ 100.7378, 15.9893 ], [ 100.7504, 15.9693 ], [ 100.7561, 15.9425 ], [ 100.7677, 15.9356 ], [ 100.7639, 15.9114 ], [ 100.7793, 15.897 ], [ 100.7978, 15.8916 ], [ 100.7997, 15.8651 ], [ 100.7899, 15.8444 ], [ 100.7976, 15.8287 ], [ 100.8082, 15.7792 ] ] ] } },
{ "type": "Feature", "properties": { "id": "AMP_0224", "name": "เมืองนครสวรรค์" }, "geometry": { "type": "Polygon", "coordinates": [ [ [ 100.1379, 15.6191 ], [ 100.1296, 15.6201 ], [ 100.1166, 15.6123 ], [ 100.1044, 15.6188 ], [ 100.0909, 15.6109 ], [ 100.0823, 15.6101 ], [ 100.0737, 15.6241 ], [ 100.0605, 15.6186 ], [ 100.0406, 15.6181 ], [ 100.0322, 15.6354 ], [ 100.0412, 15.6563 ], [ 100.0486, 15.6366 ], [ 100.0607, 15.634 ], [ 100.0594, 15.6524 ], [ 100.0609, 15.6659 ], [ 100.0443, 15.6733 ], [ 100.0422, 15.6806 ], [ 100.033, 15.6763 ], [ 100.0137, 15.6758 ], [ 99.9967, 15.6803 ], [ 99.9852, 15.6755 ], [ 99.9692, 15.6855 ], [ 99.9523, 15.6633 ], [ 99.946, 15.6629 ], [ 99.9322, 15.6728 ], [ 99.9274, 15.6856 ], [ 99.9311, 15.6958 ], [ 99.9292, 15.7083 ], [ 99.9457, 15.7206 ], [ 99.9333, 15.7477 ], [ 99.9375, 15.7675 ], [ 99.9307, 15.7689 ], [ 99.9268, 15.7761 ], [ 99.9189, 15.782 ], [ 99.9066, 15.7783 ], [ 99.9018, 15.7912 ], [ 99.9059, 15.7986 ], [ 99.8883, 15.8133 ], [ 99.9067, 15.8309 ], [ 99.9298, 15.8379 ], [ 99.9437, 15.845 ], [ 99.969, 15.8438 ], [ 99.9759, 15.8497 ], [ 99.9859, 15.8448 ], [ 99.9934, 15.846 ], [ 99.997, 15.8405 ], [ 100.0212, 15.8182 ], [ 100.0538, 15.815 ], [ 100.0527, 15.8065 ], [ 100.0788, 15.8164 ], [ 100.1096, 15.8145 ], [ 100.1189, 15.8166 ], [ 100.1214, 15.8212 ], [ 100.1318, 15.8207 ], [ 100.1376, 15.8224 ], [ 100.152, 15.8128 ], [ 100.1642, 15.8125 ], [ 100.1533, 15.7955 ], [ 100.1613, 15.794 ], [ 100.161, 15.7842 ], [ 100.1745, 15.7831 ], [ 100.1835, 15.7911 ], [ 100.187, 15.7883 ], [ 100.2136, 15.7914 ], [ 100.2173, 15.7863 ], [ 100.2043, 15.7577 ], [ 100.215, 15.7493 ], [ 100.2202, 15.7364 ], [ 100.2463, 15.6953 ], [ 100.2889, 15.6949 ], [ 100.2883, 15.6851 ], [ 100.2939, 15.6827 ], [ 100.286, 15.6578 ], [ 100.2949, 15.6505 ], [ 100.2928, 15.6344 ], [ 100.3089, 15.6335 ], [ 100.3396, 15.5979 ], [ 100.3264, 15.5828 ], [ 100.2954, 15.5607 ], [ 100.2891, 15.5749 ], [ 100.2759, 15.5743 ], [ 100.2716, 15.6041 ], [ 100.2651, 15.609 ], [ 100.2621, 15.6278 ], [ 100.25, 15.6304 ], [ 100.2519, 15.6358 ], [ 100.2407, 15.6365 ], [ 100.2195, 15.6316 ], [ 100.2094, 15.6203 ], [ 100.2027, 15.6188 ], [ 100.1936, 15.6084 ], [ 100.1953, 15.5985 ], [ 100.189, 15.591 ], [ 100.1746, 15.5972 ], [ 100.158, 15.598 ], [ 100.1505, 15.6041 ], [ 100.1435, 15.6031 ], [ 100.1379, 15.6191 ] ] ] } },
{ "type": "Feature", "properties": { "id": "AMP_0225", "name": "โกรกพระ" }, "geometry": { "type": "Polygon", "coordinates": [ [ [ 100.0091, 15.5025 ], [ 100.0132, 15.4915 ], [ 100.0008, 15.4822 ], [ 99.9737, 15.4919 ], [ 99.959, 15.5067 ], [ 99.9479, 15.5016 ], [ 99.9402, 15.5349 ], [ 99.9422, 15.5714 ], [ 99.9377, 15.6002 ], [ 99.9419, 15.6204 ], [ 99.9361, 15.6429 ], [ 99.9322, 15.6728 ], [ 99.946, 15.6629 ], [ 99.9523, 15.6633 ], [ 99.9692, 15.6855 ], [ 99.9852, 15.6755 ], [ 99.9967, 15.6803 ], [ 100.0137, 15.6758 ], [ 100.033, 15.6763 ], [ 100.0422, 15.6806 ], [ 100.0443, 15.6733 ], [ 100.0609, 15.6659 ], [ 100.0594, 15.6524 ], [ 100.0607, 15.634 ], [ 100.0486, 15.6366 ], [ 100.0412, 15.6563 ], [ 100.0322, 15.6354 ], [ 100.0406, 15.6181 ], [ 100.0605, 15.6186 ], [ 100.0737, 15.6241 ], [ 100.0823, 15.6101 ], [ 100.0909, 15.6109 ], [ 100.1044, 15.6188 ], [ 100.1166, 15.6123 ], [ 100.1296, 15.6201 ], [ 100.1379, 15.6191 ], [ 100.1406, 15.6145 ], [ 100.1347, 15.6007 ], [ 100.1394, 15.5828 ], [ 100.1366, 15.5678 ], [ 100.1271, 15.5591 ], [ 100.1093, 15.5548 ], [ 100.094, 15.5393 ], [ 100.0809, 15.5422 ], [ 100.0549, 15.5342 ], [ 100.0462, 15.5264 ], [ 100.0474, 15.5227 ], [ 100.0351, 15.51 ], [ 100.0091, 15.5025 ] ] ] } },
{ "type": "Feature", "properties": { "id": "AMP_0226", "name": "ไพศาลี" }, "geometry": { "type": "Polygon", "coordinates": [ [ [ 100.6437, 15.4168 ], [ 100.6462, 15.404 ], [ 100.6423, 15.3919 ], [ 100.6304, 15.3861 ], [ 100.625, 15.3585 ], [ 100.6355, 15.348 ], [ 100.6336, 15.3405 ], [ 100.6203, 15.342 ], [ 100.6122, 15.3334 ], [ 100.5993, 15.3428 ], [ 100.5935, 15.3628 ], [ 100.598, 15.3763 ], [ 100.5906, 15.3823 ], [ 100.5922, 15.3947 ], [ 100.6021, 15.3976 ], [ 100.6039, 15.403 ], [ 100.5787, 15.402 ], [ 100.573, 15.3983 ], [ 100.5527, 15.4036 ], [ 100.5483, 15.3948 ], [ 100.5503, 15.3841 ], [ 100.5391, 15.3797 ], [ 100.5131, 15.4062 ], [ 100.5258, 15.4171 ], [ 100.5273, 15.4248 ], [ 100.5188, 15.4342 ], [ 100.5245, 15.448 ], [ 100.5399, 15.4595 ], [ 100.5562, 15.4646 ], [ 100.5552, 15.475 ], [ 100.5605, 15.4885 ], [ 100.5413, 15.5025 ], [ 100.5442, 15.5203 ], [ 100.5707, 15.5301 ], [ 100.5783, 15.5403 ], [ 100.5827, 15.5788 ], [ 100.5776, 15.6076 ], [ 100.5643, 15.6048 ], [ 100.5499, 15.6137 ], [ 100.5632, 15.6594 ], [ 100.6021, 15.7231 ], [ 100.6185, 15.7412 ], [ 100.6277, 15.7491 ], [ 100.6499, 15.7529 ], [ 100.6622, 15.7614 ], [ 100.6676, 15.7597 ], [ 100.6928, 15.7704 ], [ 100.7632, 15.7649 ], [ 100.7871, 15.7861 ], [ 100.8082, 15.7792 ], [ 100.812, 15.7598 ], [ 100.8197, 15.7474 ], [ 100.8187, 15.7124 ], [ 100.8268, 15.6839 ], [ 100.8335, 15.6807 ], [ 100.8263, 15.676 ], [ 100.827, 15.6643 ], [ 100.8232, 15.6621 ], [ 100.8265, 15.646 ], [ 100.8184, 15.631 ], [ 100.825, 15.614 ], [ 100.8084, 15.5943 ], [ 100.8185, 15.5861 ], [ 100.8138, 15.579 ], [ 100.8322, 15.5637 ], [ 100.7942, 15.5391 ], [ 100.7692, 15.5343 ], [ 100.758, 15.5255 ], [ 100.7595, 15.5191 ], [ 100.7543, 15.5138 ], [ 100.7451, 15.5119 ], [ 100.769, 15.4961 ], [ 100.7687, 15.462 ], [ 100.7337, 15.4473 ], [ 100.7166, 15.4465 ], [ 100.7115, 15.4415 ], [ 100.7015, 15.4408 ], [ 100.6797, 15.4522 ], [ 100.6669, 15.4342 ], [ 100.6603, 15.4343 ], [ 100.6437, 15.4168 ] ] ] } },
{ "type": "Feature", "properties": { "id": "AMP_0227", "name": "ตาคลี" }, "geometry": { "type": "Polygon", "coordinates": [ [ [ 100.5077, 15.1317 ], [ 100.4914, 15.1205 ], [ 100.4769, 15.1138 ], [ 100.4584, 15.1154 ], [ 100.4568, 15.104 ], [ 100.451, 15.1018 ], [ 100.4231, 15.0527 ], [ 100.3543, 15.1012 ], [ 100.3563, 15.1157 ], [ 100.3458, 15.1282 ], [ 100.3464, 15.1395 ], [ 100.3355, 15.1622 ], [ 100.318, 15.1582 ], [ 100.2971, 15.1811 ], [ 100.2935, 15.2065 ], [ 100.2901, 15.2191 ], [ 100.2749, 15.2244 ], [ 100.2782, 15.2486 ], [ 100.2698, 15.2553 ], [ 100.2661, 15.2685 ], [ 100.2637, 15.2874 ], [ 100.2549, 15.2912 ], [ 100.2513, 15.3048 ], [ 100.2634, 15.3142 ], [ 100.2641, 15.3265 ], [ 100.2636, 15.3341 ], [ 100.2535, 15.3411 ], [ 100.2521, 15.3559 ], [ 100.2325, 15.3687 ], [ 100.213, 15.3542 ], [ 100.2199, 15.369 ], [ 100.2135, 15.3778 ], [ 100.2191, 15.3955 ], [ 100.2232, 15.3966 ], [ 100.2427, 15.4129 ], [ 100.2468, 15.4306 ], [ 100.2961, 15.4532 ], [ 100.3216, 15.4536 ], [ 100.318, 15.4494 ], [ 100.328, 15.4535 ], [ 100.3338, 15.4477 ], [ 100.3505, 15.4443 ], [ 100.3506, 15.4372 ], [ 100.3548, 15.4316 ], [ 100.3658, 15.4327 ], [ 100.379, 15.4234 ], [ 100.416, 15.4227 ], [ 100.4214, 15.384 ], [ 100.4138, 15.3822 ], [ 100.4081, 15.3667 ], [ 100.4079, 15.3414 ], [ 100.3974, 15.3146 ], [ 100.4094, 15.3072 ], [ 100.4191, 15.3075 ], [ 100.4277, 15.2955 ], [ 100.4166, 15.2638 ], [ 100.4213, 15.2465 ], [ 100.4081, 15.2424 ], [ 100.4212, 15.2444 ], [ 100.4261, 15.2381 ], [ 100.4501, 15.2403 ], [ 100.4553, 15.2539 ], [ 100.4673, 15.2596 ], [ 100.48, 15.259 ], [ 100.5116, 15.2671 ], [ 100.5182, 15.2737 ], [ 100.5255, 15.2696 ], [ 100.5316, 15.2807 ], [ 100.5421, 15.2842 ], [ 100.569, 15.2819 ], [ 100.58, 15.2751 ], [ 100.5784, 15.2682 ], [ 100.5974, 15.2692 ], [ 100.6131, 15.2437 ], [ 100.6062, 15.2447 ], [ 100.6033, 15.2405 ], [ 100.607, 15.2371 ], [ 100.5894, 15.2334 ], [ 100.5866, 15.2239 ], [ 100.5566, 15.1958 ], [ 100.5322, 15.1831 ], [ 100.5157, 15.1444 ], [ 100.5077, 15.1317 ] ] ] } },
{ "type": "Feature", "properties": { "id": "AMP_0228", "name": "ท่าตะโก" }, "geometry": { "type": "Polygon", "coordinates": [ [ [ 100.5413, 15.5025 ], [ 100.5605, 15.4885 ], [ 100.5552, 15.475 ], [ 100.5562, 15.4646 ], [ 100.5399, 15.4595 ], [ 100.5245, 15.448 ], [ 100.5188, 15.4342 ], [ 100.5273, 15.4248 ], [ 100.5258, 15.4171 ], [ 100.5131, 15.4062 ], [ 100.5038, 15.4132 ], [ 100.5013, 15.4397 ], [ 100.4826, 15.4621 ], [ 100.4806, 15.478 ], [ 100.4847, 15.4869 ], [ 100.495, 15.4932 ], [ 100.4936, 15.5027 ], [ 100.4737, 15.5283 ], [ 100.4527, 15.5305 ], [ 100.4317, 15.5272 ], [ 100.4193, 15.5374 ], [ 100.4101, 15.5381 ], [ 100.3848, 15.5731 ], [ 100.3817, 15.5924 ], [ 100.3507, 15.5878 ], [ 100.3443, 15.5926 ], [ 100.3089, 15.6335 ], [ 100.2928, 15.6344 ], [ 100.2949, 15.6505 ], [ 100.286, 15.6578 ], [ 100.2939, 15.6827 ], [ 100.2883, 15.6851 ], [ 100.2889, 15.6949 ], [ 100.3029, 15.6943 ], [ 100.328, 15.7398 ], [ 100.326, 15.7514 ], [ 100.3156, 15.7611 ], [ 100.313, 15.7705 ], [ 100.3425, 15.7809 ], [ 100.3609, 15.7978 ], [ 100.3791, 15.804 ], [ 100.4063, 15.8231 ], [ 100.4339, 15.8288 ], [ 100.4657, 15.8225 ], [ 100.4718, 15.8149 ], [ 100.4841, 15.8129 ], [ 100.4866, 15.8076 ], [ 100.4884, 15.793 ], [ 100.4965, 15.7862 ], [ 100.5046, 15.7862 ], [ 100.5261, 15.7542 ], [ 100.5405, 15.7479 ], [ 100.5534, 15.7525 ], [ 100.5638, 15.7506 ], [ 100.5724, 15.7579 ], [ 100.5814, 15.7566 ], [ 100.5879, 15.7605 ], [ 100.5934, 15.7585 ], [ 100.5903, 15.7517 ], [ 100.5958, 15.7448 ], [ 100.6047, 15.7399 ], [ 100.6185, 15.7412 ], [ 100.6021, 15.7231 ], [ 100.5632, 15.6594 ], [ 100.5499, 15.6137 ], [ 100.5643, 15.6048 ], [ 100.5776, 15.6076 ], [ 100.5827, 15.5788 ], [ 100.5783, 15.5403 ], [ 100.5707, 15.5301 ], [ 100.5442, 15.5203 ], [ 100.5413, 15.5025 ] ] ] } },
{ "type": "Feature", "properties": { "id": "AMP_0229", "name": "เขาค้อ" }, "geometry": { "type": "Polygon", "coordinates": [ [ [ 101.0511, 16.5648 ], [ 101.0525, 16.5575 ], [ 101.0748, 16.5576 ], [ 101.0786, 16.5504 ], [ 101.0924, 16.5483 ], [ 101.092, 16.5454 ], [ 101.1034, 16.5472 ], [ 101.1107, 16.5425 ], [ 101.1131, 16.5294 ], [ 101.109, 16.5326 ], [ 101.1099, 16.5228 ], [ 101.1047, 16.5192 ], [ 101.108, 16.516 ], [ 101.0928, 16.5138 ], [ 101.0935, 16.5014 ], [ 101.0987, 16.5003 ], [ 101.1026, 16.4886 ], [ 101.1175, 16.4759 ], [ 101.0842, 16.4817 ], [ 101.0712, 16.4675 ], [ 101.0654, 16.4665 ], [ 101.0469, 16.4786 ], [ 101.0318, 16.4732 ], [ 101.0189, 16.4814 ], [ 101.0083, 16.4776 ], [ 101.0038, 16.4712 ], [ 100.9996, 16.481 ], [ 100.9877, 16.4831 ], [ 100.9821, 16.4918 ], [ 100.9675, 16.493 ], [ 100.9603, 16.5058 ], [ 100.9624, 16.5126 ], [ 100.9433, 16.5129 ], [ 100.9405, 16.5005 ], [ 100.9281, 16.5094 ], [ 100.9029, 16.4845 ], [ 100.8905, 16.4944 ], [ 100.881, 16.491 ], [ 100.8807, 16.5035 ], [ 100.872, 16.5096 ], [ 100.8516, 16.5095 ], [ 100.8446, 16.5034 ], [ 100.8326, 16.5051 ], [ 100.8337, 16.5193 ], [ 100.8406, 16.5241 ], [ 100.8485, 16.5226 ], [ 100.846, 16.5397 ], [ 100.8582, 16.5476 ], [ 100.8516, 16.5753 ], [ 100.8459, 16.5789 ], [ 100.8504, 16.5837 ], [ 100.8472, 16.5918 ], [ 100.8551, 16.6092 ], [ 100.8538, 16.6153 ], [ 100.8646, 16.619 ], [ 100.8614, 16.6383 ], [ 100.869, 16.6493 ], [ 100.8823, 16.6567 ], [ 100.8877, 16.6677 ], [ 100.9033, 16.6671 ], [ 100.9055, 16.6712 ], [ 100.9248, 16.6659 ], [ 100.9316, 16.6802 ], [ 100.9422, 16.6814 ], [ 100.938, 16.6877 ], [ 100.9291, 16.686 ], [ 100.9336, 16.6963 ], [ 100.9243, 16.7017 ], [ 100.923, 16.7113 ], [ 100.9309, 16.7103 ], [ 100.9314, 16.7177 ], [ 100.9138, 16.731 ], [ 100.9226, 16.7459 ], [ 100.9192, 16.7591 ], [ 100.8989, 16.7625 ], [ 100.8953, 16.7737 ], [ 100.9029, 16.7755 ], [ 100.9064, 16.7825 ], [ 100.9032, 16.8021 ], [ 100.9172, 16.7918 ], [ 100.9369, 16.7956 ], [ 100.9491, 16.7913 ], [ 100.9551, 16.7952 ], [ 100.9571, 16.8006 ], [ 100.9534, 16.8036 ], [ 100.9574, 16.8058 ], [ 100.9554, 16.8126 ], [ 100.9592, 16.8207 ], [ 100.9582, 16.8238 ], [ 100.9536, 16.8206 ], [ 100.9549, 16.8255 ], [ 100.9592, 16.8252 ], [ 100.9617, 16.8307 ], [ 100.9649, 16.8274 ], [ 100.9722, 16.8292 ], [ 100.9719, 16.8243 ], [ 100.9747, 16.8293 ], [ 100.9785, 16.8261 ], [ 100.9772, 16.8309 ], [ 100.9802, 16.8298 ], [ 100.9815, 16.8347 ], [ 100.9734, 16.8421 ], [ 100.9794, 16.8411 ], [ 100.981, 16.8484 ], [ 100.9934, 16.8549 ], [ 101.0126, 16.8579 ], [ 101.014, 16.8639 ], [ 101.0258, 16.8717 ], [ 101.0311, 16.8931 ], [ 101.0437, 16.9036 ], [ 101.0505, 16.9065 ], [ 101.0668, 16.9021 ], [ 101.0803, 16.9011 ], [ 101.0738, 16.89 ], [ 101.0607, 16.8811 ], [ 101.058, 16.822 ], [ 101.0695, 16.8261 ], [ 101.08, 16.8195 ], [ 101.0809, 16.8081 ], [ 101.0908, 16.7878 ], [ 101.1084, 16.7824 ], [ 101.102, 16.7681 ], [ 101.1045, 16.7593 ], [ 101.0983, 16.7526 ], [ 101.1007, 16.7423 ], [ 101.0911, 16.6951 ], [ 101.1028, 16.69 ], [ 101.105, 16.6829 ], [ 101.0932, 16.6787 ], [ 101.0548, 16.6785 ], [ 101.0504, 16.6734 ], [ 101.0488, 16.6597 ], [ 101.0611, 16.6521 ], [ 101.0533, 16.6447 ], [ 101.0517, 16.6286 ], [ 101.0712, 16.6077 ], [ 101.0664, 16.6005 ], [ 101.0717, 16.599 ], [ 101.0674, 16.5955 ], [ 101.0749, 16.5891 ], [ 101.0572, 16.5868 ], [ 101.0578, 16.581 ], [ 101.0511, 16.5648 ] ] ] } },
{ "type": "Feature", "properties": { "id": "AMP_0230", "name": "บรรพตพิสัย" }, "geometry": { "type": "Polygon", "coordinates": [ [ [ 100.0493, 15.8846 ], [ 100.057, 15.8748 ], [ 100.013, 15.8612 ], [ 99.9967, 15.8452 ], [ 99.997, 15.8405 ], [ 99.9934, 15.846 ], [ 99.9859, 15.8448 ], [ 99.9759, 15.8497 ], [ 99.969, 15.8438 ], [ 99.9437, 15.845 ], [ 99.9298, 15.8379 ], [ 99.9004, 15.8897 ], [ 99.8876, 15.9072 ], [ 99.8806, 15.9131 ], [ 99.8646, 15.9098 ], [ 99.8671, 15.9042 ], [ 99.8618, 15.9012 ], [ 99.8384, 15.9146 ], [ 99.8351, 15.9111 ], [ 99.8047, 15.9204 ], [ 99.8073, 15.9438 ], [ 99.8252, 15.9501 ], [ 99.8278, 15.9626 ], [ 99.8462, 15.9814 ], [ 99.8451, 16.0173 ], [ 99.8717, 16.0429 ], [ 99.8944, 16.0539 ], [ 99.917, 16.0494 ], [ 99.9318, 16.0539 ], [ 99.9386, 16.0687 ], [ 100.0159, 16.1528 ], [ 100.0216, 16.1637 ], [ 100.0253, 16.1918 ], [ 100.0376, 16.1825 ], [ 100.0386, 16.1774 ], [ 100.0443, 16.1684 ], [ 100.0555, 16.1673 ], [ 100.0631, 16.1596 ], [ 100.0756, 16.1631 ], [ 100.0768, 16.1473 ], [ 100.0856, 16.1435 ], [ 100.0774, 16.1249 ], [ 100.0949, 16.111 ], [ 100.0963, 16.0946 ], [ 100.1144, 16.0791 ], [ 100.1091, 16.0763 ], [ 100.1193, 16.055 ], [ 100.1158, 16.0472 ], [ 100.1308, 16.0355 ], [ 100.1284, 16.0259 ], [ 100.1375, 16.0127 ], [ 100.1488, 15.9891 ], [ 100.1613, 15.9797 ], [ 100.1605, 15.961 ], [ 100.1506, 15.9534 ], [ 100.1417, 15.9581 ], [ 100.1347, 15.9556 ], [ 100.136, 15.9376 ], [ 100.123, 15.9312 ], [ 100.0969, 15.945 ], [ 100.0839, 15.9451 ], [ 100.0524, 15.9655 ], [ 100.0337, 15.9559 ], [ 100.0363, 15.9148 ], [ 100.0241, 15.8983 ], [ 100.0493, 15.8846 ] ] ] } },
{ "type": "Feature", "properties": { "id": "AMP_0231", "name": "เก้าเลี้ยว" }, "geometry": { "type": "Polygon", "coordinates": [ [ [ 100.1214, 15.8212 ], [ 100.1189, 15.8166 ], [ 100.1096, 15.8145 ], [ 100.0788, 15.8164 ], [ 100.0527, 15.8065 ], [ 100.0538, 15.815 ], [ 100.0212, 15.8182 ], [ 99.997, 15.8405 ], [ 99.9967, 15.8452 ], [ 100.013, 15.8612 ], [ 100.057, 15.8748 ], [ 100.0493, 15.8846 ], [ 100.0241, 15.8983 ], [ 100.0363, 15.9148 ], [ 100.0337, 15.9559 ], [ 100.0524, 15.9655 ], [ 100.0839, 15.9451 ], [ 100.0969, 15.945 ], [ 100.123, 15.9312 ], [ 100.136, 15.9376 ], [ 100.1347, 15.9556 ], [ 100.1417, 15.9581 ], [ 100.1506, 15.9534 ], [ 100.1605, 15.961 ], [ 100.1682, 15.9564 ], [ 100.1751, 15.9341 ], [ 100.1679, 15.9323 ], [ 100.1728, 15.9248 ], [ 100.1689, 15.9147 ], [ 100.174, 15.8884 ], [ 100.1701, 15.8805 ], [ 100.1764, 15.8704 ], [ 100.1832, 15.8681 ], [ 100.1746, 15.8636 ], [ 100.1743, 15.8586 ], [ 100.1882, 15.8522 ], [ 100.1845, 15.8372 ], [ 100.18, 15.8367 ], [ 100.1825, 15.8318 ], [ 100.1644, 15.8235 ], [ 100.1642, 15.8125 ], [ 100.152, 15.8128 ], [ 100.1376, 15.8224 ], [ 100.1318, 15.8207 ], [ 100.1214, 15.8212 ] ] ] } },
{ "type": "Feature", "properties": { "id": "AMP_0232", "name": "วังโป่ง" }, "geometry": { "type": "Polygon", "coordinates": [ [ [ 100.8472, 16.2903 ], [ 100.8413, 16.283 ], [ 100.8386, 16.2678 ], [ 100.8307, 16.2694 ], [ 100.8201, 16.2818 ], [ 100.8057, 16.2798 ], [ 100.791, 16.2713 ], [ 100.7816, 16.2718 ], [ 100.7801, 16.2674 ], [ 100.7708, 16.2677 ], [ 100.7627, 16.2604 ], [ 100.7544, 16.2636 ], [ 100.7411, 16.2567 ], [ 100.7177, 16.2576 ], [ 100.7144, 16.2539 ], [ 100.7077, 16.2558 ], [ 100.6941, 16.2493 ], [ 100.6775, 16.248 ], [ 100.6692, 16.2505 ], [ 100.6686, 16.2548 ], [ 100.6733, 16.2562 ], [ 100.6763, 16.2626 ], [ 100.6716, 16.2573 ], [ 100.6628, 16.2678 ], [ 100.6501, 16.2975 ], [ 100.649, 16.3082 ], [ 100.6538, 16.3196 ], [ 100.6526, 16.322 ], [ 100.667, 16.3509 ], [ 100.7069, 16.3857 ], [ 100.7038, 16.4112 ], [ 100.7094, 16.418 ], [ 100.724, 16.423 ], [ 100.7409, 16.4188 ], [ 100.7623, 16.4317 ], [ 100.7722, 16.4263 ], [ 100.7751, 16.4381 ], [ 100.7866, 16.4492 ], [ 100.8052, 16.4499 ], [ 100.8365, 16.4302 ], [ 100.8425, 16.4356 ], [ 100.8547, 16.4363 ], [ 100.8722, 16.4335 ], [ 100.884, 16.4427 ], [ 100.9086, 16.4135 ], [ 100.9234, 16.4123 ], [ 100.9314, 16.4009 ], [ 100.9541, 16.391 ], [ 100.9608, 16.3919 ], [ 100.9747, 16.3817 ], [ 100.9819, 16.3832 ], [ 100.9942, 16.3654 ], [ 100.9935, 16.3539 ], [ 100.9734, 16.3284 ], [ 100.9722, 16.3214 ], [ 100.9641, 16.3167 ], [ 100.9425, 16.3087 ], [ 100.9218, 16.3036 ], [ 100.9107, 16.3199 ], [ 100.9029, 16.3191 ], [ 100.8842, 16.3302 ], [ 100.8637, 16.33 ], [ 100.8459, 16.3153 ], [ 100.8427, 16.305 ], [ 100.8472, 16.2903 ] ] ] } },
{ "type": "Feature", "properties": { "id": "AMP_0233", "name": "บึงสามพัน" }, "geometry": { "type": "Polygon", "coordinates": [ [ [ 100.8965, 15.6998 ], [ 100.8599, 15.6985 ], [ 100.8465, 15.7008 ], [ 100.8418, 15.7078 ], [ 100.8187, 15.7124 ], [ 100.8197, 15.7474 ], [ 100.812, 15.7598 ], [ 100.7976, 15.8287 ], [ 100.7899, 15.8444 ], [ 100.7997, 15.8651 ], [ 100.7978, 15.8916 ], [ 100.7793, 15.897 ], [ 100.7982, 15.9264 ], [ 100.8085, 15.9249 ], [ 100.8212, 15.911 ], [ 100.8415, 15.9098 ], [ 100.8572, 15.9289 ], [ 100.8808, 15.9223 ], [ 100.8917, 15.9002 ], [ 100.9019, 15.897 ], [ 100.916, 15.9007 ], [ 100.9254, 15.8923 ], [ 100.9249, 15.9074 ], [ 100.9402, 15.9015 ], [ 100.9395, 15.9072 ], [ 100.9496, 15.9111 ], [ 100.9813, 15.9011 ], [ 101.0041, 15.9086 ], [ 101.0221, 15.9002 ], [ 101.0393, 15.8819 ], [ 101.0524, 15.8816 ], [ 101.0605, 15.8865 ], [ 101.0583, 15.876 ], [ 101.0634, 15.8725 ], [ 101.0736, 15.8729 ], [ 101.1323, 15.8667 ], [ 101.1766, 15.8684 ], [ 101.2009, 15.8669 ], [ 101.2123, 15.8865 ], [ 101.2231, 15.8936 ], [ 101.232, 15.8928 ], [ 101.2381, 15.8994 ], [ 101.2375, 15.9094 ], [ 101.2423, 15.9125 ], [ 101.2481, 15.9127 ], [ 101.262, 15.9197 ], [ 101.2655, 15.9273 ], [ 101.2782, 15.9295 ], [ 101.2834, 15.9253 ], [ 101.2777, 15.9152 ], [ 101.2892, 15.907 ], [ 101.2993, 15.9211 ], [ 101.3013, 15.9384 ], [ 101.3091, 15.9432 ], [ 101.3434, 15.9323 ], [ 101.3522, 15.9343 ], [ 101.3602, 15.929 ], [ 101.3637, 15.9317 ], [ 101.3608, 15.9229 ], [ 101.3743, 15.9195 ], [ 101.369, 15.9102 ], [ 101.3626, 15.9077 ], [ 101.3525, 15.8886 ], [ 101.3405, 15.8884 ], [ 101.3324, 15.8811 ], [ 101.3267, 15.8519 ], [ 101.318, 15.8437 ], [ 101.3086, 15.8474 ], [ 101.3027, 15.8652 ], [ 101.2866, 15.8719 ], [ 101.2733, 15.8653 ], [ 101.2759, 15.8607 ], [ 101.272, 15.8571 ], [ 101.2661, 15.8576 ], [ 101.26, 15.8662 ], [ 101.2466, 15.8643 ], [ 101.234, 15.8333 ], [ 101.198, 15.8336 ], [ 101.1901, 15.8082 ], [ 101.1746, 15.8043 ], [ 101.1404, 15.8056 ], [ 101.1237, 15.801 ], [ 101.0922, 15.7962 ], [ 101.0884, 15.7802 ], [ 101.076, 15.7607 ], [ 101.0694, 15.7568 ], [ 101.0553, 15.7607 ], [ 101.045, 15.7711 ], [ 101.0135, 15.7475 ], [ 100.9899, 15.7389 ], [ 100.9666, 15.7375 ], [ 100.9636, 15.7333 ], [ 100.9513, 15.7318 ], [ 100.9146, 15.7067 ], [ 100.8965, 15.6998 ] ] ] } },
{ "type": "Feature", "properties": { "id": "AMP_0234", "name": "น้ำหนาว" }, "geometry": { "type": "Polygon", "coordinates": [ [ [ 101.7897, 16.7469 ], [ 101.7859, 16.7428 ], [ 101.7916, 16.7267 ], [ 101.7764, 16.7126 ], [ 101.7723, 16.6874 ], [ 101.7659, 16.6799 ], [ 101.7516, 16.6775 ], [ 101.7508, 16.668 ], [ 101.7442, 16.6695 ], [ 101.7413, 16.6603 ], [ 101.7369, 16.6612 ], [ 101.7314, 16.6524 ], [ 101.7246, 16.6514 ], [ 101.7065, 16.6706 ], [ 101.7026, 16.6685 ], [ 101.7013, 16.6793 ], [ 101.6983, 16.6771 ], [ 101.6887, 16.6862 ], [ 101.6565, 16.6885 ], [ 101.6344, 16.6802 ], [ 101.6179, 16.6857 ], [ 101.6017, 16.7077 ], [ 101.5918, 16.7092 ], [ 101.5925, 16.7184 ], [ 101.5875, 16.7239 ], [ 101.5678, 16.7258 ], [ 101.5598, 16.7307 ], [ 101.554, 16.7281 ], [ 101.554, 16.7116 ], [ 101.5626, 16.697 ], [ 101.5712, 16.6922 ], [ 101.5777, 16.6727 ], [ 101.5719, 16.6483 ], [ 101.5613, 16.6495 ], [ 101.5472, 16.6683 ], [ 101.5379, 16.6661 ], [ 101.527, 16.6794 ], [ 101.5134, 16.681 ], [ 101.5105, 16.7573 ], [ 101.5163, 16.7612 ], [ 101.5253, 16.7846 ], [ 101.5191, 16.8081 ], [ 101.5165, 16.8278 ], [ 101.5054, 16.855 ], [ 101.4907, 16.8605 ], [ 101.4821, 16.8588 ], [ 101.4795, 16.8437 ], [ 101.4688, 16.8369 ], [ 101.469, 16.8331 ], [ 101.4614, 16.8278 ], [ 101.4568, 16.8309 ], [ 101.4407, 16.8254 ], [ 101.4425, 16.8367 ], [ 101.4377, 16.8372 ], [ 101.4332, 16.8515 ], [ 101.3988, 16.8575 ], [ 101.4085, 16.8681 ], [ 101.4071, 16.8858 ], [ 101.4239, 16.8939 ], [ 101.4209, 16.9107 ], [ 101.4251, 16.9275 ], [ 101.4229, 16.9323 ], [ 101.4171, 16.9318 ], [ 101.4263, 16.9444 ], [ 101.4225, 16.9563 ], [ 101.4341, 16.9798 ], [ 101.4342, 16.9875 ], [ 101.4297, 16.9897 ], [ 101.432, 17.0065 ], [ 101.4263, 17.011 ], [ 101.4434, 17.0129 ], [ 101.4548, 17.0061 ], [ 101.4884, 17.0054 ], [ 101.5043, 17.0102 ], [ 101.5332, 17.0234 ], [ 101.5444, 17.0153 ], [ 101.551, 16.9949 ], [ 101.5752, 16.9836 ], [ 101.5825, 16.9869 ], [ 101.5874, 16.9963 ], [ 101.6076, 16.999 ], [ 101.6289, 17.0455 ], [ 101.644, 17.0392 ], [ 101.6501, 17.0415 ], [ 101.6454, 17.0289 ], [ 101.6554, 17.0117 ], [ 101.6543, 17.0051 ], [ 101.6753, 16.9757 ], [ 101.6723, 16.9576 ], [ 101.678, 16.9398 ], [ 101.6917, 16.9361 ], [ 101.6871, 16.9308 ], [ 101.6919, 16.9233 ], [ 101.685, 16.9222 ], [ 101.6847, 16.9015 ], [ 101.6782, 16.8838 ], [ 101.6836, 16.8686 ], [ 101.6766, 16.8668 ], [ 101.6809, 16.8576 ], [ 101.6881, 16.8582 ], [ 101.6845, 16.8486 ], [ 101.6872, 16.845 ], [ 101.6905, 16.8484 ], [ 101.6926, 16.8355 ], [ 101.6986, 16.834 ], [ 101.6997, 16.8281 ], [ 101.7063, 16.8298 ], [ 101.7215, 16.8068 ], [ 101.7193, 16.7997 ], [ 101.7007, 16.8097 ], [ 101.687, 16.7986 ], [ 101.7048, 16.7835 ], [ 101.7187, 16.7588 ], [ 101.7277, 16.7533 ], [ 101.7382, 16.7555 ], [ 101.7632, 16.756 ], [ 101.7879, 16.7643 ], [ 101.7829, 16.7541 ], [ 101.7897, 16.7469 ] ] ] } },
{ "type": "Feature", "properties": { "id": "AMP_0235", "name": "ศรีเทพ" }, "geometry": { "type": "Polygon", "coordinates": [ [ [ 101.3069, 15.4723 ], [ 101.2976, 15.4559 ], [ 101.3021, 15.4388 ], [ 101.3075, 15.4349 ], [ 101.3029, 15.4308 ], [ 101.3055, 15.3927 ], [ 101.2989, 15.3807 ], [ 101.2849, 15.3742 ], [ 101.2785, 15.3632 ], [ 101.2535, 15.3518 ], [ 101.2477, 15.3537 ], [ 101.2021, 15.3256 ], [ 101.1893, 15.3302 ], [ 101.1828, 15.327 ], [ 101.1756, 15.3342 ], [ 101.1526, 15.3331 ], [ 101.1474, 15.3394 ], [ 101.1276, 15.3346 ], [ 101.1235, 15.3414 ], [ 101.1244, 15.3361 ], [ 101.1154, 15.3392 ], [ 101.1105, 15.3364 ], [ 101.1118, 15.3421 ], [ 101.1055, 15.34 ], [ 101.1063, 15.3441 ], [ 101.0823, 15.3523 ], [ 101.0657, 15.3278 ], [ 101.0537, 15.3198 ], [ 101.0408, 15.3258 ], [ 101.0292, 15.3225 ], [ 101.0228, 15.3385 ], [ 101.0125, 15.3282 ], [ 100.9944, 15.3205 ], [ 100.9856, 15.3247 ], [ 100.9782, 15.337 ], [ 100.9839, 15.348 ], [ 100.9784, 15.367 ], [ 100.9753, 15.4167 ], [ 100.9636, 15.411 ], [ 100.9537, 15.4118 ], [ 100.9483, 15.4061 ], [ 100.9323, 15.4145 ], [ 100.9308, 15.4275 ], [ 100.9243, 15.4348 ], [ 100.9275, 15.4626 ], [ 100.9329, 15.469 ], [ 100.9269, 15.4832 ], [ 100.9312, 15.488 ], [ 100.967, 15.5002 ], [ 100.9898, 15.4932 ], [ 101.0172, 15.4966 ], [ 101.0323, 15.4929 ], [ 101.0413, 15.4849 ], [ 101.056, 15.4884 ], [ 101.0763, 15.4823 ], [ 101.0898, 15.4867 ], [ 101.0862, 15.4903 ], [ 101.0839, 15.4886 ], [ 101.0873, 15.4979 ], [ 101.0836, 15.5019 ], [ 101.0903, 15.5012 ], [ 101.091, 15.5097 ], [ 101.0959, 15.5129 ], [ 101.0904, 15.5144 ], [ 101.0905, 15.5183 ], [ 101.0821, 15.5172 ], [ 101.0895, 15.5287 ], [ 101.0882, 15.5389 ], [ 101.0818, 15.5407 ], [ 101.0786, 15.5515 ], [ 101.0824, 15.5535 ], [ 101.0804, 15.5575 ], [ 101.0831, 15.5546 ], [ 101.0907, 15.5571 ], [ 101.0926, 15.5522 ], [ 101.0936, 15.5612 ], [ 101.1082, 15.5525 ], [ 101.1091, 15.5444 ], [ 101.1431, 15.5697 ], [ 101.1545, 15.5679 ], [ 101.1622, 15.5601 ], [ 101.1837, 15.5577 ], [ 101.2724, 15.5643 ], [ 101.311, 15.5742 ], [ 101.3064, 15.5501 ], [ 101.2881, 15.5311 ], [ 101.2893, 15.527 ], [ 101.2979, 15.5293 ], [ 101.3034, 15.519 ], [ 101.3026, 15.5012 ], [ 101.3069, 15.4723 ] ] ] } },
{ "type": "Feature", "properties": { "id": "AMP_0236", "name": "หนองไผ่" }, "geometry": { "type": "Polygon", "coordinates": [ [ [ 101.2375, 15.9094 ], [ 101.2381, 15.8994 ], [ 101.232, 15.8928 ], [ 101.2231, 15.8936 ], [ 101.2123, 15.8865 ], [ 101.2009, 15.8669 ], [ 101.1766, 15.8684 ], [ 101.1323, 15.8667 ], [ 101.0736, 15.8729 ], [ 101.0634, 15.8725 ], [ 101.0583, 15.876 ], [ 101.0605, 15.8865 ], [ 101.0524, 15.8816 ], [ 101.0393, 15.8819 ], [ 101.0221, 15.9002 ], [ 101.0041, 15.9086 ], [ 100.9813, 15.9011 ], [ 100.9496, 15.9111 ], [ 100.9395, 15.9072 ], [ 100.9402, 15.9015 ], [ 100.9249, 15.9074 ], [ 100.9254, 15.8923 ], [ 100.916, 15.9007 ], [ 100.9019, 15.897 ], [ 100.8968, 15.9015 ], [ 100.8977, 15.9159 ], [ 100.8798, 15.9562 ], [ 100.8878, 15.9622 ], [ 100.8878, 15.967 ], [ 100.8934, 15.9649 ], [ 100.9022, 15.9872 ], [ 100.9301, 15.9786 ], [ 100.9425, 15.98 ], [ 100.9293, 15.9854 ], [ 100.9434, 15.9905 ], [ 100.9606, 15.987 ], [ 100.9728, 15.9957 ], [ 100.9835, 15.9887 ], [ 100.9866, 16.0051 ], [ 100.9841, 16.0241 ], [ 100.9892, 16.0314 ], [ 100.9886, 16.0419 ], [ 100.9797, 16.0512 ], [ 100.9827, 16.0628 ], [ 100.9815, 16.0661 ], [ 100.9746, 16.0607 ], [ 100.9675, 16.0616 ], [ 100.946, 16.0718 ], [ 100.9393, 16.0637 ], [ 100.9329, 16.0636 ], [ 100.9338, 16.074 ], [ 100.9251, 16.078 ], [ 100.9074, 16.1073 ], [ 100.9246, 16.1329 ], [ 100.9413, 16.1257 ], [ 100.9452, 16.1369 ], [ 100.9512, 16.1339 ], [ 100.9731, 16.1459 ], [ 100.9752, 16.1371 ], [ 100.9796, 16.1335 ], [ 100.9863, 16.1389 ], [ 100.9823, 16.1529 ], [ 100.9845, 16.1659 ], [ 100.997, 16.1707 ], [ 100.9979, 16.1605 ], [ 101.0072, 16.1558 ], [ 101.0166, 16.1606 ], [ 101.0212, 16.1699 ], [ 101.0408, 16.1687 ], [ 101.0842, 16.1512 ], [ 101.0856, 16.1413 ], [ 101.0931, 16.1393 ], [ 101.0952, 16.1179 ], [ 101.1086, 16.1 ], [ 101.132, 16.1034 ], [ 101.1423, 16.0908 ], [ 101.1533, 16.1008 ], [ 101.169, 16.1055 ], [ 101.1711, 16.1173 ], [ 101.1652, 16.1412 ], [ 101.1761, 16.1455 ], [ 101.1923, 16.1481 ], [ 101.1959, 16.1791 ], [ 101.2047, 16.1794 ], [ 101.207, 16.171 ], [ 101.219, 16.1703 ], [ 101.2207, 16.1667 ], [ 101.2265, 16.1718 ], [ 101.2421, 16.1662 ], [ 101.252, 16.1817 ], [ 101.2686, 16.1811 ], [ 101.2715, 16.1768 ], [ 101.2963, 16.1903 ], [ 101.2981, 16.1874 ], [ 101.3121, 16.1909 ], [ 101.3164, 16.1842 ], [ 101.324, 16.1873 ], [ 101.3356, 16.1731 ], [ 101.3398, 16.1812 ], [ 101.3582, 16.1839 ], [ 101.3598, 16.1919 ], [ 101.3775, 16.1871 ], [ 101.3632, 16.1856 ], [ 101.3625, 16.1767 ], [ 101.3561, 16.1742 ], [ 101.3542, 16.165 ], [ 101.3408, 16.1537 ], [ 101.3446, 16.1433 ], [ 101.3354, 16.1184 ], [ 101.3377, 16.1119 ], [ 101.3309, 16.0762 ], [ 101.3253, 16.0613 ], [ 101.3299, 16.0541 ], [ 101.3229, 16.041 ], [ 101.3301, 16.0342 ], [ 101.3305, 16.0232 ], [ 101.3414, 16.0125 ], [ 101.3434, 16.0019 ], [ 101.3372, 15.9917 ], [ 101.3473, 15.9827 ], [ 101.3581, 15.9632 ], [ 101.3739, 15.9685 ], [ 101.37, 15.9393 ], [ 101.3602, 15.929 ], [ 101.3522, 15.9343 ], [ 101.3434, 15.9323 ], [ 101.3091, 15.9432 ], [ 101.3013, 15.9384 ], [ 101.2993, 15.9211 ], [ 101.2892, 15.907 ], [ 101.2777, 15.9152 ], [ 101.2834, 15.9253 ], [ 101.2782, 15.9295 ], [ 101.2655, 15.9273 ], [ 101.262, 15.9197 ], [ 101.2481, 15.9127 ], [ 101.2423, 15.9125 ], [ 101.2375, 15.9094 ] ] ] } },
{ "type": "Feature", "properties": { "id": "AMP_0237", "name": "มหาราช" }, "geometry": { "type": "Polygon", "coordinates": [ [ [ 100.5039, 14.512 ], [ 100.4965, 14.5075 ], [ 100.4906, 14.5149 ], [ 100.4988, 14.5196 ], [ 100.4913, 14.5321 ], [ 100.492, 14.5484 ], [ 100.479, 14.5678 ], [ 100.4892, 14.5769 ], [ 100.4927, 14.5853 ], [ 100.4915, 14.6094 ], [ 100.4999, 14.618 ], [ 100.4991, 14.625 ], [ 100.5033, 14.63 ], [ 100.5284, 14.6211 ], [ 100.5822, 14.6243 ], [ 100.5767, 14.6046 ], [ 100.5789, 14.5998 ], [ 100.5753, 14.5969 ], [ 100.6032, 14.5785 ], [ 100.6026, 14.5565 ], [ 100.5693, 14.5448 ], [ 100.5497, 14.5259 ], [ 100.519, 14.5204 ], [ 100.5136, 14.5272 ], [ 100.5158, 14.5317 ], [ 100.5094, 14.5326 ], [ 100.5039, 14.512 ] ] ] } },
{ "type": "Feature", "properties": { "id": "AMP_0238", "name": "บ้านแพรก" }, "geometry": { "type": "Polygon", "coordinates": [ [ [ 100.5822, 14.6243 ], [ 100.5284, 14.6211 ], [ 100.5033, 14.63 ], [ 100.4986, 14.6348 ], [ 100.5, 14.6495 ], [ 100.5083, 14.6522 ], [ 100.5048, 14.6556 ], [ 100.5028, 14.6679 ], [ 100.5092, 14.673 ], [ 100.507, 14.662 ], [ 100.5131, 14.6565 ], [ 100.5242, 14.6653 ], [ 100.5336, 14.6652 ], [ 100.5492, 14.6713 ], [ 100.5526, 14.6605 ], [ 100.5694, 14.6615 ], [ 100.5814, 14.664 ], [ 100.6024, 14.6538 ], [ 100.5822, 14.6243 ] ] ] } },
{ "type": "Feature", "properties": { "id": "AMP_0239", "name": "บางมูลนาก" }, "geometry": { "type": "Polygon", "coordinates": [ [ [ 100.4611, 15.9383 ], [ 100.459, 15.9416 ], [ 100.449, 15.9343 ], [ 100.4163, 15.9451 ], [ 100.4102, 15.9367 ], [ 100.3988, 15.9327 ], [ 100.3877, 15.9386 ], [ 100.3658, 15.9406 ], [ 100.3315, 15.9411 ], [ 100.3427, 15.9652 ], [ 100.3389, 15.9785 ], [ 100.3222, 15.9878 ], [ 100.3235, 15.9741 ], [ 100.3132, 15.9779 ], [ 100.3062, 15.9735 ], [ 100.3008, 15.9813 ], [ 100.3026, 15.9868 ], [ 100.3187, 16.0009 ], [ 100.3226, 15.9982 ], [ 100.3289, 16.0013 ], [ 100.3241, 16.007 ], [ 100.3278, 16.0123 ], [ 100.3254, 16.0221 ], [ 100.333, 16.0233 ], [ 100.3422, 16.0374 ], [ 100.3422, 16.0552 ], [ 100.3543, 16.0649 ], [ 100.3687, 16.0912 ], [ 100.3655, 16.0986 ], [ 100.3721, 16.1072 ], [ 100.3668, 16.1074 ], [ 100.3655, 16.1142 ], [ 100.358, 16.1179 ], [ 100.3604, 16.1237 ], [ 100.3718, 16.1229 ], [ 100.3891, 16.1515 ], [ 100.3962, 16.1552 ], [ 100.4275, 16.1567 ], [ 100.4372, 16.1532 ], [ 100.4319, 16.1403 ], [ 100.4365, 16.1407 ], [ 100.449, 16.1264 ], [ 100.4456, 16.1228 ], [ 100.4327, 16.1226 ], [ 100.4345, 16.1172 ], [ 100.4635, 16.1196 ], [ 100.4716, 16.1153 ], [ 100.4742, 16.096 ], [ 100.5165, 16.0913 ], [ 100.5226, 16.0954 ], [ 100.5292, 16.0946 ], [ 100.5436, 16.079 ], [ 100.5405, 16.0499 ], [ 100.5211, 16.0165 ], [ 100.5325, 16.0158 ], [ 100.5309, 16.0112 ], [ 100.5108, 15.9992 ], [ 100.4945, 16.0073 ], [ 100.492, 16.0011 ], [ 100.4997, 15.978 ], [ 100.5038, 15.9376 ], [ 100.4743, 15.9365 ], [ 100.4611, 15.9383 ] ] ] } },
{ "type": "Feature", "properties": { "id": "AMP_0240", "name": "โพทะเล" }, "geometry": { "type": "Polygon", "coordinates": [ [ [ 100.3008, 15.9813 ], [ 100.3062, 15.9735 ], [ 100.3093, 15.9612 ], [ 100.2671, 15.9399 ], [ 100.2575, 15.9545 ], [ 100.242, 15.9532 ], [ 100.2393, 15.9497 ], [ 100.2443, 15.9413 ], [ 100.2402, 15.9343 ], [ 100.2168, 15.9276 ], [ 100.2022, 15.9343 ], [ 100.1866, 15.9352 ], [ 100.1813, 15.9287 ], [ 100.1751, 15.9341 ], [ 100.1682, 15.9564 ], [ 100.1605, 15.961 ], [ 100.1613, 15.9797 ], [ 100.1488, 15.9891 ], [ 100.1375, 16.0127 ], [ 100.1284, 16.0259 ], [ 100.1308, 16.0355 ], [ 100.1158, 16.0472 ], [ 100.1193, 16.055 ], [ 100.1091, 16.0763 ], [ 100.1144, 16.0791 ], [ 100.1289, 16.0706 ], [ 100.1346, 16.096 ], [ 100.162, 16.1063 ], [ 100.171, 16.1476 ], [ 100.174, 16.1518 ], [ 100.1759, 16.147 ], [ 100.182, 16.1611 ], [ 100.1832, 16.1806 ], [ 100.1974, 16.1896 ], [ 100.2232, 16.1902 ], [ 100.2301, 16.17 ], [ 100.2453, 16.1574 ], [ 100.2547, 16.158 ], [ 100.2503, 16.1784 ], [ 100.2608, 16.1787 ], [ 100.2581, 16.1893 ], [ 100.2736, 16.1847 ], [ 100.2883, 16.1876 ], [ 100.317, 16.1687 ], [ 100.3317, 16.1685 ], [ 100.3303, 16.1594 ], [ 100.3361, 16.1522 ], [ 100.3333, 16.1458 ], [ 100.344, 16.1453 ], [ 100.3504, 16.1286 ], [ 100.3691, 16.1279 ], [ 100.3667, 16.1227 ], [ 100.3604, 16.1237 ], [ 100.358, 16.1179 ], [ 100.3655, 16.1142 ], [ 100.3668, 16.1074 ], [ 100.3721, 16.1072 ], [ 100.3655, 16.0986 ], [ 100.3687, 16.0912 ], [ 100.3543, 16.0649 ], [ 100.3422, 16.0552 ], [ 100.3422, 16.0374 ], [ 100.333, 16.0233 ], [ 100.3254, 16.0221 ], [ 100.3278, 16.0123 ], [ 100.3241, 16.007 ], [ 100.3289, 16.0013 ], [ 100.3226, 15.9982 ], [ 100.3187, 16.0009 ], [ 100.3026, 15.9868 ], [ 100.3008, 15.9813 ] ] ] } },
{ "type": "Feature", "properties": { "id": "AMP_0241", "name": "โพธิ์ประทับช้าง" }, "geometry": { "type": "Polygon", "coordinates": [ [ [ 100.1888, 16.2495 ], [ 100.152, 16.2432 ], [ 100.1251, 16.2473 ], [ 100.1159, 16.2552 ], [ 100.1031, 16.2551 ], [ 100.0861, 16.2637 ], [ 100.0598, 16.2621 ], [ 100.0403, 16.2753 ], [ 100.0356, 16.2688 ], [ 100.0285, 16.2704 ], [ 100.0331, 16.2838 ], [ 100.0189, 16.301 ], [ 100.022, 16.3077 ], [ 100.0192, 16.3225 ], [ 100.0273, 16.3315 ], [ 100.0531, 16.3321 ], [ 100.0559, 16.3503 ], [ 100.0721, 16.3601 ], [ 100.1151, 16.3785 ], [ 100.1423, 16.3723 ], [ 100.1685, 16.374 ], [ 100.2183, 16.3891 ], [ 100.2168, 16.3992 ], [ 100.2353, 16.4174 ], [ 100.2418, 16.3988 ], [ 100.2656, 16.3942 ], [ 100.2701, 16.3912 ], [ 100.2795, 16.3639 ], [ 100.3155, 16.3614 ], [ 100.332, 16.3321 ], [ 100.3341, 16.3144 ], [ 100.3225, 16.2887 ], [ 100.3118, 16.2762 ], [ 100.3048, 16.2813 ], [ 100.2871, 16.2815 ], [ 100.2897, 16.2936 ], [ 100.2825, 16.2923 ], [ 100.272, 16.2933 ], [ 100.2649, 16.2828 ], [ 100.2682, 16.2614 ], [ 100.2608, 16.2551 ], [ 100.2606, 16.241 ], [ 100.252, 16.2362 ], [ 100.2458, 16.2372 ], [ 100.2446, 16.2439 ], [ 100.2137, 16.2452 ], [ 100.1888, 16.2495 ] ] ] } },
{ "type": "Feature", "properties": { "id": "AMP_0242", "name": "ตะพานหิน" }, "geometry": { "type": "Polygon", "coordinates": [ [ [ 100.5147, 16.1007 ], [ 100.5226, 16.0954 ], [ 100.5165, 16.0913 ], [ 100.4742, 16.096 ], [ 100.4716, 16.1153 ], [ 100.4635, 16.1196 ], [ 100.4345, 16.1172 ], [ 100.4327, 16.1226 ], [ 100.4456, 16.1228 ], [ 100.449, 16.1264 ], [ 100.4365, 16.1407 ], [ 100.4319, 16.1403 ], [ 100.4372, 16.1532 ], [ 100.4275, 16.1567 ], [ 100.3962, 16.1552 ], [ 100.3891, 16.1515 ], [ 100.3718, 16.1229 ], [ 100.3667, 16.1227 ], [ 100.3691, 16.1279 ], [ 100.3504, 16.1286 ], [ 100.344, 16.1453 ], [ 100.3333, 16.1458 ], [ 100.3361, 16.1522 ], [ 100.3303, 16.1594 ], [ 100.3317, 16.1685 ], [ 100.317, 16.1687 ], [ 100.2883, 16.1876 ], [ 100.2736, 16.1847 ], [ 100.2581, 16.1893 ], [ 100.2531, 16.1936 ], [ 100.2591, 16.2013 ], [ 100.2529, 16.2209 ], [ 100.2541, 16.2265 ], [ 100.2607, 16.226 ], [ 100.2642, 16.2346 ], [ 100.2606, 16.241 ], [ 100.2608, 16.2551 ], [ 100.2682, 16.2614 ], [ 100.2649, 16.2828 ], [ 100.272, 16.2933 ], [ 100.2825, 16.2923 ], [ 100.2897, 16.2936 ], [ 100.2871, 16.2815 ], [ 100.3048, 16.2813 ], [ 100.3118, 16.2762 ], [ 100.3225, 16.2887 ], [ 100.319, 16.2805 ], [ 100.3231, 16.2747 ], [ 100.3488, 16.2723 ], [ 100.3463, 16.2599 ], [ 100.3562, 16.253 ], [ 100.3627, 16.2535 ], [ 100.3614, 16.2605 ], [ 100.3681, 16.2631 ], [ 100.3696, 16.2705 ], [ 100.3981, 16.2709 ], [ 100.397, 16.2757 ], [ 100.4085, 16.2895 ], [ 100.4054, 16.2944 ], [ 100.4153, 16.3098 ], [ 100.4575, 16.2902 ], [ 100.4813, 16.2951 ], [ 100.5203, 16.2992 ], [ 100.4758, 16.2539 ], [ 100.4868, 16.2381 ], [ 100.5128, 16.2367 ], [ 100.5274, 16.2428 ], [ 100.5763, 16.2493 ], [ 100.581, 16.2406 ], [ 100.5807, 16.2353 ], [ 100.574, 16.2311 ], [ 100.5667, 16.2222 ], [ 100.5405, 16.2128 ], [ 100.5315, 16.2036 ], [ 100.5321, 16.1976 ], [ 100.5428, 16.201 ], [ 100.5331, 16.1903 ], [ 100.5322, 16.1806 ], [ 100.5231, 16.1839 ], [ 100.5151, 16.1474 ], [ 100.5106, 16.1114 ], [ 100.5147, 16.1007 ] ] ] } },
{ "type": "Feature", "properties": { "id": "AMP_0243", "name": "เมืองพิจิตร" }, "geometry": { "type": "Polygon", "coordinates": [ [ [ 100.4054, 16.2944 ], [ 100.4085, 16.2895 ], [ 100.397, 16.2757 ], [ 100.3981, 16.2709 ], [ 100.3696, 16.2705 ], [ 100.3681, 16.2631 ], [ 100.3614, 16.2605 ], [ 100.3627, 16.2535 ], [ 100.3562, 16.253 ], [ 100.3463, 16.2599 ], [ 100.3488, 16.2723 ], [ 100.3231, 16.2747 ], [ 100.319, 16.2805 ], [ 100.3341, 16.3144 ], [ 100.332, 16.3321 ], [ 100.3155, 16.3614 ], [ 100.2795, 16.3639 ], [ 100.2701, 16.3912 ], [ 100.2656, 16.3942 ], [ 100.2418, 16.3988 ], [ 100.2353, 16.4174 ], [ 100.242, 16.4274 ], [ 100.2409, 16.4388 ], [ 100.2527, 16.4485 ], [ 100.2545, 16.4608 ], [ 100.2475, 16.4741 ], [ 100.2494, 16.4869 ], [ 100.2532, 16.4911 ], [ 100.2497, 16.4959 ], [ 100.25, 16.5301 ], [ 100.2647, 16.5374 ], [ 100.2857, 16.5313 ], [ 100.3236, 16.5257 ], [ 100.3603, 16.5353 ], [ 100.3769, 16.5464 ], [ 100.3694, 16.5505 ], [ 100.386, 16.5536 ], [ 100.4254, 16.5358 ], [ 100.4305, 16.5159 ], [ 100.4127, 16.4973 ], [ 100.4097, 16.4867 ], [ 100.4086, 16.4719 ], [ 100.4151, 16.4535 ], [ 100.4099, 16.4486 ], [ 100.4128, 16.4442 ], [ 100.4114, 16.4362 ], [ 100.4029, 16.427 ], [ 100.4128, 16.4206 ], [ 100.4296, 16.4266 ], [ 100.4429, 16.4349 ], [ 100.4776, 16.4342 ], [ 100.4793, 16.4266 ], [ 100.495, 16.424 ], [ 100.5143, 16.4122 ], [ 100.5165, 16.4022 ], [ 100.522, 16.4021 ], [ 100.5213, 16.3947 ], [ 100.5284, 16.3928 ], [ 100.5283, 16.3797 ], [ 100.5192, 16.3767 ], [ 100.5099, 16.3763 ], [ 100.494, 16.3846 ], [ 100.4842, 16.383 ], [ 100.476, 16.3761 ], [ 100.467, 16.3643 ], [ 100.4699, 16.358 ], [ 100.4671, 16.3517 ], [ 100.4686, 16.3399 ], [ 100.4779, 16.3391 ], [ 100.473, 16.3241 ], [ 100.4813, 16.2951 ], [ 100.4575, 16.2902 ], [ 100.4153, 16.3098 ], [ 100.4054, 16.2944 ] ] ] } },
{ "type": "Feature", "properties": { "id": "AMP_0244", "name": "วังทรายพูน" }, "geometry": { "type": "Polygon", "coordinates": [ [ [ 100.5192, 16.3767 ], [ 100.5283, 16.3797 ], [ 100.5284, 16.3928 ], [ 100.5213, 16.3947 ], [ 100.522, 16.4021 ], [ 100.5165, 16.4022 ], [ 100.5143, 16.4122 ], [ 100.495, 16.424 ], [ 100.4793, 16.4266 ], [ 100.4776, 16.4342 ], [ 100.4429, 16.4349 ], [ 100.4296, 16.4266 ], [ 100.4128, 16.4206 ], [ 100.4029, 16.427 ], [ 100.4114, 16.4362 ], [ 100.4128, 16.4442 ], [ 100.4099, 16.4486 ], [ 100.4151, 16.4535 ], [ 100.4215, 16.4331 ], [ 100.4266, 16.4352 ], [ 100.4354, 16.4532 ], [ 100.4478, 16.4551 ], [ 100.4503, 16.4606 ], [ 100.4614, 16.4598 ], [ 100.4748, 16.4671 ], [ 100.4939, 16.462 ], [ 100.5191, 16.4628 ], [ 100.5269, 16.4587 ], [ 100.5304, 16.4627 ], [ 100.5475, 16.4604 ], [ 100.5548, 16.4657 ], [ 100.5639, 16.4584 ], [ 100.5683, 16.4598 ], [ 100.5952, 16.4158 ], [ 100.6064, 16.4175 ], [ 100.6043, 16.4122 ], [ 100.6133, 16.4052 ], [ 100.624, 16.4055 ], [ 100.6303, 16.3981 ], [ 100.6356, 16.3752 ], [ 100.6231, 16.3594 ], [ 100.6197, 16.349 ], [ 100.6255, 16.3269 ], [ 100.6344, 16.3273 ], [ 100.6249, 16.3176 ], [ 100.6116, 16.3169 ], [ 100.6052, 16.3088 ], [ 100.5844, 16.3073 ], [ 100.5618, 16.2939 ], [ 100.5421, 16.2944 ], [ 100.5225, 16.3031 ], [ 100.5203, 16.2992 ], [ 100.4813, 16.2951 ], [ 100.473, 16.3241 ], [ 100.4779, 16.3391 ], [ 100.4686, 16.3399 ], [ 100.4671, 16.3517 ], [ 100.4699, 16.358 ], [ 100.467, 16.3643 ], [ 100.476, 16.3761 ], [ 100.4842, 16.383 ], [ 100.494, 16.3846 ], [ 100.5099, 16.3763 ], [ 100.5192, 16.3767 ] ] ] } }
]
}
