{
"type": "FeatureCollection",
"name": "provinces_240km",
"crs": { "type": "name", "properties": { "name": "urn:ogc:def:crs:OGC:1.3:CRS84" } },
"features": [
{ "type": "Feature", "properties": { "id": "PROV_0001", "name": "Phra Nakhon Si Ayutthaya" }, "geometry": { "type": "Polygon", "coordinates": [ [ [ 100.3941, 14.1318 ], [ 100.3831, 14.133 ], [ 100.3828, 14.1151 ], [ 100.3442, 14.1156 ], [ 100.3339, 14.1285 ], [ 100.2971, 14.14 ], [ 100.2799, 14.1254 ], [ 100.2837, 14.1701 ], [ 100.2342, 14.1751 ], [ 100.2356, 14.2036 ], [ 100.2265, 14.1967 ], [ 100.2301, 14.2087 ], [ 100.2257, 14.2326 ], [ 100.237, 14.2406 ], [ 100.2414, 14.2618 ], [ 100.2506, 14.2684 ], [ 100.2512, 14.291 ], [ 100.257, 14.2996 ], [ 100.2613, 14.3196 ], [ 100.279, 14.3388 ], [ 100.28, 14.3508 ], [ 100.28, 14.3526 ], [ 100.2723, 14.3622 ], [ 100.2684, 14.3766 ], [ 100.2766, 14.3834 ], [ 100.2756, 14.3908 ], [ 100.2811, 14.3986 ], [ 100.2741, 14.4267 ], [ 100.2605, 14.4432 ], [ 100.2461, 14.4523 ], [ 100.2438, 14.4604 ], [ 100.2527, 14.4811 ], [ 100.2593, 14.4906 ], [ 100.277, 14.4863 ], [ 100.2869, 14.4976 ], [ 100.3134, 14.4916 ], [ 100.3193, 14.4881 ], [ 100.3399, 14.493 ], [ 100.3487, 14.4986 ], [ 100.374, 14.5009 ], [ 100.3829, 14.5087 ], [ 100.3923, 14.51 ], [ 100.3963, 14.5059 ], [ 100.3981, 14.5088 ], [ 100.4058, 14.5081 ], [ 100.4272, 14.4936 ], [ 100.4176, 14.485 ], [ 100.4175, 14.4441 ], [ 100.4343, 14.4481 ], [ 100.4601, 14.4389 ], [ 100.4967, 14.4595 ], [ 100.4939, 14.4691 ], [ 100.4928, 14.4899 ], [ 100.4934, 14.4966 ], [ 100.5004, 14.5023 ], [ 100.4906, 14.5149 ], [ 100.4988, 14.5196 ], [ 100.4913, 14.5321 ], [ 100.492, 14.5484 ], [ 100.479, 14.5678 ], [ 100.4892, 14.5769 ], [ 100.4927, 14.5853 ], [ 100.4915, 14.6094 ], [ 100.4999, 14.618 ], [ 100.4991, 14.625 ], [ 100.5033, 14.63 ], [ 100.4986, 14.6348 ], [ 100.5, 14.6495 ], [ 100.5083, 14.6522 ], [ 100.5048, 14.6556 ], [ 100.5028, 14.6679 ], [ 100.5092, 14.673 ], [ 100.507, 14.662 ], [ 100.5131, 14.6565 ], [ 100.5242, 14.6653 ], [ 100.5336, 14.6652 ], [ 100.5492, 14.6713 ], [ 100.5526, 14.6605 ], [ 100.5694, 14.6615 ], [ 100.5814, 14.664 ], [ 100.6024, 14.6538 ], [ 100.5843, 14.629 ], [ 100.5767, 14.6046 ], [ 100.5789, 14.5998 ], [ 100.5753, 14.5969 ], [ 100.6032, 14.5785 ], [ 100.602, 14.5572 ], [ 100.6032, 14.556 ], [ 100.6194, 14.5603 ], [ 100.633, 14.551 ], [ 100.6444, 14.5488 ], [ 100.658, 14.5495 ], [ 100.6702, 14.5566 ], [ 100.6751, 14.5571 ], [ 100.6771, 14.5623 ], [ 100.656, 14.6061 ], [ 100.6777, 14.5946 ], [ 100.6827, 14.585 ], [ 100.702, 14.5753 ], [ 100.7227, 14.5765 ], [ 100.7242, 14.5685 ], [ 100.7566, 14.5695 ], [ 100.7807, 14.5675 ], [ 100.7743, 14.5507 ], [ 100.7776, 14.531 ], [ 100.7489, 14.5172 ], [ 100.7499, 14.5093 ], [ 100.763, 14.4939 ], [ 100.7679, 14.4983 ], [ 100.7724, 14.4928 ], [ 100.7653, 14.4841 ], [ 100.773, 14.4833 ], [ 100.7722, 14.4794 ], [ 100.7661, 14.4787 ], [ 100.7704, 14.4661 ], [ 100.7662, 14.4542 ], [ 100.7602, 14.4511 ], [ 100.7714, 14.4358 ], [ 100.7674, 14.431 ], [ 100.7682, 14.4207 ], [ 100.7597, 14.4135 ], [ 100.7704, 14.4072 ], [ 100.779, 14.412 ], [ 100.782, 14.4059 ], [ 100.7811, 14.3986 ], [ 100.7971, 14.3907 ], [ 100.788, 14.3806 ], [ 100.7869, 14.3701 ], [ 100.788, 14.3646 ], [ 100.793, 14.3644 ], [ 100.7847, 14.3498 ], [ 100.7822, 14.3398 ], [ 100.7728, 14.3297 ], [ 100.7845, 14.3228 ], [ 100.8155, 14.3269 ], [ 100.8235, 14.3295 ], [ 100.8231, 14.2439 ], [ 100.6989, 14.1838 ], [ 100.62, 14.1426 ], [ 100.6199, 14.1293 ], [ 100.6071, 14.1356 ], [ 100.5524, 14.1179 ], [ 100.5539, 14.1112 ], [ 100.55, 14.1107 ], [ 100.5411, 14.1169 ], [ 100.5281, 14.1208 ], [ 100.5172, 14.1294 ], [ 100.495, 14.1153 ], [ 100.4815, 14.1121 ], [ 100.4662, 14.112 ], [ 100.4562, 14.1169 ], [ 100.4301, 14.1143 ], [ 100.3983, 14.115 ], [ 100.3934, 14.1214 ], [ 100.3941, 14.1318 ] ] ] } },
{ "type": "Feature", "properties": { "id": "PROV_0002", "name": "Ang Thong" }, "geometry": { "type": "Polygon", "coordinates": [ [ [ 100.4343, 14.4481 ], [ 100.4175, 14.4441 ], [ 100.4176, 14.485 ], [ 100.4272, 14.4936 ], [ 100.4058, 14.5081 ], [ 100.3981, 14.5088 ], [ 100.3963, 14.5059 ], [ 100.3923, 14.51 ], [ 100.3829, 14.5087 ], [ 100.374, 14.5009 ], [ 100.3487, 14.4986 ], [ 100.3399, 14.493 ], [ 100.3193, 14.4881 ], [ 100.3134, 14.4916 ], [ 100.2869, 14.4976 ], [ 100.277, 14.4863 ], [ 100.2593, 14.4906 ], [ 100.2527, 14.4811 ], [ 100.2497, 14.4861 ], [ 100.2345, 14.4825 ], [ 100.2301, 14.4879 ], [ 100.2329, 14.4993 ], [ 100.2255, 14.5071 ], [ 100.2099, 14.5193 ], [ 100.2044, 14.5295 ], [ 100.2078, 14.5404 ], [ 100.1974, 14.5552 ], [ 100.1975, 14.566 ], [ 100.2094, 14.5729 ], [ 100.2093, 14.5859 ], [ 100.2152, 14.597 ], [ 100.1998, 14.5991 ], [ 100.1917, 14.6128 ], [ 100.1949, 14.619 ], [ 100.1997, 14.6176 ], [ 100.2035, 14.6249 ], [ 100.2107, 14.6217 ], [ 100.2139, 14.6319 ], [ 100.2141, 14.6377 ], [ 100.2337, 14.6428 ], [ 100.2402, 14.6508 ], [ 100.2302, 14.6541 ], [ 100.221, 14.6712 ], [ 100.2121, 14.7126 ], [ 100.2034, 14.7153 ], [ 100.2104, 14.7218 ], [ 100.2041, 14.7489 ], [ 100.203, 14.7714 ], [ 100.2297, 14.7871 ], [ 100.2265, 14.7943 ], [ 100.2452, 14.8014 ], [ 100.2636, 14.7955 ], [ 100.2726, 14.7987 ], [ 100.278, 14.7902 ], [ 100.295, 14.7812 ], [ 100.2991, 14.7891 ], [ 100.3134, 14.7894 ], [ 100.3108, 14.7974 ], [ 100.3291, 14.8019 ], [ 100.3357, 14.7902 ], [ 100.3487, 14.7799 ], [ 100.3485, 14.7717 ], [ 100.3559, 14.7616 ], [ 100.3657, 14.7627 ], [ 100.3717, 14.7613 ], [ 100.3811, 14.7427 ], [ 100.3948, 14.7457 ], [ 100.4025, 14.7589 ], [ 100.4147, 14.7493 ], [ 100.4148, 14.727 ], [ 100.4337, 14.7278 ], [ 100.4649, 14.7187 ], [ 100.4754, 14.703 ], [ 100.4861, 14.6995 ], [ 100.4954, 14.6996 ], [ 100.5045, 14.6847 ], [ 100.5004, 14.6827 ], [ 100.5157, 14.6817 ], [ 100.5092, 14.673 ], [ 100.5028, 14.6679 ], [ 100.5048, 14.6556 ], [ 100.5083, 14.6522 ], [ 100.5, 14.6495 ], [ 100.4986, 14.6348 ], [ 100.5033, 14.63 ], [ 100.4991, 14.625 ], [ 100.4999, 14.618 ], [ 100.4915, 14.6094 ], [ 100.4927, 14.5853 ], [ 100.4892, 14.5769 ], [ 100.479, 14.5678 ], [ 100.492, 14.5484 ], [ 100.4913, 14.5321 ], [ 100.4988, 14.5196 ], [ 100.4906, 14.5149 ], [ 100.5004, 14.5023 ], [ 100.4934, 14.4966 ], [ 100.4928, 14.4899 ], [ 100.4939, 14.4691 ], [ 100.4967, 14.4595 ], [ 100.4601, 14.4389 ], [ 100.4343, 14.4481 ] ] ] } },
{ "type": "Feature", "properties": { "id": "PROV_0003", "name": "Lopburi" }, "geometry": { "type": "Polygon", "coordinates": [ [ [ 100.5526, 14.6605 ], [ 100.5492, 14.6713 ], [ 100.5336, 14.6652 ], [ 100.5242, 14.6653 ], [ 100.5131, 14.6565 ], [ 100.507, 14.662 ], [ 100.5092, 14.673 ], [ 100.5157, 14.6817 ], [ 100.5004, 14.6827 ], [ 100.5045, 14.6847 ], [ 100.4954, 14.6996 ], [ 100.4861, 14.6995 ], [ 100.4754, 14.703 ], [ 100.462, 14.7247 ], [ 100.4746, 14.7236 ], [ 100.4773, 14.7379 ], [ 100.4841, 14.7385 ], [ 100.4882, 14.748 ], [ 100.4853, 14.7553 ], [ 100.4728, 14.7613 ], [ 100.4776, 14.7674 ], [ 100.4699, 14.7876 ], [ 100.4719, 14.794 ], [ 100.4674, 14.7983 ], [ 100.4814, 14.8117 ], [ 100.4648, 14.822 ], [ 100.4661, 14.8311 ], [ 100.4582, 14.8462 ], [ 100.4581, 14.8573 ], [ 100.4458, 14.859 ], [ 100.4503, 14.8732 ], [ 100.4421, 14.8741 ], [ 100.4354, 14.8823 ], [ 100.4295, 14.8796 ], [ 100.4207, 14.9193 ], [ 100.4207, 14.9295 ], [ 100.4485, 14.9422 ], [ 100.4524, 14.9629 ], [ 100.4502, 14.983 ], [ 100.4416, 15.0011 ], [ 100.4643, 15.0111 ], [ 100.4697, 15.0284 ], [ 100.4455, 15.0563 ], [ 100.4274, 15.0618 ], [ 100.451, 15.1018 ], [ 100.4568, 15.104 ], [ 100.4584, 15.1154 ], [ 100.4769, 15.1138 ], [ 100.4914, 15.1205 ], [ 100.5077, 15.1317 ], [ 100.5157, 15.1444 ], [ 100.5322, 15.1831 ], [ 100.5566, 15.1958 ], [ 100.5866, 15.2239 ], [ 100.5894, 15.2334 ], [ 100.607, 15.2371 ], [ 100.6033, 15.2405 ], [ 100.6062, 15.2447 ], [ 100.6131, 15.2437 ], [ 100.5974, 15.2692 ], [ 100.5899, 15.268 ], [ 100.5973, 15.2793 ], [ 100.5936, 15.2877 ], [ 100.6117, 15.2947 ], [ 100.6141, 15.3069 ], [ 100.6219, 15.3127 ], [ 100.6232, 15.3198 ], [ 100.6335, 15.3233 ], [ 100.6354, 15.3288 ], [ 100.6308, 15.3317 ], [ 100.6299, 15.3405 ], [ 100.6336, 15.3405 ], [ 100.6355, 15.348 ], [ 100.625, 15.3585 ], [ 100.6304, 15.3861 ], [ 100.6423, 15.3919 ], [ 100.6462, 15.404 ], [ 100.6437, 15.4168 ], [ 100.6603, 15.4343 ], [ 100.6669, 15.4342 ], [ 100.6797, 15.4522 ], [ 100.7015, 15.4408 ], [ 100.7115, 15.4415 ], [ 100.7166, 15.4465 ], [ 100.7337, 15.4473 ], [ 100.7687, 15.462 ], [ 100.769, 15.4961 ], [ 100.7451, 15.5119 ], [ 100.7543, 15.5138 ], [ 100.7595, 15.5191 ], [ 100.758, 15.5255 ], [ 100.7692, 15.5343 ], [ 100.7942, 15.5391 ], [ 100.8322, 15.5637 ], [ 100.8328, 15.5527 ], [ 100.8549, 15.5476 ], [ 100.8545, 15.5269 ], [ 100.8842, 15.5297 ], [ 100.8897, 15.5252 ], [ 100.8891, 15.5146 ], [ 100.9106, 15.5009 ], [ 100.9113, 15.4896 ], [ 100.9269, 15.4832 ], [ 100.9329, 15.469 ], [ 100.9275, 15.4626 ], [ 100.9243, 15.4348 ], [ 100.9308, 15.4275 ], [ 100.9323, 15.4145 ], [ 100.9483, 15.4061 ], [ 100.9537, 15.4118 ], [ 100.9636, 15.411 ], [ 100.9753, 15.4167 ], [ 100.9784, 15.367 ], [ 100.9839, 15.348 ], [ 100.9782, 15.337 ], [ 100.9856, 15.3247 ], [ 100.9944, 15.3205 ], [ 101.0125, 15.3282 ], [ 101.0228, 15.3385 ], [ 101.0292, 15.3225 ], [ 101.0408, 15.3258 ], [ 101.0537, 15.3198 ], [ 101.0657, 15.3278 ], [ 101.0823, 15.3523 ], [ 101.1063, 15.3441 ], [ 101.1055, 15.34 ], [ 101.1118, 15.3421 ], [ 101.1105, 15.3364 ], [ 101.1154, 15.3392 ], [ 101.1244, 15.3361 ], [ 101.1235, 15.3414 ], [ 101.1276, 15.3346 ], [ 101.1474, 15.3394 ], [ 101.1526, 15.3331 ], [ 101.1756, 15.3342 ], [ 101.1828, 15.327 ], [ 101.1893, 15.3302 ], [ 101.2021, 15.3256 ], [ 101.2477, 15.3537 ], [ 101.2535, 15.3518 ], [ 101.2785, 15.3632 ], [ 101.2849, 15.3742 ], [ 101.2989, 15.3807 ], [ 101.3055, 15.3927 ], [ 101.3029, 15.4308 ], [ 101.3075, 15.4349 ], [ 101.3021, 15.4388 ], [ 101.2976, 15.4559 ], [ 101.3069, 15.4723 ], [ 101.3026, 15.5012 ], [ 101.3034, 15.519 ], [ 101.2979, 15.5293 ], [ 101.2893, 15.527 ], [ 101.2881, 15.5311 ], [ 101.3064, 15.5501 ], [ 101.321, 15.6165 ], [ 101.3396, 15.637 ], [ 101.3509, 15.6625 ], [ 101.3376, 15.7213 ], [ 101.3388, 15.7471 ], [ 101.3484, 15.7504 ], [ 101.3806, 15.7369 ], [ 101.3903, 15.7452 ], [ 101.4059, 15.7366 ], [ 101.4001, 15.7234 ], [ 101.3945, 15.679 ], [ 101.3713, 15.5854 ], [ 101.3744, 15.5415 ], [ 101.3859, 15.4707 ], [ 101.3784, 15.4404 ], [ 101.3775, 15.3992 ], [ 101.381, 15.3879 ], [ 101.3755, 15.3768 ], [ 101.3797, 15.3457 ], [ 101.3853, 15.3476 ], [ 101.3808, 15.3403 ], [ 101.3825, 15.3332 ], [ 101.3812, 15.288 ], [ 101.3843, 15.2529 ], [ 101.3864, 15.2429 ], [ 101.3911, 15.2402 ], [ 101.3996, 15.1586 ], [ 101.3996, 15.102 ], [ 101.3966, 15.0986 ], [ 101.3991, 15.0725 ], [ 101.3812, 15.0674 ], [ 101.3711, 15.0432 ], [ 101.363, 15.0461 ], [ 101.3628, 15.0402 ], [ 101.35, 15.0158 ], [ 101.348, 14.9936 ], [ 101.3365, 14.9902 ], [ 101.3318, 14.9826 ], [ 101.3288, 14.9661 ], [ 101.2983, 14.9592 ], [ 101.2946, 14.9495 ], [ 101.2761, 14.9386 ], [ 101.2664, 14.9191 ], [ 101.2585, 14.913 ], [ 101.2265, 14.9194 ], [ 101.2056, 14.9184 ], [ 101.1978, 14.9221 ], [ 101.1815, 14.9176 ], [ 101.1514, 14.8969 ], [ 101.0995, 14.9085 ], [ 101.0906, 14.9 ], [ 101.0907, 14.8922 ], [ 101.0849, 14.8907 ], [ 101.0868, 14.8879 ], [ 101.0734, 14.8786 ], [ 101.0827, 14.8713 ], [ 101.0785, 14.866 ], [ 101.0847, 14.8641 ], [ 101.0844, 14.857 ], [ 101.0918, 14.8507 ], [ 101.0848, 14.8344 ], [ 101.0886, 14.8299 ], [ 101.0779, 14.8181 ], [ 101.0814, 14.811 ], [ 101.072, 14.8157 ], [ 101.0682, 14.8124 ], [ 101.0726, 14.7911 ], [ 101.0619, 14.7893 ], [ 101.0733, 14.7634 ], [ 101.0608, 14.7596 ], [ 101.0617, 14.7673 ], [ 101.0542, 14.7743 ], [ 101.0588, 14.7781 ], [ 101.0541, 14.7902 ], [ 101.0238, 14.8091 ], [ 101.0003, 14.7718 ], [ 100.9903, 14.7634 ], [ 100.9919, 14.7404 ], [ 100.9663, 14.7514 ], [ 100.962, 14.7452 ], [ 100.9542, 14.7466 ], [ 100.9425, 14.7415 ], [ 100.941, 14.7508 ], [ 100.9265, 14.7548 ], [ 100.9103, 14.7696 ], [ 100.8995, 14.7721 ], [ 100.8925, 14.7646 ], [ 100.8819, 14.7642 ], [ 100.8749, 14.782 ], [ 100.8587, 14.7885 ], [ 100.8469, 14.8045 ], [ 100.8283, 14.8049 ], [ 100.8018, 14.7919 ], [ 100.7774, 14.796 ], [ 100.7741, 14.7897 ], [ 100.7369, 14.7748 ], [ 100.7257, 14.7603 ], [ 100.6943, 14.7623 ], [ 100.6702, 14.7393 ], [ 100.6677, 14.7333 ], [ 100.6643, 14.7369 ], [ 100.6532, 14.7117 ], [ 100.6561, 14.7034 ], [ 100.6395, 14.6742 ], [ 100.6171, 14.663 ], [ 100.6267, 14.6549 ], [ 100.6117, 14.6463 ], [ 100.6024, 14.6538 ], [ 100.5814, 14.664 ], [ 100.5694, 14.6615 ], [ 100.5526, 14.6605 ] ] ] } },
{ "type": "Feature", "properties": { "id": "PROV_0004", "name": "Sing Buri" }, "geometry": { "type": "Polygon", "coordinates": [ [ [ 100.3717, 14.7613 ], [ 100.3657, 14.7627 ], [ 100.3559, 14.7616 ], [ 100.3485, 14.7717 ], [ 100.3487, 14.7799 ], [ 100.3357, 14.7902 ], [ 100.3291, 14.8019 ], [ 100.3108, 14.7974 ], [ 100.3134, 14.7894 ], [ 100.2991, 14.7891 ], [ 100.295, 14.7812 ], [ 100.278, 14.7902 ], [ 100.2726, 14.7987 ], [ 100.2636, 14.7955 ], [ 100.2452, 14.8014 ], [ 100.2265, 14.7943 ], [ 100.2163, 14.7981 ], [ 100.2144, 14.8068 ], [ 100.2045, 14.8086 ], [ 100.2092, 14.8328 ], [ 100.2143, 14.8396 ], [ 100.2213, 14.8658 ], [ 100.2164, 14.8731 ], [ 100.2244, 14.8837 ], [ 100.2101, 14.8843 ], [ 100.2065, 14.8941 ], [ 100.2221, 14.9027 ], [ 100.2204, 14.909 ], [ 100.1961, 14.9038 ], [ 100.1862, 14.9072 ], [ 100.1815, 14.9347 ], [ 100.1972, 14.9399 ], [ 100.2017, 14.9543 ], [ 100.2591, 14.9438 ], [ 100.2637, 14.9503 ], [ 100.291, 14.9563 ], [ 100.2924, 14.9582 ], [ 100.2884, 14.9674 ], [ 100.2934, 14.9847 ], [ 100.2836, 14.9925 ], [ 100.2758, 14.9921 ], [ 100.268, 15.0106 ], [ 100.2559, 15.0079 ], [ 100.2501, 15.0124 ], [ 100.2506, 15.0185 ], [ 100.2432, 15.0179 ], [ 100.2443, 15.0241 ], [ 100.2222, 15.0251 ], [ 100.2191, 15.0426 ], [ 100.2314, 15.0449 ], [ 100.246, 15.0389 ], [ 100.2595, 15.0496 ], [ 100.2609, 15.0584 ], [ 100.2783, 15.0653 ], [ 100.2938, 15.0644 ], [ 100.2945, 15.0717 ], [ 100.2891, 15.0785 ], [ 100.3148, 15.0883 ], [ 100.3412, 15.1076 ], [ 100.3516, 15.1199 ], [ 100.3563, 15.1157 ], [ 100.3543, 15.1012 ], [ 100.4231, 15.0527 ], [ 100.4274, 15.0618 ], [ 100.4455, 15.0563 ], [ 100.4697, 15.0284 ], [ 100.4643, 15.0111 ], [ 100.4416, 15.0011 ], [ 100.4502, 14.983 ], [ 100.4524, 14.9629 ], [ 100.4485, 14.9422 ], [ 100.4207, 14.9295 ], [ 100.4207, 14.9193 ], [ 100.4295, 14.8796 ], [ 100.4354, 14.8823 ], [ 100.4421, 14.8741 ], [ 100.4503, 14.8732 ], [ 100.4458, 14.859 ], [ 100.4581, 14.8573 ], [ 100.4582, 14.8462 ], [ 100.4661, 14.8311 ], [ 100.4648, 14.822 ], [ 100.4814, 14.8117 ], [ 100.4674, 14.7983 ], [ 100.4719, 14.794 ], [ 100.4699, 14.7876 ], [ 100.4776, 14.7674 ], [ 100.4728, 14.7613 ], [ 100.4853, 14.7553 ], [ 100.4882, 14.748 ], [ 100.4841, 14.7385 ], [ 100.4773, 14.7379 ], [ 100.4746, 14.7236 ], [ 100.462, 14.7247 ], [ 100.4649, 14.7187 ], [ 100.4337, 14.7278 ], [ 100.4148, 14.727 ], [ 100.4147, 14.7493 ], [ 100.4025, 14.7589 ], [ 100.3948, 14.7457 ], [ 100.3811, 14.7427 ], [ 100.3717, 14.7613 ] ] ] } },
{ "type": "Feature", "properties": { "id": "PROV_0005", "name": "Chainat" }, "geometry": { "type": "Polygon", "coordinates": [ [ [ 100.2017, 14.9543 ], [ 100.1995, 14.9605 ], [ 100.1961, 14.9518 ], [ 100.1751, 14.9437 ], [ 100.1699, 14.9271 ], [ 100.1641, 14.9285 ], [ 100.1656, 14.924 ], [ 100.1596, 14.9259 ], [ 100.158, 14.9191 ], [ 100.1499, 14.9213 ], [ 100.1469, 14.916 ], [ 100.1414, 14.9188 ], [ 100.1367, 14.9131 ], [ 100.1313, 14.9153 ], [ 100.1265, 14.9241 ], [ 100.1275, 14.9314 ], [ 100.1378, 14.9357 ], [ 100.1327, 14.9463 ], [ 100.1059, 14.9463 ], [ 100.0733, 14.9579 ], [ 100.0638, 14.9532 ], [ 100.0397, 14.961 ], [ 100.036, 14.9538 ], [ 100.0457, 14.9406 ], [ 100.0448, 14.9289 ], [ 100.0408, 14.9193 ], [ 100.031, 14.9141 ], [ 100.0008, 14.9101 ], [ 99.9681, 14.9018 ], [ 99.9495, 14.9107 ], [ 99.9297, 14.9078 ], [ 99.9098, 14.9145 ], [ 99.8828, 14.9124 ], [ 99.7741, 14.9512 ], [ 99.7635, 14.9623 ], [ 99.7486, 14.9595 ], [ 99.7311, 14.9637 ], [ 99.7196, 14.9762 ], [ 99.7255, 14.9895 ], [ 99.7399, 15.0013 ], [ 99.7385, 15.0053 ], [ 99.7692, 15.0234 ], [ 99.7698, 15.0386 ], [ 99.7765, 15.0532 ], [ 99.7729, 15.0586 ], [ 99.7909, 15.0865 ], [ 99.7894, 15.0994 ], [ 99.7675, 15.1297 ], [ 99.7709, 15.1411 ], [ 99.7481, 15.1639 ], [ 99.7599, 15.1754 ], [ 99.7434, 15.1928 ], [ 99.7316, 15.2088 ], [ 99.7305, 15.2392 ], [ 99.735, 15.2418 ], [ 99.7285, 15.25 ], [ 99.7265, 15.2596 ], [ 99.7337, 15.2588 ], [ 99.7323, 15.2689 ], [ 99.7377, 15.2672 ], [ 99.7399, 15.2749 ], [ 99.749, 15.2803 ], [ 99.7534, 15.296 ], [ 99.7633, 15.2997 ], [ 99.764, 15.3082 ], [ 99.7574, 15.3121 ], [ 99.7812, 15.3119 ], [ 99.7854, 15.3178 ], [ 99.8079, 15.3184 ], [ 99.8286, 15.3117 ], [ 99.8502, 15.3117 ], [ 99.8597, 15.3052 ], [ 99.8722, 15.3052 ], [ 99.8784, 15.2993 ], [ 99.878, 15.2901 ], [ 99.885, 15.2879 ], [ 99.9579, 15.3068 ], [ 99.9608, 15.3012 ], [ 99.9717, 15.2997 ], [ 100.0027, 15.3021 ], [ 100.0113, 15.3004 ], [ 100.0205, 15.2915 ], [ 100.038, 15.2914 ], [ 100.0481, 15.2648 ], [ 100.0584, 15.2638 ], [ 100.0568, 15.2685 ], [ 100.0618, 15.2845 ], [ 100.0784, 15.2956 ], [ 100.078, 15.3161 ], [ 100.0815, 15.3213 ], [ 100.1002, 15.3367 ], [ 100.1009, 15.3421 ], [ 100.0978, 15.352 ], [ 100.0751, 15.3691 ], [ 100.0793, 15.3799 ], [ 100.088, 15.3786 ], [ 100.0983, 15.374 ], [ 100.1047, 15.3743 ], [ 100.1067, 15.3798 ], [ 100.0897, 15.396 ], [ 100.0877, 15.4069 ], [ 100.0909, 15.4135 ], [ 100.102, 15.4175 ], [ 100.1249, 15.4123 ], [ 100.1294, 15.4051 ], [ 100.1401, 15.4043 ], [ 100.1462, 15.3935 ], [ 100.1441, 15.3906 ], [ 100.1532, 15.3892 ], [ 100.1631, 15.3814 ], [ 100.182, 15.3811 ], [ 100.2171, 15.3636 ], [ 100.213, 15.3542 ], [ 100.2325, 15.3687 ], [ 100.2521, 15.3559 ], [ 100.2535, 15.3411 ], [ 100.2636, 15.3341 ], [ 100.2641, 15.3265 ], [ 100.2634, 15.3142 ], [ 100.2513, 15.3048 ], [ 100.2549, 15.2912 ], [ 100.2637, 15.2874 ], [ 100.2661, 15.2685 ], [ 100.2698, 15.2553 ], [ 100.2782, 15.2486 ], [ 100.2749, 15.2244 ], [ 100.2901, 15.2191 ], [ 100.2935, 15.2065 ], [ 100.2971, 15.1811 ], [ 100.318, 15.1582 ], [ 100.3355, 15.1622 ], [ 100.3464, 15.1395 ], [ 100.3458, 15.1282 ], [ 100.3516, 15.1199 ], [ 100.3412, 15.1076 ], [ 100.3148, 15.0883 ], [ 100.2891, 15.0785 ], [ 100.2945, 15.0717 ], [ 100.2938, 15.0644 ], [ 100.2783, 15.0653 ], [ 100.2609, 15.0584 ], [ 100.2595, 15.0496 ], [ 100.246, 15.0389 ], [ 100.2314, 15.0449 ], [ 100.2191, 15.0426 ], [ 100.2222, 15.0251 ], [ 100.2443, 15.0241 ], [ 100.2432, 15.0179 ], [ 100.2506, 15.0185 ], [ 100.2501, 15.0124 ], [ 100.2559, 15.0079 ], [ 100.268, 15.0106 ], [ 100.2758, 14.9921 ], [ 100.2836, 14.9925 ], [ 100.2934, 14.9847 ], [ 100.2884, 14.9674 ], [ 100.2924, 14.9582 ], [ 100.291, 14.9563 ], [ 100.2637, 14.9503 ], [ 100.2591, 14.9438 ], [ 100.2017, 14.9543 ] ] ] } },
{ "type": "Feature", "properties": { "id": "PROV_0006", "name": "Saraburi" }, "geometry": { "type": "Polygon", "coordinates": [ [ [ 100.8231, 14.2439 ], [ 100.8235, 14.3295 ], [ 100.8155, 14.3269 ], [ 100.7845, 14.3228 ], [ 100.7728, 14.3297 ], [ 100.7822, 14.3398 ], [ 100.7847, 14.3498 ], [ 100.793, 14.3644 ], [ 100.788, 14.3646 ], [ 100.7869, 14.3701 ], [ 100.788, 14.3806 ], [ 100.7971, 14.3907 ], [ 100.7811, 14.3986 ], [ 100.782, 14.4059 ], [ 100.779, 14.412 ], [ 100.7704, 14.4072 ], [ 100.7597, 14.4135 ], [ 100.7682, 14.4207 ], [ 100.7674, 14.431 ], [ 100.7714, 14.4358 ], [ 100.7602, 14.4511 ], [ 100.7662, 14.4542 ], [ 100.7704, 14.4661 ], [ 100.7661, 14.4787 ], [ 100.7722, 14.4794 ], [ 100.773, 14.4833 ], [ 100.7653, 14.4841 ], [ 100.7724, 14.4928 ], [ 100.7679, 14.4983 ], [ 100.763, 14.4939 ], [ 100.7499, 14.5093 ], [ 100.7489, 14.5172 ], [ 100.7776, 14.531 ], [ 100.7743, 14.5507 ], [ 100.7807, 14.5675 ], [ 100.7566, 14.5695 ], [ 100.7242, 14.5685 ], [ 100.7227, 14.5765 ], [ 100.702, 14.5753 ], [ 100.6827, 14.585 ], [ 100.6777, 14.5946 ], [ 100.656, 14.6061 ], [ 100.6771, 14.5623 ], [ 100.6751, 14.5571 ], [ 100.6702, 14.5566 ], [ 100.658, 14.5495 ], [ 100.6444, 14.5488 ], [ 100.633, 14.551 ], [ 100.6194, 14.5603 ], [ 100.6032, 14.556 ], [ 100.602, 14.5572 ], [ 100.6032, 14.5785 ], [ 100.5753, 14.5969 ], [ 100.5789, 14.5998 ], [ 100.5767, 14.6046 ], [ 100.5843, 14.629 ], [ 100.6024, 14.6538 ], [ 100.6117, 14.6463 ], [ 100.6267, 14.6549 ], [ 100.6171, 14.663 ], [ 100.6395, 14.6742 ], [ 100.6561, 14.7034 ], [ 100.6532, 14.7117 ], [ 100.6643, 14.7369 ], [ 100.6677, 14.7333 ], [ 100.6702, 14.7393 ], [ 100.6943, 14.7623 ], [ 100.7257, 14.7603 ], [ 100.7369, 14.7748 ], [ 100.7741, 14.7897 ], [ 100.7774, 14.796 ], [ 100.8018, 14.7919 ], [ 100.8283, 14.8049 ], [ 100.8469, 14.8045 ], [ 100.8587, 14.7885 ], [ 100.8749, 14.782 ], [ 100.8819, 14.7642 ], [ 100.8925, 14.7646 ], [ 100.8995, 14.7721 ], [ 100.9103, 14.7696 ], [ 100.9265, 14.7548 ], [ 100.941, 14.7508 ], [ 100.9425, 14.7415 ], [ 100.9542, 14.7466 ], [ 100.962, 14.7452 ], [ 100.9663, 14.7514 ], [ 100.9919, 14.7404 ], [ 100.9903, 14.7634 ], [ 101.0003, 14.7718 ], [ 101.0238, 14.8091 ], [ 101.0541, 14.7902 ], [ 101.0588, 14.7781 ], [ 101.0542, 14.7743 ], [ 101.0617, 14.7673 ], [ 101.0608, 14.7596 ], [ 101.0733, 14.7634 ], [ 101.0619, 14.7893 ], [ 101.0726, 14.7911 ], [ 101.0682, 14.8124 ], [ 101.072, 14.8157 ], [ 101.0814, 14.811 ], [ 101.0779, 14.8181 ], [ 101.0886, 14.8299 ], [ 101.0848, 14.8344 ], [ 101.0918, 14.8507 ], [ 101.0844, 14.857 ], [ 101.0847, 14.8641 ], [ 101.0785, 14.866 ], [ 101.0827, 14.8713 ], [ 101.0734, 14.8786 ], [ 101.0868, 14.8879 ], [ 101.0849, 14.8907 ], [ 101.0907, 14.8922 ], [ 101.0906, 14.9 ], [ 101.0995, 14.9085 ], [ 101.1514, 14.8969 ], [ 101.1815, 14.9176 ], [ 101.1978, 14.9221 ], [ 101.2056, 14.9184 ], [ 101.2265, 14.9194 ], [ 101.2585, 14.913 ], [ 101.2664, 14.9191 ], [ 101.2761, 14.9386 ], [ 101.2946, 14.9495 ], [ 101.2983, 14.9592 ], [ 101.3288, 14.9661 ], [ 101.3318, 14.9826 ], [ 101.3365, 14.9902 ], [ 101.348, 14.9936 ], [ 101.35, 15.0158 ], [ 101.3628, 15.0402 ], [ 101.363, 15.0461 ], [ 101.3711, 15.0432 ], [ 101.3812, 15.0674 ], [ 101.3991, 15.0725 ], [ 101.4107, 15.0531 ], [ 101.4138, 15.0342 ], [ 101.4246, 15.0128 ], [ 101.4203, 14.997 ], [ 101.4291, 14.9831 ], [ 101.4316, 14.9499 ], [ 101.4492, 14.913 ], [ 101.4486, 14.9021 ], [ 101.4542, 14.8762 ], [ 101.4509, 14.8739 ], [ 101.4544, 14.8643 ], [ 101.4508, 14.8577 ], [ 101.4233, 14.8437 ], [ 101.4154, 14.8444 ], [ 101.3957, 14.8185 ], [ 101.3693, 14.8043 ], [ 101.3459, 14.787 ], [ 101.3371, 14.7862 ], [ 101.3397, 14.7727 ], [ 101.3304, 14.7608 ], [ 101.3072, 14.7587 ], [ 101.2976, 14.7388 ], [ 101.2905, 14.7373 ], [ 101.2837, 14.7465 ], [ 101.2815, 14.7328 ], [ 101.267, 14.73 ], [ 101.2541, 14.7326 ], [ 101.2317, 14.7323 ], [ 101.2163, 14.747 ], [ 101.2145, 14.754 ], [ 101.2069, 14.7521 ], [ 101.1973, 14.7567 ], [ 101.1978, 14.7491 ], [ 101.1884, 14.7493 ], [ 101.1939, 14.7313 ], [ 101.1853, 14.7221 ], [ 101.1893, 14.7151 ], [ 101.1869, 14.7113 ], [ 101.195, 14.7057 ], [ 101.2038, 14.6837 ], [ 101.199, 14.664 ], [ 101.2044, 14.6499 ], [ 101.2084, 14.6306 ], [ 101.2041, 14.6235 ], [ 101.2074, 14.6139 ], [ 101.2043, 14.608 ], [ 101.2154, 14.5871 ], [ 101.2055, 14.5803 ], [ 101.2008, 14.5657 ], [ 101.1933, 14.5589 ], [ 101.1947, 14.5542 ], [ 101.1848, 14.5514 ], [ 101.1811, 14.5436 ], [ 101.1876, 14.53 ], [ 101.1955, 14.5309 ], [ 101.2231, 14.5041 ], [ 101.2428, 14.4715 ], [ 101.2249, 14.4726 ], [ 101.2255, 14.4635 ], [ 101.2339, 14.4589 ], [ 101.2318, 14.4522 ], [ 101.2221, 14.4461 ], [ 101.2293, 14.4344 ], [ 101.2274, 14.4307 ], [ 101.2138, 14.4374 ], [ 101.2092, 14.4286 ], [ 101.2106, 14.4162 ], [ 101.2022, 14.4026 ], [ 101.2119, 14.3792 ], [ 101.2102, 14.372 ], [ 101.1861, 14.3672 ], [ 101.185, 14.3538 ], [ 101.1769, 14.3475 ], [ 101.1673, 14.3484 ], [ 101.1643, 14.3429 ], [ 101.1573, 14.3482 ], [ 101.1582, 14.3577 ], [ 101.1466, 14.3744 ], [ 101.1167, 14.3838 ], [ 101.0854, 14.3825 ], [ 101.0758, 14.3901 ], [ 101.0713, 14.4056 ], [ 101.0617, 14.4148 ], [ 101.0561, 14.4144 ], [ 101.0534, 14.4125 ], [ 101.058, 14.3985 ], [ 101.0543, 14.3916 ], [ 101.063, 14.3771 ], [ 101.0515, 14.358 ], [ 101.0493, 14.3476 ], [ 101.0178, 14.316 ], [ 101.0138, 14.301 ], [ 100.9894, 14.2979 ], [ 100.9864, 14.2869 ], [ 100.9838, 14.2911 ], [ 100.9784, 14.2903 ], [ 100.9517, 14.2721 ], [ 100.8923, 14.2437 ], [ 100.8917, 14.2755 ], [ 100.8231, 14.2439 ] ] ] } },
{ "type": "Feature", "properties": { "id": "PROV_0007", "name": "Nakhon Ratchasima" }, "geometry": { "type": "Polygon", "coordinates": [ [ [ 102.3492, 14.1252 ], [ 102.3391, 14.1257 ], [ 102.3318, 14.1201 ], [ 102.326, 14.1279 ], [ 102.3073, 14.1201 ], [ 102.2889, 14.1351 ], [ 102.2717, 14.1288 ], [ 102.2688, 14.1463 ], [ 102.2461, 14.1399 ], [ 102.2382, 14.1444 ], [ 102.216, 14.1446 ], [ 102.2106, 14.1537 ], [ 102.2113, 14.1728 ], [ 102.2067, 14.1745 ], [ 102.192, 14.195 ], [ 102.1807, 14.1948 ], [ 102.1667, 14.1725 ], [ 102.1663, 14.1649 ], [ 102.1716, 14.1589 ], [ 102.1637, 14.1406 ], [ 102.1322, 14.1378 ], [ 102.1198, 14.149 ], [ 102.1067, 14.1514 ], [ 102.0715, 14.1642 ], [ 102.0586, 14.177 ], [ 102.0315, 14.1982 ], [ 102.0111, 14.2031 ], [ 101.9666, 14.2278 ], [ 101.982, 14.2375 ], [ 101.9446, 14.2474 ], [ 101.9286, 14.2869 ], [ 101.9435, 14.3023 ], [ 101.9295, 14.3279 ], [ 101.9175, 14.3317 ], [ 101.9102, 14.3257 ], [ 101.8944, 14.3305 ], [ 101.889, 14.3192 ], [ 101.8879, 14.3226 ], [ 101.877, 14.3236 ], [ 101.8583, 14.3422 ], [ 101.8389, 14.3525 ], [ 101.8402, 14.3661 ], [ 101.8296, 14.3628 ], [ 101.8228, 14.3507 ], [ 101.812, 14.3476 ], [ 101.7889, 14.3597 ], [ 101.7797, 14.3574 ], [ 101.7808, 14.352 ], [ 101.7742, 14.3469 ], [ 101.7607, 14.3431 ], [ 101.7489, 14.3479 ], [ 101.7464, 14.3395 ], [ 101.7505, 14.3248 ], [ 101.7421, 14.3075 ], [ 101.7304, 14.3167 ], [ 101.6558, 14.3916 ], [ 101.649, 14.3925 ], [ 101.6477, 14.4047 ], [ 101.6313, 14.4059 ], [ 101.6188, 14.4167 ], [ 101.6223, 14.4269 ], [ 101.6056, 14.4364 ], [ 101.5845, 14.4382 ], [ 101.5465, 14.4359 ], [ 101.5414, 14.4257 ], [ 101.5339, 14.4249 ], [ 101.5076, 14.4356 ], [ 101.4829, 14.4628 ], [ 101.4361, 14.4458 ], [ 101.4367, 14.4368 ], [ 101.4475, 14.4219 ], [ 101.4322, 14.3895 ], [ 101.4266, 14.3899 ], [ 101.4224, 14.3832 ], [ 101.4068, 14.4038 ], [ 101.3971, 14.4088 ], [ 101.396, 14.4187 ], [ 101.3798, 14.4237 ], [ 101.3816, 14.4339 ], [ 101.3701, 14.4381 ], [ 101.3657, 14.4494 ], [ 101.3593, 14.4489 ], [ 101.3524, 14.4546 ], [ 101.3491, 14.4521 ], [ 101.3318, 14.466 ], [ 101.3181, 14.4691 ], [ 101.3107, 14.4734 ], [ 101.3062, 14.4985 ], [ 101.2846, 14.4894 ], [ 101.2838, 14.5025 ], [ 101.2777, 14.5122 ], [ 101.2726, 14.5125 ], [ 101.2661, 14.5024 ], [ 101.2439, 14.4892 ], [ 101.2428, 14.4715 ], [ 101.2231, 14.5041 ], [ 101.1955, 14.5309 ], [ 101.1876, 14.53 ], [ 101.1811, 14.5436 ], [ 101.1848, 14.5514 ], [ 101.1947, 14.5542 ], [ 101.1933, 14.5589 ], [ 101.2008, 14.5657 ], [ 101.2055, 14.5803 ], [ 101.2154, 14.5871 ], [ 101.2043, 14.608 ], [ 101.2074, 14.6139 ], [ 101.2041, 14.6235 ], [ 101.2084, 14.6306 ], [ 101.2044, 14.6499 ], [ 101.199, 14.664 ], [ 101.2038, 14.6837 ], [ 101.195, 14.7057 ], [ 101.1869, 14.7113 ], [ 101.1893, 14.7151 ], [ 101.1853, 14.7221 ], [ 101.1939, 14.7313 ], [ 101.1884, 14.7493 ], [ 101.1978, 14.7491 ], [ 101.1973, 14.7567 ], [ 101.2069, 14.7521 ], [ 101.2145, 14.754 ], [ 101.2163, 14.747 ], [ 101.2317, 14.7323 ], [ 101.2541, 14.7326 ], [ 101.267, 14.73 ], [ 101.2815, 14.7328 ], [ 101.2837, 14.7465 ], [ 101.2905, 14.7373 ], [ 101.2976, 14.7388 ], [ 101.3072, 14.7587 ], [ 101.3304, 14.7608 ], [ 101.3397, 14.7727 ], [ 101.3371, 14.7862 ], [ 101.3459, 14.787 ], [ 101.3693, 14.8043 ], [ 101.3957, 14.8185 ], [ 101.4154, 14.8444 ], [ 101.4233, 14.8437 ], [ 101.4508, 14.8577 ], [ 101.4544, 14.8643 ], [ 101.4509, 14.8739 ], [ 101.4542, 14.8762 ], [ 101.4486, 14.9021 ], [ 101.4492, 14.913 ], [ 101.4316, 14.9499 ], [ 101.4291, 14.9831 ], [ 101.4203, 14.997 ], [ 101.4246, 15.0128 ], [ 101.4138, 15.0342 ], [ 101.4107, 15.0531 ], [ 101.3991, 15.0725 ], [ 101.3966, 15.0986 ], [ 101.3996, 15.102 ], [ 101.3996, 15.1586 ], [ 101.3911, 15.2402 ], [ 101.3864, 15.2429 ], [ 101.3843, 15.2529 ], [ 101.3812, 15.288 ], [ 101.3825, 15.3332 ], [ 101.4144, 15.3319 ], [ 101.4443, 15.3529 ], [ 101.4549, 15.3457 ], [ 101.4553, 15.3572 ], [ 101.4688, 15.3676 ], [ 101.4768, 15.3676 ], [ 101.4848, 15.3591 ], [ 101.4961, 15.3564 ], [ 101.5226, 15.3738 ], [ 101.5866, 15.3741 ], [ 101.597, 15.3789 ], [ 101.6187, 15.3641 ], [ 101.6514, 15.4012 ], [ 101.6666, 15.3927 ], [ 101.6877, 15.3862 ], [ 101.7201, 15.3859 ], [ 101.7639, 15.3811 ], [ 101.7852, 15.3898 ], [ 101.7996, 15.4233 ], [ 101.8076, 15.4132 ], [ 101.8225, 15.4081 ], [ 101.8407, 15.4123 ], [ 101.8774, 15.3914 ], [ 101.8962, 15.4044 ], [ 101.9063, 15.4192 ], [ 101.9121, 15.4341 ], [ 101.9253, 15.4429 ], [ 101.9331, 15.4565 ], [ 101.9646, 15.4558 ], [ 101.9965, 15.4662 ], [ 102.0095, 15.4582 ], [ 102.0356, 15.4795 ], [ 102.0335, 15.4963 ], [ 102.0368, 15.5016 ], [ 102.0437, 15.5242 ], [ 102.0395, 15.5425 ], [ 102.0639, 15.5867 ], [ 102.0727, 15.6073 ], [ 102.0734, 15.6176 ], [ 102.0752, 15.6215 ], [ 102.0812, 15.62 ], [ 102.0812, 15.6235 ], [ 102.0851, 15.6194 ], [ 102.0832, 15.6245 ], [ 102.0896, 15.6252 ], [ 102.0861, 15.6283 ], [ 102.0885, 15.6318 ], [ 102.0915, 15.6259 ], [ 102.0956, 15.6314 ], [ 102.0955, 15.6276 ], [ 102.0993, 15.628 ], [ 102.0993, 15.6338 ], [ 102.1055, 15.6313 ], [ 102.1062, 15.6368 ], [ 102.1021, 15.6368 ], [ 102.1117, 15.6441 ], [ 102.1126, 15.6383 ], [ 102.115, 15.6462 ], [ 102.121, 15.6449 ], [ 102.1196, 15.6524 ], [ 102.1281, 15.6509 ], [ 102.1284, 15.6593 ], [ 102.1241, 15.6619 ], [ 102.1321, 15.6669 ], [ 102.1281, 15.6708 ], [ 102.1323, 15.6746 ], [ 102.1364, 15.6711 ], [ 102.1448, 15.6796 ], [ 102.1434, 15.7076 ], [ 102.1495, 15.7075 ], [ 102.1469, 15.7108 ], [ 102.1529, 15.717 ], [ 102.151, 15.723 ], [ 102.1547, 15.7199 ], [ 102.1564, 15.7241 ], [ 102.1535, 15.7277 ], [ 102.1627, 15.7285 ], [ 102.1559, 15.7321 ], [ 102.1557, 15.7422 ], [ 102.1629, 15.7421 ], [ 102.163, 15.739 ], [ 102.1639, 15.7463 ], [ 102.1778, 15.7459 ], [ 102.1798, 15.7497 ], [ 102.1812, 15.7465 ], [ 102.1869, 15.7486 ], [ 102.1832, 15.7435 ], [ 102.1881, 15.7403 ], [ 102.1936, 15.7435 ], [ 102.2009, 15.7414 ], [ 102.2045, 15.7577 ], [ 102.2315, 15.7463 ], [ 102.2531, 15.7595 ], [ 102.2533, 15.7701 ], [ 102.2582, 15.7725 ], [ 102.2561, 15.7815 ], [ 102.2703, 15.7854 ], [ 102.2761, 15.7812 ], [ 102.284, 15.7834 ], [ 102.2847, 15.7877 ], [ 102.2922, 15.7854 ], [ 102.3079, 15.7937 ], [ 102.3127, 15.8077 ], [ 102.3279, 15.8037 ], [ 102.3438, 15.7802 ], [ 102.3627, 15.7675 ], [ 102.3569, 15.7404 ], [ 102.3612, 15.7303 ], [ 102.3787, 15.7316 ], [ 102.4002, 15.7104 ], [ 102.4039, 15.7006 ], [ 102.4205, 15.6956 ], [ 102.4288, 15.7035 ], [ 102.4527, 15.7166 ], [ 102.4817, 15.7175 ], [ 102.5132, 15.728 ], [ 102.5326, 15.7116 ], [ 102.5558, 15.704 ], [ 102.5652, 15.7079 ], [ 102.5817, 15.7068 ], [ 102.5972, 15.7124 ], [ 102.6097, 15.7284 ], [ 102.6388, 15.7153 ], [ 102.6667, 15.7158 ], [ 102.6791, 15.7283 ], [ 102.6913, 15.724 ], [ 102.695, 15.7158 ], [ 102.6887, 15.7058 ], [ 102.6973, 15.6965 ], [ 102.6957, 15.6908 ], [ 102.7082, 15.6863 ], [ 102.7167, 15.666 ], [ 102.7343, 15.6668 ], [ 102.7473, 15.6713 ], [ 102.7489, 15.6617 ], [ 102.7617, 15.6528 ], [ 102.7728, 15.6531 ], [ 102.78, 15.645 ], [ 102.7769, 15.6341 ], [ 102.7728, 15.6283 ], [ 102.7679, 15.6262 ], [ 102.7699, 15.6172 ], [ 102.7759, 15.6139 ], [ 102.7797, 15.6036 ], [ 102.7766, 15.5928 ], [ 102.7828, 15.5903 ], [ 102.781, 15.5798 ], [ 102.7851, 15.5778 ], [ 102.7805, 15.5737 ], [ 102.7851, 15.5703 ], [ 102.7804, 15.5689 ], [ 102.7804, 15.5636 ], [ 102.7857, 15.5604 ], [ 102.7856, 15.5556 ], [ 102.7924, 15.5565 ], [ 102.7896, 15.5503 ], [ 102.796, 15.5461 ], [ 102.7932, 15.5417 ], [ 102.7998, 15.5402 ], [ 102.797, 15.5306 ], [ 102.8121, 15.5246 ], [ 102.8169, 15.5121 ], [ 102.8256, 15.514 ], [ 102.8295, 15.5053 ], [ 102.8303, 15.5101 ], [ 102.8335, 15.5108 ], [ 102.831, 15.5157 ], [ 102.8368, 15.5174 ], [ 102.8385, 15.5134 ], [ 102.851, 15.5136 ], [ 102.8501, 15.5105 ], [ 102.8582, 15.5142 ], [ 102.8634, 15.5081 ], [ 102.8694, 15.5137 ], [ 102.8733, 15.512 ], [ 102.8723, 15.5206 ], [ 102.8839, 15.5227 ], [ 102.8888, 15.5132 ], [ 102.8891, 15.5183 ], [ 102.8953, 15.5217 ], [ 102.9106, 15.5156 ], [ 102.9123, 15.5077 ], [ 102.9253, 15.5108 ], [ 102.9307, 15.5069 ], [ 102.9306, 15.5023 ], [ 102.9264, 15.505 ], [ 102.9222, 15.4998 ], [ 102.9302, 15.4886 ], [ 102.9383, 15.4914 ], [ 102.9392, 15.4971 ], [ 102.9448, 15.4878 ], [ 102.9366, 15.4777 ], [ 102.9401, 15.4748 ], [ 102.9461, 15.4832 ], [ 102.9503, 15.4771 ], [ 102.9597, 15.4787 ], [ 102.9596, 15.484 ], [ 102.9667, 15.4845 ], [ 102.9681, 15.4773 ], [ 102.979, 15.4818 ], [ 102.9861, 15.4668 ], [ 102.9933, 15.4689 ], [ 102.9958, 15.453 ], [ 103.0094, 15.4365 ], [ 103.007, 15.4328 ], [ 103.0126, 15.4303 ], [ 103.0007, 15.4278 ], [ 102.9926, 15.4144 ], [ 102.9861, 15.4188 ], [ 102.9886, 15.4228 ], [ 102.9837, 15.4273 ], [ 102.9806, 15.4261 ], [ 102.9816, 15.4163 ], [ 102.9761, 15.4199 ], [ 102.9784, 15.4291 ], [ 102.97, 15.4262 ], [ 102.9709, 15.42 ], [ 102.9648, 15.4192 ], [ 102.9666, 15.4075 ], [ 102.9587, 15.4035 ], [ 102.9582, 15.4102 ], [ 102.9518, 15.4039 ], [ 102.9547, 15.3853 ], [ 102.9657, 15.376 ], [ 102.9846, 15.3741 ], [ 102.9838, 15.3569 ], [ 102.9527, 15.3352 ], [ 102.9557, 15.3223 ], [ 102.9524, 15.3133 ], [ 102.9677, 15.2913 ], [ 102.955, 15.2717 ], [ 102.9627, 15.2619 ], [ 102.9572, 15.2503 ], [ 102.96, 15.2179 ], [ 102.9742, 15.2064 ], [ 102.9662, 15.1925 ], [ 102.945, 15.1875 ], [ 102.9376, 15.1828 ], [ 102.9229, 15.1853 ], [ 102.9178, 15.182 ], [ 102.9178, 15.1882 ], [ 102.897, 15.1905 ], [ 102.8666, 15.1643 ], [ 102.8473, 15.1684 ], [ 102.8337, 15.1476 ], [ 102.8181, 15.1441 ], [ 102.8082, 15.127 ], [ 102.7862, 15.1044 ], [ 102.7841, 15.0961 ], [ 102.7624, 15.0791 ], [ 102.7649, 15.0715 ], [ 102.7713, 15.0755 ], [ 102.7749, 15.0657 ], [ 102.7857, 15.0685 ], [ 102.7815, 15.0662 ], [ 102.788, 15.0601 ], [ 102.7868, 15.0528 ], [ 102.7898, 15.0564 ], [ 102.7994, 15.0492 ], [ 102.7966, 15.0394 ], [ 102.783, 15.0398 ], [ 102.7883, 15.0324 ], [ 102.7657, 15.0277 ], [ 102.7516, 15.0133 ], [ 102.7521, 15.0027 ], [ 102.7319, 14.9947 ], [ 102.7103, 14.979 ], [ 102.707, 14.9698 ], [ 102.7093, 14.9589 ], [ 102.6967, 14.9342 ], [ 102.6011, 14.9361 ], [ 102.5708, 14.9572 ], [ 102.5578, 14.9554 ], [ 102.5461, 14.947 ], [ 102.5637, 14.9376 ], [ 102.5673, 14.9274 ], [ 102.5568, 14.9113 ], [ 102.5413, 14.8995 ], [ 102.5407, 14.8896 ], [ 102.5502, 14.8791 ], [ 102.5464, 14.8723 ], [ 102.5518, 14.859 ], [ 102.5327, 14.8141 ], [ 102.5003, 14.802 ], [ 102.4746, 14.8143 ], [ 102.4598, 14.8348 ], [ 102.449, 14.8229 ], [ 102.4458, 14.8037 ], [ 102.4411, 14.8002 ], [ 102.4478, 14.7761 ], [ 102.4597, 14.7638 ], [ 102.4832, 14.7588 ], [ 102.4742, 14.7059 ], [ 102.4694, 14.7016 ], [ 102.4702, 14.6867 ], [ 102.4846, 14.6269 ], [ 102.4781, 14.6076 ], [ 102.4681, 14.5865 ], [ 102.4872, 14.5784 ], [ 102.4952, 14.565 ], [ 102.4931, 14.5353 ], [ 102.4814, 14.5145 ], [ 102.4877, 14.5074 ], [ 102.4969, 14.5054 ], [ 102.5403, 14.5045 ], [ 102.5687, 14.4992 ], [ 102.61, 14.4945 ], [ 102.6047, 14.4587 ], [ 102.5973, 14.4458 ], [ 102.5848, 14.4452 ], [ 102.579, 14.4399 ], [ 102.5688, 14.4259 ], [ 102.5638, 14.4051 ], [ 102.5622, 14.3757 ], [ 102.5681, 14.3623 ], [ 102.5824, 14.3578 ], [ 102.5895, 14.3338 ], [ 102.606, 14.3219 ], [ 102.6251, 14.3204 ], [ 102.6373, 14.3268 ], [ 102.6637, 14.317 ], [ 102.678, 14.3006 ], [ 102.686, 14.2985 ], [ 102.6256, 14.2657 ], [ 102.5778, 14.2267 ], [ 102.5498, 14.217 ], [ 102.5386, 14.2021 ], [ 102.512, 14.2011 ], [ 102.5006, 14.1864 ], [ 102.4864, 14.1894 ], [ 102.4771, 14.2004 ], [ 102.4688, 14.1923 ], [ 102.4534, 14.1939 ], [ 102.4313, 14.1523 ], [ 102.4238, 14.1579 ], [ 102.4183, 14.154 ], [ 102.407, 14.1548 ], [ 102.4003, 14.146 ], [ 102.394, 14.1451 ], [ 102.3809, 14.147 ], [ 102.3629, 14.1662 ], [ 102.3592, 14.1657 ], [ 102.3573, 14.132 ], [ 102.3492, 14.1252 ] ] ] } },
{ "type": "Feature", "properties": { "id": "PROV_0008", "name": "Chaiyaphum" }, "geometry": { "type": "Polygon", "coordinates": [ [ [ 101.5226, 15.3738 ], [ 101.4961, 15.3564 ], [ 101.4848, 15.3591 ], [ 101.4768, 15.3676 ], [ 101.4688, 15.3676 ], [ 101.4553, 15.3572 ], [ 101.4549, 15.3457 ], [ 101.4443, 15.3529 ], [ 101.4144, 15.3319 ], [ 101.3825, 15.3332 ], [ 101.3808, 15.3403 ], [ 101.3853, 15.3476 ], [ 101.3797, 15.3457 ], [ 101.3755, 15.3768 ], [ 101.381, 15.3879 ], [ 101.3775, 15.3992 ], [ 101.3784, 15.4404 ], [ 101.3859, 15.4707 ], [ 101.3744, 15.5415 ], [ 101.3713, 15.5854 ], [ 101.3945, 15.679 ], [ 101.4001, 15.7234 ], [ 101.4059, 15.7366 ], [ 101.3903, 15.7452 ], [ 101.3806, 15.7369 ], [ 101.3484, 15.7504 ], [ 101.3406, 15.7563 ], [ 101.3354, 15.7539 ], [ 101.3392, 15.7674 ], [ 101.332, 15.7735 ], [ 101.3337, 15.7777 ], [ 101.3284, 15.7854 ], [ 101.3172, 15.7898 ], [ 101.3313, 15.8035 ], [ 101.3266, 15.8068 ], [ 101.332, 15.83 ], [ 101.3245, 15.8329 ], [ 101.3316, 15.8505 ], [ 101.3267, 15.8519 ], [ 101.3324, 15.8811 ], [ 101.3405, 15.8884 ], [ 101.3525, 15.8886 ], [ 101.3626, 15.9077 ], [ 101.369, 15.9102 ], [ 101.3743, 15.9195 ], [ 101.3608, 15.9229 ], [ 101.3637, 15.9317 ], [ 101.37, 15.9393 ], [ 101.3739, 15.9685 ], [ 101.3581, 15.9632 ], [ 101.3473, 15.9827 ], [ 101.3372, 15.9917 ], [ 101.3434, 16.0019 ], [ 101.3414, 16.0125 ], [ 101.3305, 16.0232 ], [ 101.3301, 16.0342 ], [ 101.3229, 16.041 ], [ 101.3299, 16.0541 ], [ 101.3253, 16.0613 ], [ 101.3309, 16.0762 ], [ 101.3377, 16.1119 ], [ 101.3354, 16.1184 ], [ 101.3446, 16.1433 ], [ 101.3408, 16.1537 ], [ 101.3542, 16.165 ], [ 101.3561, 16.1742 ], [ 101.3625, 16.1767 ], [ 101.3632, 16.1856 ], [ 101.3775, 16.1871 ], [ 101.3724, 16.2049 ], [ 101.3743, 16.215 ], [ 101.3676, 16.2249 ], [ 101.372, 16.2438 ], [ 101.3643, 16.246 ], [ 101.3534, 16.2601 ], [ 101.3576, 16.2692 ], [ 101.3696, 16.2756 ], [ 101.3668, 16.2932 ], [ 101.3786, 16.3173 ], [ 101.377, 16.3472 ], [ 101.3814, 16.3598 ], [ 101.3919, 16.3661 ], [ 101.3921, 16.3732 ], [ 101.406, 16.3786 ], [ 101.4085, 16.3837 ], [ 101.4078, 16.392 ], [ 101.3984, 16.4008 ], [ 101.4104, 16.4116 ], [ 101.4173, 16.4112 ], [ 101.4178, 16.4234 ], [ 101.4282, 16.4331 ], [ 101.4431, 16.4385 ], [ 101.4491, 16.4508 ], [ 101.4731, 16.4795 ], [ 101.4722, 16.4899 ], [ 101.4654, 16.4979 ], [ 101.465, 16.5126 ], [ 101.4723, 16.5291 ], [ 101.4836, 16.5243 ], [ 101.4967, 16.5389 ], [ 101.5051, 16.5387 ], [ 101.503, 16.5457 ], [ 101.5155, 16.5427 ], [ 101.5195, 16.5495 ], [ 101.5102, 16.5591 ], [ 101.5081, 16.5557 ], [ 101.4972, 16.5612 ], [ 101.5001, 16.6106 ], [ 101.5064, 16.6167 ], [ 101.5261, 16.6195 ], [ 101.509, 16.6554 ], [ 101.5136, 16.6728 ], [ 101.5106, 16.6769 ], [ 101.5134, 16.681 ], [ 101.527, 16.6794 ], [ 101.5379, 16.6661 ], [ 101.5472, 16.6683 ], [ 101.5613, 16.6495 ], [ 101.5719, 16.6483 ], [ 101.5777, 16.6727 ], [ 101.5712, 16.6922 ], [ 101.5626, 16.697 ], [ 101.554, 16.7116 ], [ 101.554, 16.7281 ], [ 101.5598, 16.7307 ], [ 101.5678, 16.7258 ], [ 101.5875, 16.7239 ], [ 101.5925, 16.7184 ], [ 101.5918, 16.7092 ], [ 101.6017, 16.7077 ], [ 101.6179, 16.6857 ], [ 101.6344, 16.6802 ], [ 101.6565, 16.6885 ], [ 101.6887, 16.6862 ], [ 101.6983, 16.6771 ], [ 101.7013, 16.6793 ], [ 101.7026, 16.6685 ], [ 101.7065, 16.6706 ], [ 101.7246, 16.6514 ], [ 101.7314, 16.6524 ], [ 101.7369, 16.6612 ], [ 101.7413, 16.6603 ], [ 101.7442, 16.6695 ], [ 101.7508, 16.668 ], [ 101.7539, 16.6523 ], [ 101.7641, 16.6554 ], [ 101.7783, 16.647 ], [ 101.7744, 16.6287 ], [ 101.8056, 16.6529 ], [ 101.8203, 16.6546 ], [ 101.8227, 16.6506 ], [ 101.8292, 16.6577 ], [ 101.8401, 16.6546 ], [ 101.8525, 16.6572 ], [ 101.8542, 16.6502 ], [ 101.8691, 16.6495 ], [ 101.8735, 16.6428 ], [ 101.8848, 16.645 ], [ 101.9028, 16.638 ], [ 101.9054, 16.6283 ], [ 101.9111, 16.6297 ], [ 101.9098, 16.6332 ], [ 101.9135, 16.6342 ], [ 101.9204, 16.6274 ], [ 101.92, 16.631 ], [ 101.9268, 16.634 ], [ 101.9368, 16.6321 ], [ 101.9391, 16.6364 ], [ 101.9556, 16.6309 ], [ 101.9513, 16.6231 ], [ 101.9543, 16.6225 ], [ 101.9563, 16.6167 ], [ 101.9584, 16.62 ], [ 101.9644, 16.6149 ], [ 101.9673, 16.6187 ], [ 101.9698, 16.6111 ], [ 101.9723, 16.6148 ], [ 101.9777, 16.6102 ], [ 101.9756, 16.6045 ], [ 101.9836, 16.5959 ], [ 101.9796, 16.5924 ], [ 101.9835, 16.5903 ], [ 101.9779, 16.5877 ], [ 101.984, 16.5831 ], [ 101.9924, 16.5847 ], [ 101.9887, 16.5817 ], [ 101.9923, 16.5784 ], [ 101.9875, 16.5777 ], [ 101.9889, 16.5665 ], [ 101.9948, 16.5619 ], [ 101.9984, 16.5652 ], [ 102.0065, 16.5579 ], [ 102.0191, 16.5597 ], [ 102.0222, 16.5559 ], [ 102.0236, 16.5587 ], [ 102.0243, 16.5451 ], [ 102.0324, 16.5417 ], [ 102.028, 16.5409 ], [ 102.0338, 16.5321 ], [ 102.03, 16.5254 ], [ 102.0425, 16.5084 ], [ 102.0729, 16.5028 ], [ 102.0678, 16.4938 ], [ 102.0752, 16.4925 ], [ 102.079, 16.4964 ], [ 102.085, 16.492 ], [ 102.0942, 16.498 ], [ 102.0995, 16.4941 ], [ 102.1056, 16.4974 ], [ 102.1248, 16.4948 ], [ 102.1342, 16.4954 ], [ 102.1412, 16.5031 ], [ 102.1487, 16.4985 ], [ 102.1583, 16.5036 ], [ 102.1573, 16.4982 ], [ 102.165, 16.501 ], [ 102.1633, 16.4975 ], [ 102.1701, 16.4969 ], [ 102.1728, 16.4911 ], [ 102.1831, 16.5064 ], [ 102.1917, 16.4986 ], [ 102.1985, 16.5042 ], [ 102.2059, 16.5033 ], [ 102.2056, 16.4987 ], [ 102.2134, 16.5012 ], [ 102.2278, 16.4843 ], [ 102.2347, 16.4863 ], [ 102.2408, 16.481 ], [ 102.2434, 16.4702 ], [ 102.2563, 16.4667 ], [ 102.2552, 16.4612 ], [ 102.2642, 16.4619 ], [ 102.2689, 16.4558 ], [ 102.276, 16.4558 ], [ 102.2782, 16.4605 ], [ 102.2778, 16.4569 ], [ 102.2891, 16.454 ], [ 102.2933, 16.4461 ], [ 102.3004, 16.4452 ], [ 102.3002, 16.448 ], [ 102.3175, 16.4561 ], [ 102.3186, 16.4461 ], [ 102.324, 16.4455 ], [ 102.3426, 16.4464 ], [ 102.3501, 16.4522 ], [ 102.3577, 16.4484 ], [ 102.3646, 16.4529 ], [ 102.3679, 16.4479 ], [ 102.3653, 16.4384 ], [ 102.3732, 16.4364 ], [ 102.3824, 16.4455 ], [ 102.3836, 16.4421 ], [ 102.3982, 16.4469 ], [ 102.3944, 16.4549 ], [ 102.3976, 16.4577 ], [ 102.3943, 16.4597 ], [ 102.3989, 16.4597 ], [ 102.3963, 16.4664 ], [ 102.4028, 16.466 ], [ 102.4042, 16.4603 ], [ 102.4098, 16.4623 ], [ 102.4056, 16.4412 ], [ 102.4129, 16.4285 ], [ 102.428, 16.4135 ], [ 102.4422, 16.4088 ], [ 102.4485, 16.3976 ], [ 102.4594, 16.3942 ], [ 102.4474, 16.3785 ], [ 102.446, 16.353 ], [ 102.4363, 16.3363 ], [ 102.4373, 16.3287 ], [ 102.4247, 16.3112 ], [ 102.4115, 16.2704 ], [ 102.4144, 16.2513 ], [ 102.4032, 16.2428 ], [ 102.3454, 16.1602 ], [ 102.3272, 16.13 ], [ 102.2885, 16.0913 ], [ 102.2803, 16.0759 ], [ 102.2817, 16.0712 ], [ 102.2859, 16.0703 ], [ 102.2871, 16.0608 ], [ 102.3023, 16.0391 ], [ 102.3117, 16.0429 ], [ 102.3272, 16.0306 ], [ 102.3364, 16.0387 ], [ 102.3439, 16.0353 ], [ 102.3447, 16.0302 ], [ 102.352, 16.0263 ], [ 102.3495, 16.0229 ], [ 102.3552, 16.0052 ], [ 102.3654, 16.0016 ], [ 102.3684, 16.0068 ], [ 102.373, 15.9961 ], [ 102.3747, 16.0002 ], [ 102.3777, 15.9947 ], [ 102.3848, 15.9973 ], [ 102.3855, 15.9808 ], [ 102.3718, 15.9755 ], [ 102.3723, 15.968 ], [ 102.3669, 15.9652 ], [ 102.3669, 15.9556 ], [ 102.3715, 15.9582 ], [ 102.369, 15.9536 ], [ 102.3743, 15.9545 ], [ 102.3706, 15.949 ], [ 102.3747, 15.9464 ], [ 102.369, 15.9486 ], [ 102.3637, 15.9328 ], [ 102.3549, 15.9309 ], [ 102.3623, 15.9289 ], [ 102.3583, 15.9267 ], [ 102.3614, 15.9204 ], [ 102.3532, 15.9086 ], [ 102.3533, 15.901 ], [ 102.3413, 15.8877 ], [ 102.3434, 15.8822 ], [ 102.3377, 15.8796 ], [ 102.3384, 15.8742 ], [ 102.3218, 15.8667 ], [ 102.3221, 15.857 ], [ 102.3171, 15.8513 ], [ 102.3208, 15.8475 ], [ 102.3158, 15.8471 ], [ 102.319, 15.8451 ], [ 102.3247, 15.8299 ], [ 102.3203, 15.8255 ], [ 102.3259, 15.822 ], [ 102.3279, 15.8037 ], [ 102.3127, 15.8077 ], [ 102.3079, 15.7937 ], [ 102.2922, 15.7854 ], [ 102.2847, 15.7877 ], [ 102.284, 15.7834 ], [ 102.2761, 15.7812 ], [ 102.2703, 15.7854 ], [ 102.2561, 15.7815 ], [ 102.2582, 15.7725 ], [ 102.2533, 15.7701 ], [ 102.2531, 15.7595 ], [ 102.2315, 15.7463 ], [ 102.2045, 15.7577 ], [ 102.2009, 15.7414 ], [ 102.1936, 15.7435 ], [ 102.1881, 15.7403 ], [ 102.1832, 15.7435 ], [ 102.1869, 15.7486 ], [ 102.1812, 15.7465 ], [ 102.1798, 15.7497 ], [ 102.1778, 15.7459 ], [ 102.1639, 15.7463 ], [ 102.163, 15.739 ], [ 102.1629, 15.7421 ], [ 102.1557, 15.7422 ], [ 102.1559, 15.7321 ], [ 102.1627, 15.7285 ], [ 102.1535, 15.7277 ], [ 102.1564, 15.7241 ], [ 102.1547, 15.7199 ], [ 102.151, 15.723 ], [ 102.1529, 15.717 ], [ 102.1469, 15.7108 ], [ 102.1495, 15.7075 ], [ 102.1434, 15.7076 ], [ 102.1448, 15.6796 ], [ 102.1364, 15.6711 ], [ 102.1323, 15.6746 ], [ 102.1281, 15.6708 ], [ 102.1321, 15.6669 ], [ 102.1241, 15.6619 ], [ 102.1284, 15.6593 ], [ 102.1281, 15.6509 ], [ 102.1196, 15.6524 ], [ 102.121, 15.6449 ], [ 102.115, 15.6462 ], [ 102.1126, 15.6383 ], [ 102.1117, 15.6441 ], [ 102.1021, 15.6368 ], [ 102.1062, 15.6368 ], [ 102.1055, 15.6313 ], [ 102.0993, 15.6338 ], [ 102.0993, 15.628 ], [ 102.0955, 15.6276 ], [ 102.0956, 15.6314 ], [ 102.0915, 15.6259 ], [ 102.0885, 15.6318 ], [ 102.0861, 15.6283 ], [ 102.0896, 15.6252 ], [ 102.0832, 15.6245 ], [ 102.0851, 15.6194 ], [ 102.0812, 15.6235 ], [ 102.0812, 15.62 ], [ 102.0752, 15.6215 ], [ 102.0734, 15.6176 ], [ 102.0727, 15.6073 ], [ 102.0639, 15.5867 ], [ 102.0395, 15.5425 ], [ 102.0437, 15.5242 ], [ 102.0368, 15.5016 ], [ 102.0335, 15.4963 ], [ 102.0356, 15.4795 ], [ 102.0095, 15.4582 ], [ 101.9965, 15.4662 ], [ 101.9646, 15.4558 ], [ 101.9331, 15.4565 ], [ 101.9253, 15.4429 ], [ 101.9121, 15.4341 ], [ 101.9063, 15.4192 ], [ 101.8962, 15.4044 ], [ 101.8774, 15.3914 ], [ 101.8407, 15.4123 ], [ 101.8225, 15.4081 ], [ 101.8076, 15.4132 ], [ 101.7996, 15.4233 ], [ 101.7852, 15.3898 ], [ 101.7639, 15.3811 ], [ 101.7201, 15.3859 ], [ 101.6877, 15.3862 ], [ 101.6666, 15.3927 ], [ 101.6514, 15.4012 ], [ 101.6187, 15.3641 ], [ 101.597, 15.3789 ], [ 101.5866, 15.3741 ], [ 101.5226, 15.3738 ] ] ] } },
{ "type": "Feature", "properties": { "id": "PROV_0009", "name": "Nong Bua Lamphu" }, "geometry": { "type": "Polygon", "coordinates": [ [ [ 102.4965, 16.8036 ], [ 102.479, 16.8073 ], [ 102.4712, 16.8025 ], [ 102.4536, 16.8109 ], [ 102.4536, 16.8058 ], [ 102.4477, 16.8028 ], [ 102.45, 16.7948 ], [ 102.4454, 16.7919 ], [ 102.433, 16.7947 ], [ 102.4205, 16.7952 ], [ 102.4057, 16.8138 ], [ 102.3916, 16.8104 ], [ 102.3781, 16.8173 ], [ 102.3776, 16.8105 ], [ 102.3613, 16.8165 ], [ 102.3506, 16.8303 ], [ 102.3465, 16.8172 ], [ 102.3383, 16.8239 ], [ 102.336, 16.8312 ], [ 102.3397, 16.8371 ], [ 102.3233, 16.8465 ], [ 102.3317, 16.8486 ], [ 102.3303, 16.8552 ], [ 102.316, 16.855 ], [ 102.3246, 16.8674 ], [ 102.3111, 16.868 ], [ 102.3019, 16.8775 ], [ 102.3072, 16.8842 ], [ 102.2907, 16.8851 ], [ 102.2961, 16.8909 ], [ 102.2546, 16.8948 ], [ 102.2501, 16.8915 ], [ 102.2493, 16.8787 ], [ 102.2448, 16.8814 ], [ 102.2421, 16.8757 ], [ 102.2342, 16.8802 ], [ 102.2333, 16.8751 ], [ 102.2276, 16.8751 ], [ 102.2257, 16.8688 ], [ 102.2133, 16.8614 ], [ 102.2153, 16.8583 ], [ 102.2036, 16.8625 ], [ 102.1877, 16.858 ], [ 102.1803, 16.8718 ], [ 102.1713, 16.8652 ], [ 102.1675, 16.8704 ], [ 102.1584, 16.8717 ], [ 102.1558, 16.8812 ], [ 102.1442, 16.8807 ], [ 102.1442, 16.8765 ], [ 102.1378, 16.8791 ], [ 102.1239, 16.881 ], [ 102.1047, 16.8973 ], [ 102.0968, 16.8908 ], [ 102.0993, 16.882 ], [ 102.0812, 16.8894 ], [ 102.0702, 16.885 ], [ 102.066, 16.8957 ], [ 102.0457, 16.9072 ], [ 102.0299, 16.9505 ], [ 102.0585, 16.9652 ], [ 102.0652, 16.9609 ], [ 102.0718, 16.9625 ], [ 102.0893, 16.9788 ], [ 102.1254, 16.9913 ], [ 102.1358, 17.0113 ], [ 102.1408, 17.0117 ], [ 102.1535, 17.0274 ], [ 102.1253, 17.041 ], [ 102.1172, 17.0579 ], [ 102.108, 17.0614 ], [ 102.1019, 17.0697 ], [ 102.1056, 17.0827 ], [ 102.1, 17.087 ], [ 102.0991, 17.1018 ], [ 102.092, 17.1032 ], [ 102.0914, 17.1108 ], [ 102.0725, 17.1124 ], [ 102.0654, 17.1207 ], [ 102.0482, 17.1238 ], [ 102.0379, 17.131 ], [ 102.023, 17.1313 ], [ 102.0164, 17.1399 ], [ 102.0206, 17.154 ], [ 102.0383, 17.1579 ], [ 102.0449, 17.165 ], [ 102.0323, 17.1735 ], [ 102.03, 17.1921 ], [ 102.0174, 17.2021 ], [ 102.0278, 17.2047 ], [ 102.0377, 17.2208 ], [ 102.0407, 17.211 ], [ 102.0635, 17.2023 ], [ 102.0819, 17.1702 ], [ 102.0929, 17.1748 ], [ 102.0999, 17.1805 ], [ 102.0949, 17.1945 ], [ 102.0855, 17.2109 ], [ 102.0818, 17.2313 ], [ 102.0844, 17.2366 ], [ 102.0695, 17.2571 ], [ 102.0527, 17.2516 ], [ 102.0299, 17.2707 ], [ 102.0268, 17.2812 ], [ 102.0148, 17.2795 ], [ 102.0167, 17.2868 ], [ 102.0027, 17.2958 ], [ 101.9861, 17.3233 ], [ 101.9923, 17.335 ], [ 102.0097, 17.3336 ], [ 102.0206, 17.3412 ], [ 102.0134, 17.3622 ], [ 102.0184, 17.3668 ], [ 102.0179, 17.374 ], [ 101.9892, 17.4036 ], [ 101.9849, 17.4149 ], [ 101.9931, 17.4195 ], [ 101.9846, 17.4427 ], [ 101.9919, 17.4595 ], [ 101.9989, 17.4564 ], [ 102.0324, 17.4589 ], [ 102.0521, 17.4495 ], [ 102.0917, 17.4643 ], [ 102.0962, 17.4722 ], [ 102.1286, 17.4922 ], [ 102.126, 17.5093 ], [ 102.1348, 17.5095 ], [ 102.1393, 17.5228 ], [ 102.14, 17.5303 ], [ 102.1335, 17.5421 ], [ 102.1344, 17.5595 ], [ 102.116, 17.5766 ], [ 102.1149, 17.59 ], [ 102.1058, 17.6083 ], [ 102.0958, 17.6157 ], [ 102.0828, 17.635 ], [ 102.1042, 17.647 ], [ 102.1095, 17.6389 ], [ 102.121, 17.6331 ], [ 102.1292, 17.6362 ], [ 102.1318, 17.6473 ], [ 102.1379, 17.6487 ], [ 102.1452, 17.6617 ], [ 102.1602, 17.6662 ], [ 102.1723, 17.662 ], [ 102.1842, 17.6678 ], [ 102.2174, 17.6606 ], [ 102.2461, 17.6659 ], [ 102.2628, 17.66 ], [ 102.2754, 17.6676 ], [ 102.2966, 17.6622 ], [ 102.2868, 17.6737 ], [ 102.3182, 17.6788 ], [ 102.3267, 17.5922 ], [ 102.3336, 17.5787 ], [ 102.3323, 17.5546 ], [ 102.3687, 17.4997 ], [ 102.3993, 17.4146 ], [ 102.4217, 17.3751 ], [ 102.4378, 17.3394 ], [ 102.4414, 17.3223 ], [ 102.4395, 17.2805 ], [ 102.4584, 17.2817 ], [ 102.4626, 17.2754 ], [ 102.4783, 17.2751 ], [ 102.4899, 17.2843 ], [ 102.5033, 17.286 ], [ 102.5218, 17.2747 ], [ 102.5366, 17.2583 ], [ 102.571, 17.2551 ], [ 102.5929, 17.2655 ], [ 102.5732, 17.2362 ], [ 102.5518, 17.2359 ], [ 102.5419, 17.2171 ], [ 102.5355, 17.2288 ], [ 102.5218, 17.2253 ], [ 102.5036, 17.1951 ], [ 102.5206, 17.1511 ], [ 102.5206, 17.1454 ], [ 102.5069, 17.1392 ], [ 102.5202, 17.1003 ], [ 102.5438, 17.0672 ], [ 102.5805, 17.0405 ], [ 102.6086, 17.0275 ], [ 102.6383, 17.0066 ], [ 102.6694, 16.9937 ], [ 102.6762, 16.9818 ], [ 102.6795, 16.968 ], [ 102.671, 16.9413 ], [ 102.6244, 16.8436 ], [ 102.613, 16.7989 ], [ 102.615, 16.7771 ], [ 102.6108, 16.7713 ], [ 102.5378, 16.7846 ], [ 102.4965, 16.8036 ] ] ] } },
{ "type": "Feature", "properties": { "id": "PROV_0010", "name": "Khon Kaen" }, "geometry": { "type": "Polygon", "coordinates": [ [ [ 102.3612, 15.7303 ], [ 102.3569, 15.7404 ], [ 102.3627, 15.7675 ], [ 102.3438, 15.7802 ], [ 102.3279, 15.8037 ], [ 102.3259, 15.822 ], [ 102.3203, 15.8255 ], [ 102.3247, 15.8299 ], [ 102.319, 15.8451 ], [ 102.3158, 15.8471 ], [ 102.3208, 15.8475 ], [ 102.3171, 15.8513 ], [ 102.3221, 15.857 ], [ 102.3218, 15.8667 ], [ 102.3384, 15.8742 ], [ 102.3377, 15.8796 ], [ 102.3434, 15.8822 ], [ 102.3413, 15.8877 ], [ 102.3533, 15.901 ], [ 102.3532, 15.9086 ], [ 102.3614, 15.9204 ], [ 102.3583, 15.9267 ], [ 102.3623, 15.9289 ], [ 102.3549, 15.9309 ], [ 102.3637, 15.9328 ], [ 102.369, 15.9486 ], [ 102.3747, 15.9464 ], [ 102.3706, 15.949 ], [ 102.3743, 15.9545 ], [ 102.369, 15.9536 ], [ 102.3715, 15.9582 ], [ 102.3669, 15.9556 ], [ 102.3669, 15.9652 ], [ 102.3723, 15.968 ], [ 102.3718, 15.9755 ], [ 102.3855, 15.9808 ], [ 102.3848, 15.9973 ], [ 102.3777, 15.9947 ], [ 102.3747, 16.0002 ], [ 102.373, 15.9961 ], [ 102.3684, 16.0068 ], [ 102.3654, 16.0016 ], [ 102.3552, 16.0052 ], [ 102.3495, 16.0229 ], [ 102.352, 16.0263 ], [ 102.3447, 16.0302 ], [ 102.3439, 16.0353 ], [ 102.3364, 16.0387 ], [ 102.3272, 16.0306 ], [ 102.3117, 16.0429 ], [ 102.3023, 16.0391 ], [ 102.2871, 16.0608 ], [ 102.2859, 16.0703 ], [ 102.2817, 16.0712 ], [ 102.2803, 16.0759 ], [ 102.2885, 16.0913 ], [ 102.3272, 16.13 ], [ 102.3454, 16.1602 ], [ 102.4032, 16.2428 ], [ 102.4144, 16.2513 ], [ 102.4115, 16.2704 ], [ 102.4247, 16.3112 ], [ 102.4373, 16.3287 ], [ 102.4363, 16.3363 ], [ 102.446, 16.353 ], [ 102.4474, 16.3785 ], [ 102.4594, 16.3942 ], [ 102.4485, 16.3976 ], [ 102.4422, 16.4088 ], [ 102.428, 16.4135 ], [ 102.4129, 16.4285 ], [ 102.4056, 16.4412 ], [ 102.4098, 16.4623 ], [ 102.4042, 16.4603 ], [ 102.4028, 16.466 ], [ 102.3963, 16.4664 ], [ 102.3989, 16.4597 ], [ 102.3943, 16.4597 ], [ 102.3976, 16.4577 ], [ 102.3944, 16.4549 ], [ 102.3982, 16.4469 ], [ 102.3836, 16.4421 ], [ 102.3824, 16.4455 ], [ 102.3732, 16.4364 ], [ 102.3653, 16.4384 ], [ 102.3679, 16.4479 ], [ 102.3646, 16.4529 ], [ 102.3577, 16.4484 ], [ 102.3501, 16.4522 ], [ 102.3426, 16.4464 ], [ 102.324, 16.4455 ], [ 102.3186, 16.4461 ], [ 102.3175, 16.4561 ], [ 102.3002, 16.448 ], [ 102.3004, 16.4452 ], [ 102.2933, 16.4461 ], [ 102.2891, 16.454 ], [ 102.2778, 16.4569 ], [ 102.2782, 16.4605 ], [ 102.276, 16.4558 ], [ 102.2689, 16.4558 ], [ 102.2642, 16.4619 ], [ 102.2552, 16.4612 ], [ 102.2563, 16.4667 ], [ 102.2434, 16.4702 ], [ 102.2408, 16.481 ], [ 102.2347, 16.4863 ], [ 102.2278, 16.4843 ], [ 102.2134, 16.5012 ], [ 102.2056, 16.4987 ], [ 102.2059, 16.5033 ], [ 102.1985, 16.5042 ], [ 102.1917, 16.4986 ], [ 102.1831, 16.5064 ], [ 102.1728, 16.4911 ], [ 102.1701, 16.4969 ], [ 102.1633, 16.4975 ], [ 102.165, 16.501 ], [ 102.1573, 16.4982 ], [ 102.1583, 16.5036 ], [ 102.1487, 16.4985 ], [ 102.1412, 16.5031 ], [ 102.1342, 16.4954 ], [ 102.1248, 16.4948 ], [ 102.1056, 16.4974 ], [ 102.0995, 16.4941 ], [ 102.0942, 16.498 ], [ 102.085, 16.492 ], [ 102.079, 16.4964 ], [ 102.0752, 16.4925 ], [ 102.0678, 16.4938 ], [ 102.0729, 16.5028 ], [ 102.0425, 16.5084 ], [ 102.03, 16.5254 ], [ 102.0338, 16.5321 ], [ 102.028, 16.5409 ], [ 102.0324, 16.5417 ], [ 102.0243, 16.5451 ], [ 102.0236, 16.5587 ], [ 102.0222, 16.5559 ], [ 102.0191, 16.5597 ], [ 102.0065, 16.5579 ], [ 101.9984, 16.5652 ], [ 101.9948, 16.5619 ], [ 101.9889, 16.5665 ], [ 101.9875, 16.5777 ], [ 101.9923, 16.5784 ], [ 101.9887, 16.5817 ], [ 101.9924, 16.5847 ], [ 101.984, 16.5831 ], [ 101.9779, 16.5877 ], [ 101.9835, 16.5903 ], [ 101.9796, 16.5924 ], [ 101.9836, 16.5959 ], [ 101.9756, 16.6045 ], [ 101.9777, 16.6102 ], [ 101.9723, 16.6148 ], [ 101.9698, 16.6111 ], [ 101.9673, 16.6187 ], [ 101.9644, 16.6149 ], [ 101.9584, 16.62 ], [ 101.9563, 16.6167 ], [ 101.9543, 16.6225 ], [ 101.9513, 16.6231 ], [ 101.9556, 16.6309 ], [ 101.9391, 16.6364 ], [ 101.9368, 16.6321 ], [ 101.9268, 16.634 ], [ 101.92, 16.631 ], [ 101.9204, 16.6274 ], [ 101.9135, 16.6342 ], [ 101.9098, 16.6332 ], [ 101.9111, 16.6297 ], [ 101.9054, 16.6283 ], [ 101.9028, 16.638 ], [ 101.8848, 16.645 ], [ 101.8735, 16.6428 ], [ 101.8691, 16.6495 ], [ 101.8542, 16.6502 ], [ 101.8525, 16.6572 ], [ 101.8401, 16.6546 ], [ 101.8292, 16.6577 ], [ 101.8227, 16.6506 ], [ 101.8203, 16.6546 ], [ 101.8056, 16.6529 ], [ 101.7744, 16.6287 ], [ 101.7783, 16.647 ], [ 101.7641, 16.6554 ], [ 101.7539, 16.6523 ], [ 101.7508, 16.668 ], [ 101.7516, 16.6775 ], [ 101.7659, 16.6799 ], [ 101.7723, 16.6874 ], [ 101.7764, 16.7126 ], [ 101.7916, 16.7267 ], [ 101.7859, 16.7428 ], [ 101.7897, 16.7469 ], [ 101.7829, 16.7541 ], [ 101.7879, 16.7643 ], [ 101.865, 16.7929 ], [ 101.8794, 16.8107 ], [ 101.9049, 16.8144 ], [ 101.9395, 16.8382 ], [ 101.9488, 16.8411 ], [ 101.9443, 16.8531 ], [ 101.9564, 16.8472 ], [ 101.9622, 16.8525 ], [ 101.9706, 16.842 ], [ 101.9791, 16.8452 ], [ 101.9792, 16.84 ], [ 101.9876, 16.844 ], [ 101.9916, 16.8396 ], [ 101.9989, 16.8445 ], [ 101.9959, 16.8502 ], [ 102.0001, 16.8491 ], [ 102.0059, 16.855 ], [ 101.9991, 16.8599 ], [ 102.0103, 16.8701 ], [ 102.0159, 16.864 ], [ 102.0187, 16.8685 ], [ 102.0273, 16.8613 ], [ 102.0312, 16.8633 ], [ 102.04, 16.8582 ], [ 102.0448, 16.8615 ], [ 102.0447, 16.8678 ], [ 102.056, 16.8675 ], [ 102.0595, 16.8709 ], [ 102.0549, 16.8758 ], [ 102.0627, 16.8809 ], [ 102.0626, 16.8868 ], [ 102.0694, 16.8891 ], [ 102.0702, 16.885 ], [ 102.0812, 16.8894 ], [ 102.0993, 16.882 ], [ 102.0968, 16.8908 ], [ 102.1047, 16.8973 ], [ 102.1239, 16.881 ], [ 102.1378, 16.8791 ], [ 102.1442, 16.8765 ], [ 102.1442, 16.8807 ], [ 102.1558, 16.8812 ], [ 102.1584, 16.8717 ], [ 102.1675, 16.8704 ], [ 102.1713, 16.8652 ], [ 102.1803, 16.8718 ], [ 102.1877, 16.858 ], [ 102.2036, 16.8625 ], [ 102.2153, 16.8583 ], [ 102.2133, 16.8614 ], [ 102.2257, 16.8688 ], [ 102.2276, 16.8751 ], [ 102.2333, 16.8751 ], [ 102.2342, 16.8802 ], [ 102.2421, 16.8757 ], [ 102.2448, 16.8814 ], [ 102.2493, 16.8787 ], [ 102.2501, 16.8915 ], [ 102.2546, 16.8948 ], [ 102.2961, 16.8909 ], [ 102.2907, 16.8851 ], [ 102.3072, 16.8842 ], [ 102.3019, 16.8775 ], [ 102.3111, 16.868 ], [ 102.3246, 16.8674 ], [ 102.316, 16.855 ], [ 102.3303, 16.8552 ], [ 102.3317, 16.8486 ], [ 102.3233, 16.8465 ], [ 102.3397, 16.8371 ], [ 102.336, 16.8312 ], [ 102.3383, 16.8239 ], [ 102.3465, 16.8172 ], [ 102.3506, 16.8303 ], [ 102.3613, 16.8165 ], [ 102.3776, 16.8105 ], [ 102.3781, 16.8173 ], [ 102.3916, 16.8104 ], [ 102.4057, 16.8138 ], [ 102.4205, 16.7952 ], [ 102.433, 16.7947 ], [ 102.4454, 16.7919 ], [ 102.45, 16.7948 ], [ 102.4477, 16.8028 ], [ 102.4536, 16.8058 ], [ 102.4536, 16.8109 ], [ 102.4712, 16.8025 ], [ 102.479, 16.8073 ], [ 102.4965, 16.8036 ], [ 102.5378, 16.7846 ], [ 102.6108, 16.7713 ], [ 102.615, 16.7771 ], [ 102.613, 16.7989 ], [ 102.6244, 16.8436 ], [ 102.671, 16.9413 ], [ 102.6795, 16.968 ], [ 102.6762, 16.9818 ], [ 102.6694, 16.9937 ], [ 102.6797, 17.0156 ], [ 102.6796, 17.0505 ], [ 102.6888, 17.0639 ], [ 102.6989, 17.07 ], [ 102.6996, 17.087 ], [ 102.7082, 17.0867 ], [ 102.7171, 17.0648 ], [ 102.7156, 17.0577 ], [ 102.7223, 17.0498 ], [ 102.7502, 17.0416 ], [ 102.7622, 17.0275 ], [ 102.7872, 17.0156 ], [ 102.7955, 17.0081 ], [ 102.8018, 16.9884 ], [ 102.822, 16.975 ], [ 102.8254, 16.9713 ], [ 102.8042, 16.9567 ], [ 102.8046, 16.9518 ], [ 102.8209, 16.9387 ], [ 102.816, 16.9253 ], [ 102.809, 16.9153 ], [ 102.8126, 16.904 ], [ 102.8104, 16.8917 ], [ 102.8148, 16.8841 ], [ 102.8202, 16.8802 ], [ 102.8243, 16.8621 ], [ 102.8325, 16.8688 ], [ 102.8417, 16.8685 ], [ 102.8413, 16.8724 ], [ 102.848, 16.8733 ], [ 102.8543, 16.8826 ], [ 102.867, 16.8786 ], [ 102.8726, 16.8811 ], [ 102.8771, 16.8722 ], [ 102.8833, 16.8754 ], [ 102.8881, 16.8654 ], [ 102.8988, 16.857 ], [ 102.9179, 16.835 ], [ 102.9489, 16.8401 ], [ 102.9753, 16.848 ], [ 102.996, 16.8637 ], [ 102.9982, 16.872 ], [ 103.0073, 16.8664 ], [ 103.0097, 16.8721 ], [ 103.0252, 16.8746 ], [ 103.0364, 16.8858 ], [ 103.0527, 16.8871 ], [ 103.0737, 16.9015 ], [ 103.0824, 16.8993 ], [ 103.0984, 16.913 ], [ 103.1147, 16.9069 ], [ 103.1237, 16.8964 ], [ 103.12, 16.8715 ], [ 103.112, 16.8618 ], [ 103.1141, 16.854 ], [ 103.1063, 16.8493 ], [ 103.1072, 16.8436 ], [ 103.1019, 16.8397 ], [ 103.1139, 16.8181 ], [ 103.1231, 16.8181 ], [ 103.1377, 16.8308 ], [ 103.1403, 16.8386 ], [ 103.136, 16.8703 ], [ 103.1733, 16.8638 ], [ 103.1706, 16.8486 ], [ 103.1782, 16.8428 ], [ 103.1771, 16.8323 ], [ 103.1842, 16.8215 ], [ 103.1799, 16.7864 ], [ 103.17, 16.7688 ], [ 103.1521, 16.7624 ], [ 103.1465, 16.746 ], [ 103.1587, 16.7326 ], [ 103.1458, 16.701 ], [ 103.1487, 16.6871 ], [ 103.1536, 16.6841 ], [ 103.1581, 16.6699 ], [ 103.1512, 16.66 ], [ 103.1527, 16.6484 ], [ 103.1507, 16.6272 ], [ 103.1545, 16.6158 ], [ 103.1515, 16.6082 ], [ 103.121, 16.5925 ], [ 103.1188, 16.5668 ], [ 103.1041, 16.5535 ], [ 103.1006, 16.5414 ], [ 103.0949, 16.5335 ], [ 103.0876, 16.5282 ], [ 103.0869, 16.5165 ], [ 103.0798, 16.5099 ], [ 103.0398, 16.4907 ], [ 103.0316, 16.5004 ], [ 103.0166, 16.4738 ], [ 103.0063, 16.4676 ], [ 102.9841, 16.4646 ], [ 102.9531, 16.4518 ], [ 102.9622, 16.4298 ], [ 102.9755, 16.4255 ], [ 102.9724, 16.4198 ], [ 102.9588, 16.4255 ], [ 102.9531, 16.4147 ], [ 102.9565, 16.413 ], [ 102.9461, 16.4086 ], [ 102.946, 16.4024 ], [ 102.9556, 16.4018 ], [ 102.9556, 16.3976 ], [ 102.9504, 16.3954 ], [ 102.9492, 16.3887 ], [ 102.9401, 16.3925 ], [ 102.9396, 16.3855 ], [ 102.9365, 16.389 ], [ 102.9344, 16.3835 ], [ 102.9376, 16.3772 ], [ 102.9244, 16.3798 ], [ 102.9191, 16.373 ], [ 102.9269, 16.3663 ], [ 102.9194, 16.3652 ], [ 102.9174, 16.369 ], [ 102.9139, 16.3613 ], [ 102.9054, 16.3595 ], [ 102.9086, 16.3484 ], [ 102.8955, 16.35 ], [ 102.8936, 16.3155 ], [ 102.8711, 16.3011 ], [ 102.8462, 16.2728 ], [ 102.8483, 16.2509 ], [ 102.8443, 16.2424 ], [ 102.8447, 16.2352 ], [ 102.8503, 16.2227 ], [ 102.8446, 16.208 ], [ 102.8485, 16.2008 ], [ 102.8465, 16.1867 ], [ 102.8584, 16.1637 ], [ 102.8569, 16.1568 ], [ 102.846, 16.1476 ], [ 102.8548, 16.1281 ], [ 102.8646, 16.1235 ], [ 102.8685, 16.127 ], [ 102.8611, 16.094 ], [ 102.8483, 16.0719 ], [ 102.862, 16.057 ], [ 102.8564, 16.0474 ], [ 102.8595, 16.0402 ], [ 102.8816, 16.046 ], [ 102.8893, 16.0551 ], [ 102.8909, 16.0499 ], [ 102.8954, 16.0533 ], [ 102.8909, 16.047 ], [ 102.8941, 16.0457 ], [ 102.8921, 16.0397 ], [ 102.8851, 16.038 ], [ 102.8904, 16.035 ], [ 102.8833, 16.0145 ], [ 102.8895, 16.0053 ], [ 102.894, 15.993 ], [ 102.9051, 15.9834 ], [ 102.9055, 15.9735 ], [ 102.8906, 15.9371 ], [ 102.9098, 15.9247 ], [ 102.9021, 15.9106 ], [ 102.9029, 15.9024 ], [ 102.9061, 15.8966 ], [ 102.9146, 15.8967 ], [ 102.9304, 15.8858 ], [ 102.9227, 15.8696 ], [ 102.9247, 15.8623 ], [ 102.92, 15.8411 ], [ 102.923, 15.8365 ], [ 102.9192, 15.8222 ], [ 102.9319, 15.8148 ], [ 102.9305, 15.7962 ], [ 102.8951, 15.7837 ], [ 102.8901, 15.7768 ], [ 102.8833, 15.7761 ], [ 102.8807, 15.7671 ], [ 102.8748, 15.7359 ], [ 102.8764, 15.7076 ], [ 102.8687, 15.6943 ], [ 102.876, 15.6758 ], [ 102.8781, 15.6784 ], [ 102.878, 15.675 ], [ 102.8858, 15.673 ], [ 102.8841, 15.6663 ], [ 102.8641, 15.6562 ], [ 102.8602, 15.6409 ], [ 102.8487, 15.6363 ], [ 102.8381, 15.6363 ], [ 102.8069, 15.632 ], [ 102.7908, 15.6394 ], [ 102.7861, 15.633 ], [ 102.7769, 15.6341 ], [ 102.78, 15.645 ], [ 102.7728, 15.6531 ], [ 102.7617, 15.6528 ], [ 102.7489, 15.6617 ], [ 102.7473, 15.6713 ], [ 102.7343, 15.6668 ], [ 102.7167, 15.666 ], [ 102.7082, 15.6863 ], [ 102.6957, 15.6908 ], [ 102.6973, 15.6965 ], [ 102.6887, 15.7058 ], [ 102.695, 15.7158 ], [ 102.6913, 15.724 ], [ 102.6791, 15.7283 ], [ 102.6667, 15.7158 ], [ 102.6388, 15.7153 ], [ 102.6097, 15.7284 ], [ 102.5972, 15.7124 ], [ 102.5817, 15.7068 ], [ 102.5652, 15.7079 ], [ 102.5558, 15.704 ], [ 102.5326, 15.7116 ], [ 102.5132, 15.728 ], [ 102.4817, 15.7175 ], [ 102.4527, 15.7166 ], [ 102.4288, 15.7035 ], [ 102.4205, 15.6956 ], [ 102.4039, 15.7006 ], [ 102.4002, 15.7104 ], [ 102.3787, 15.7316 ], [ 102.3612, 15.7303 ] ] ] } },
{ "type": "Feature", "properties": { "id": "PROV_0011", "name": "Udon Thani" }, "geometry": { "type": "Polygon", "coordinates": [ [ [ 102.996, 16.8637 ], [ 102.9753, 16.848 ], [ 102.9489, 16.8401 ], [ 102.9179, 16.835 ], [ 102.8988, 16.857 ], [ 102.8881, 16.8654 ], [ 102.8833, 16.8754 ], [ 102.8771, 16.8722 ], [ 102.8726, 16.8811 ], [ 102.867, 16.8786 ], [ 102.8543, 16.8826 ], [ 102.848, 16.8733 ], [ 102.8413, 16.8724 ], [ 102.8417, 16.8685 ], [ 102.8325, 16.8688 ], [ 102.8243, 16.8621 ], [ 102.8202, 16.8802 ], [ 102.8148, 16.8841 ], [ 102.8104, 16.8917 ], [ 102.8126, 16.904 ], [ 102.809, 16.9153 ], [ 102.816, 16.9253 ], [ 102.8209, 16.9387 ], [ 102.8046, 16.9518 ], [ 102.8042, 16.9567 ], [ 102.8254, 16.9713 ], [ 102.822, 16.975 ], [ 102.8018, 16.9884 ], [ 102.7955, 17.0081 ], [ 102.7872, 17.0156 ], [ 102.7622, 17.0275 ], [ 102.7502, 17.0416 ], [ 102.7223, 17.0498 ], [ 102.7156, 17.0577 ], [ 102.7171, 17.0648 ], [ 102.7082, 17.0867 ], [ 102.6996, 17.087 ], [ 102.6989, 17.07 ], [ 102.6888, 17.0639 ], [ 102.6796, 17.0505 ], [ 102.6797, 17.0156 ], [ 102.6694, 16.9937 ], [ 102.6383, 17.0066 ], [ 102.6086, 17.0275 ], [ 102.5805, 17.0405 ], [ 102.5438, 17.0672 ], [ 102.5202, 17.1003 ], [ 102.5069, 17.1392 ], [ 102.5206, 17.1454 ], [ 102.5206, 17.1511 ], [ 102.5036, 17.1951 ], [ 102.5218, 17.2253 ], [ 102.5355, 17.2288 ], [ 102.5419, 17.2171 ], [ 102.5518, 17.2359 ], [ 102.5732, 17.2362 ], [ 102.5929, 17.2655 ], [ 102.571, 17.2551 ], [ 102.5366, 17.2583 ], [ 102.5218, 17.2747 ], [ 102.5033, 17.286 ], [ 102.4899, 17.2843 ], [ 102.4783, 17.2751 ], [ 102.4626, 17.2754 ], [ 102.4584, 17.2817 ], [ 102.4395, 17.2805 ], [ 102.4414, 17.3223 ], [ 102.4378, 17.3394 ], [ 102.4217, 17.3751 ], [ 102.3993, 17.4146 ], [ 102.3687, 17.4997 ], [ 102.3323, 17.5546 ], [ 102.3336, 17.5787 ], [ 102.3267, 17.5922 ], [ 102.3182, 17.6788 ], [ 102.2868, 17.6737 ], [ 102.2966, 17.6622 ], [ 102.2754, 17.6676 ], [ 102.2628, 17.66 ], [ 102.2461, 17.6659 ], [ 102.2174, 17.6606 ], [ 102.1842, 17.6678 ], [ 102.1723, 17.662 ], [ 102.1602, 17.6662 ], [ 102.1452, 17.6617 ], [ 102.1379, 17.6487 ], [ 102.1318, 17.6473 ], [ 102.1292, 17.6362 ], [ 102.121, 17.6331 ], [ 102.1095, 17.6389 ], [ 102.1042, 17.647 ], [ 102.0828, 17.635 ], [ 102.0777, 17.6468 ], [ 102.072, 17.6445 ], [ 102.0593, 17.6571 ], [ 102.0458, 17.6496 ], [ 102.0371, 17.6502 ], [ 102.0311, 17.6596 ], [ 102.0397, 17.6643 ], [ 102.0326, 17.667 ], [ 102.0265, 17.6794 ], [ 102.0266, 17.708 ], [ 102.0171, 17.7478 ], [ 102.0234, 17.755 ], [ 102.0299, 17.786 ], [ 102.0398, 17.7851 ], [ 102.0459, 17.7897 ], [ 102.0367, 17.8064 ], [ 102.0475, 17.8193 ], [ 102.0517, 17.8487 ], [ 102.0484, 17.8538 ], [ 102.0514, 17.8698 ], [ 102.0383, 17.8847 ], [ 102.041, 17.8941 ], [ 102.0304, 17.9375 ], [ 102.0236, 17.9556 ], [ 102.025, 17.9762 ], [ 102.0178, 17.9828 ], [ 102.026, 17.9912 ], [ 102.0424, 17.9893 ], [ 102.0382, 18.0227 ], [ 102.0555, 18.0398 ], [ 102.0552, 18.0861 ], [ 102.0749, 18.0841 ], [ 102.0836, 18.0774 ], [ 102.0957, 18.0855 ], [ 102.1128, 18.0535 ], [ 102.1045, 18.0287 ], [ 102.1073, 18.0258 ], [ 102.1283, 18.0348 ], [ 102.1434, 18.0351 ], [ 102.1402, 18.0067 ], [ 102.1525, 17.9904 ], [ 102.1606, 17.9897 ], [ 102.1742, 18.0188 ], [ 102.1879, 18.0125 ], [ 102.2053, 18.0225 ], [ 102.2021, 18.0137 ], [ 102.2053, 18.0076 ], [ 102.2234, 18.0076 ], [ 102.2385, 18.0028 ], [ 102.2414, 17.9978 ], [ 102.2723, 17.9818 ], [ 102.2785, 17.981 ], [ 102.2844, 17.9915 ], [ 102.2929, 17.9818 ], [ 102.2985, 17.9594 ], [ 102.3086, 17.9466 ], [ 102.3233, 17.9343 ], [ 102.3381, 17.9324 ], [ 102.3551, 17.9229 ], [ 102.3588, 17.9168 ], [ 102.366, 17.9166 ], [ 102.365, 17.9065 ], [ 102.3893, 17.894 ], [ 102.4003, 17.8739 ], [ 102.3959, 17.8642 ], [ 102.402, 17.8573 ], [ 102.4005, 17.8435 ], [ 102.4088, 17.8404 ], [ 102.4102, 17.8336 ], [ 102.4246, 17.8204 ], [ 102.4412, 17.8197 ], [ 102.4384, 17.8165 ], [ 102.4372, 17.8103 ], [ 102.4315, 17.8085 ], [ 102.4326, 17.7981 ], [ 102.4288, 17.7955 ], [ 102.4344, 17.7874 ], [ 102.4419, 17.7839 ], [ 102.4371, 17.7776 ], [ 102.4402, 17.768 ], [ 102.4498, 17.7709 ], [ 102.4532, 17.7604 ], [ 102.4681, 17.7525 ], [ 102.5235, 17.763 ], [ 102.5327, 17.7599 ], [ 102.5393, 17.7434 ], [ 102.6149, 17.686 ], [ 102.5976, 17.6787 ], [ 102.5967, 17.6668 ], [ 102.6023, 17.6493 ], [ 102.5956, 17.6223 ], [ 102.6172, 17.6238 ], [ 102.6285, 17.6208 ], [ 102.6462, 17.6115 ], [ 102.6482, 17.5927 ], [ 102.6624, 17.5939 ], [ 102.6949, 17.6204 ], [ 102.7145, 17.6041 ], [ 102.7314, 17.6034 ], [ 102.7409, 17.6204 ], [ 102.7453, 17.6166 ], [ 102.7499, 17.6238 ], [ 102.763, 17.6241 ], [ 102.7603, 17.6425 ], [ 102.7742, 17.6468 ], [ 102.7754, 17.6522 ], [ 102.7735, 17.6634 ], [ 102.7804, 17.6699 ], [ 102.7833, 17.6809 ], [ 102.7971, 17.6862 ], [ 102.8094, 17.6851 ], [ 102.8297, 17.6933 ], [ 102.8359, 17.7061 ], [ 102.8332, 17.7151 ], [ 102.8505, 17.7282 ], [ 102.8502, 17.7369 ], [ 102.8426, 17.744 ], [ 102.85, 17.7514 ], [ 102.8458, 17.7622 ], [ 102.8528, 17.7722 ], [ 102.8539, 17.7767 ], [ 102.8462, 17.7783 ], [ 102.8436, 17.7844 ], [ 102.8492, 17.7831 ], [ 102.85, 17.7863 ], [ 102.8386, 17.7939 ], [ 102.8418, 17.8057 ], [ 102.835, 17.8049 ], [ 102.8258, 17.8134 ], [ 102.8388, 17.8113 ], [ 102.8368, 17.8171 ], [ 102.8404, 17.8202 ], [ 102.8363, 17.8224 ], [ 102.8509, 17.827 ], [ 102.844, 17.8362 ], [ 102.8497, 17.8389 ], [ 102.8525, 17.8358 ], [ 102.857, 17.8425 ], [ 102.8675, 17.8441 ], [ 102.865, 17.8555 ], [ 102.8735, 17.8569 ], [ 102.8735, 17.8724 ], [ 102.8681, 17.8741 ], [ 102.8683, 17.8804 ], [ 102.874, 17.8928 ], [ 102.8817, 17.8931 ], [ 102.8844, 17.8981 ], [ 102.8912, 17.8924 ], [ 102.9282, 17.8918 ], [ 102.9372, 17.884 ], [ 102.9457, 17.8543 ], [ 102.9525, 17.8473 ], [ 102.9619, 17.8273 ], [ 102.9692, 17.8233 ], [ 102.9825, 17.8287 ], [ 102.9885, 17.8421 ], [ 103.0047, 17.842 ], [ 103.0047, 17.8611 ], [ 103.0135, 17.8756 ], [ 103.0387, 17.8769 ], [ 103.0395, 17.8928 ], [ 103.0451, 17.8945 ], [ 103.0439, 17.8853 ], [ 103.0524, 17.8791 ], [ 103.078, 17.8852 ], [ 103.0822, 17.8739 ], [ 103.087, 17.8749 ], [ 103.096, 17.8658 ], [ 103.0999, 17.8701 ], [ 103.1008, 17.8565 ], [ 103.107, 17.8546 ], [ 103.1078, 17.8613 ], [ 103.1146, 17.8608 ], [ 103.1197, 17.8488 ], [ 103.1168, 17.8445 ], [ 103.1284, 17.8431 ], [ 103.1293, 17.8375 ], [ 103.1238, 17.8323 ], [ 103.128, 17.8266 ], [ 103.1359, 17.8246 ], [ 103.133, 17.8157 ], [ 103.1431, 17.8129 ], [ 103.1441, 17.8064 ], [ 103.1499, 17.8031 ], [ 103.167, 17.8083 ], [ 103.1704, 17.8188 ], [ 103.1677, 17.8267 ], [ 103.1715, 17.8298 ], [ 103.1718, 17.8399 ], [ 103.1759, 17.8422 ], [ 103.1729, 17.8456 ], [ 103.1782, 17.8507 ], [ 103.1755, 17.8542 ], [ 103.1837, 17.8587 ], [ 103.1917, 17.8717 ], [ 103.2001, 17.8663 ], [ 103.2083, 17.8734 ], [ 103.2181, 17.8705 ], [ 103.2384, 17.8792 ], [ 103.2411, 17.8863 ], [ 103.2553, 17.8781 ], [ 103.2657, 17.8648 ], [ 103.2696, 17.8497 ], [ 103.2952, 17.8281 ], [ 103.3294, 17.8242 ], [ 103.3411, 17.8432 ], [ 103.3403, 17.852 ], [ 103.3571, 17.8543 ], [ 103.3769, 17.8667 ], [ 103.3744, 17.8752 ], [ 103.39, 17.8703 ], [ 103.3973, 17.881 ], [ 103.3994, 17.8959 ], [ 103.3953, 17.9007 ], [ 103.3998, 17.9046 ], [ 103.4133, 17.9007 ], [ 103.4118, 17.8929 ], [ 103.4173, 17.8796 ], [ 103.4062, 17.8782 ], [ 103.4037, 17.8675 ], [ 103.4081, 17.86 ], [ 103.3945, 17.855 ], [ 103.3988, 17.8455 ], [ 103.4055, 17.8493 ], [ 103.4227, 17.8413 ], [ 103.4132, 17.8339 ], [ 103.4021, 17.8428 ], [ 103.4045, 17.8371 ], [ 103.3999, 17.8308 ], [ 103.3951, 17.8332 ], [ 103.3974, 17.8427 ], [ 103.3809, 17.8398 ], [ 103.3905, 17.8298 ], [ 103.3873, 17.8209 ], [ 103.3798, 17.8217 ], [ 103.3799, 17.8157 ], [ 103.3756, 17.8137 ], [ 103.3823, 17.8087 ], [ 103.3745, 17.8026 ], [ 103.3766, 17.7926 ], [ 103.3705, 17.7891 ], [ 103.3682, 17.7935 ], [ 103.3707, 17.778 ], [ 103.381, 17.7694 ], [ 103.3776, 17.7625 ], [ 103.384, 17.753 ], [ 103.3961, 17.7538 ], [ 103.3997, 17.7587 ], [ 103.409, 17.7332 ], [ 103.4041, 17.7331 ], [ 103.4107, 17.7288 ], [ 103.4042, 17.725 ], [ 103.4077, 17.7211 ], [ 103.4008, 17.7185 ], [ 103.4064, 17.7065 ], [ 103.4017, 17.6902 ], [ 103.4072, 17.6685 ], [ 103.3991, 17.6503 ], [ 103.4009, 17.6207 ], [ 103.3974, 17.6171 ], [ 103.4018, 17.6045 ], [ 103.4095, 17.599 ], [ 103.4073, 17.5926 ], [ 103.396, 17.5951 ], [ 103.3812, 17.5894 ], [ 103.3763, 17.5928 ], [ 103.3788, 17.5852 ], [ 103.3743, 17.5792 ], [ 103.3606, 17.5912 ], [ 103.3367, 17.5763 ], [ 103.3407, 17.5694 ], [ 103.3305, 17.5505 ], [ 103.3223, 17.5538 ], [ 103.3203, 17.5493 ], [ 103.3169, 17.5237 ], [ 103.2959, 17.5033 ], [ 103.2881, 17.5 ], [ 103.2893, 17.4846 ], [ 103.2851, 17.4803 ], [ 103.289, 17.468 ], [ 103.2751, 17.445 ], [ 103.2759, 17.4359 ], [ 103.2826, 17.4301 ], [ 103.2816, 17.4156 ], [ 103.3018, 17.3944 ], [ 103.2732, 17.3491 ], [ 103.2706, 17.3326 ], [ 103.2572, 17.3264 ], [ 103.2527, 17.3143 ], [ 103.2621, 17.2905 ], [ 103.2812, 17.2672 ], [ 103.2863, 17.271 ], [ 103.2886, 17.2675 ], [ 103.2976, 17.2708 ], [ 103.3007, 17.2682 ], [ 103.3078, 17.2709 ], [ 103.316, 17.2635 ], [ 103.3325, 17.2625 ], [ 103.3374, 17.2556 ], [ 103.3514, 17.2554 ], [ 103.3549, 17.2503 ], [ 103.3524, 17.245 ], [ 103.3612, 17.2365 ], [ 103.3779, 17.2365 ], [ 103.3822, 17.2289 ], [ 103.4005, 17.2254 ], [ 103.4169, 17.213 ], [ 103.4271, 17.2209 ], [ 103.4312, 17.2162 ], [ 103.442, 17.2145 ], [ 103.4471, 17.2177 ], [ 103.4513, 17.213 ], [ 103.4633, 17.2184 ], [ 103.4702, 17.23 ], [ 103.4741, 17.2177 ], [ 103.5239, 17.1916 ], [ 103.5685, 17.1568 ], [ 103.5903, 17.1714 ], [ 103.5994, 17.1691 ], [ 103.6127, 17.1506 ], [ 103.6213, 17.1483 ], [ 103.638, 17.1124 ], [ 103.6553, 17.1153 ], [ 103.6671, 17.1058 ], [ 103.6548, 17.0763 ], [ 103.6645, 17.0564 ], [ 103.6582, 17.0286 ], [ 103.6612, 17.0207 ], [ 103.6476, 17.0227 ], [ 103.6517, 17.0485 ], [ 103.6415, 17.0562 ], [ 103.6377, 17.0709 ], [ 103.6273, 17.0764 ], [ 103.62, 17.0924 ], [ 103.6064, 17.0994 ], [ 103.6032, 17.0947 ], [ 103.6007, 17.0996 ], [ 103.5919, 17.0941 ], [ 103.5788, 17.102 ], [ 103.5737, 17.0916 ], [ 103.5619, 17.0934 ], [ 103.5572, 17.0863 ], [ 103.5478, 17.0888 ], [ 103.5468, 17.0796 ], [ 103.5372, 17.0769 ], [ 103.54, 17.0749 ], [ 103.5346, 17.0709 ], [ 103.5367, 17.0661 ], [ 103.5193, 17.0594 ], [ 103.518, 17.0494 ], [ 103.5122, 17.0508 ], [ 103.5067, 17.0443 ], [ 103.5128, 17.0443 ], [ 103.5106, 17.0363 ], [ 103.5178, 17.0343 ], [ 103.515, 17.0282 ], [ 103.5196, 16.999 ], [ 103.5025, 16.9833 ], [ 103.4997, 16.9692 ], [ 103.4936, 16.9699 ], [ 103.4959, 16.9644 ], [ 103.4862, 16.9401 ], [ 103.4867, 16.9329 ], [ 103.4931, 16.9277 ], [ 103.488, 16.9112 ], [ 103.4914, 16.9043 ], [ 103.4842, 16.9034 ], [ 103.4789, 16.8875 ], [ 103.4746, 16.8833 ], [ 103.4719, 16.8865 ], [ 103.4699, 16.8744 ], [ 103.4612, 16.8712 ], [ 103.4546, 16.8654 ], [ 103.4515, 16.8523 ], [ 103.4422, 16.847 ], [ 103.4492, 16.8375 ], [ 103.4455, 16.8274 ], [ 103.4212, 16.8016 ], [ 103.4138, 16.8054 ], [ 103.41, 16.8094 ], [ 103.4234, 16.8235 ], [ 103.4165, 16.8278 ], [ 103.4096, 16.8504 ], [ 103.4, 16.8532 ], [ 103.4107, 16.861 ], [ 103.4112, 16.8672 ], [ 103.3948, 16.8947 ], [ 103.3813, 16.9048 ], [ 103.3717, 16.9027 ], [ 103.3644, 16.9113 ], [ 103.351, 16.9213 ], [ 103.3303, 16.9246 ], [ 103.3025, 16.9226 ], [ 103.2874, 16.9265 ], [ 103.2798, 16.935 ], [ 103.2762, 16.9429 ], [ 103.2578, 16.9517 ], [ 103.2534, 16.9616 ], [ 103.2402, 16.9616 ], [ 103.2336, 16.9585 ], [ 103.2192, 16.968 ], [ 103.2113, 16.9595 ], [ 103.205, 16.9598 ], [ 103.1989, 16.9494 ], [ 103.1847, 16.9482 ], [ 103.1759, 16.9561 ], [ 103.1598, 16.9466 ], [ 103.1281, 16.9556 ], [ 103.1219, 16.9615 ], [ 103.1175, 16.9615 ], [ 103.1094, 16.9445 ], [ 103.1113, 16.941 ], [ 103.103, 16.9391 ], [ 103.0988, 16.9305 ], [ 103.0984, 16.913 ], [ 103.0824, 16.8993 ], [ 103.0737, 16.9015 ], [ 103.0527, 16.8871 ], [ 103.0364, 16.8858 ], [ 103.0252, 16.8746 ], [ 103.0097, 16.8721 ], [ 103.0073, 16.8664 ], [ 102.9982, 16.872 ], [ 102.996, 16.8637 ] ] ] } },
{ "type": "Feature", "properties": { "id": "PROV_0012", "name": "Loei" }, "geometry": { "type": "Polygon", "coordinates": [ [ [ 101.6543, 17.0051 ], [ 101.6554, 17.0117 ], [ 101.6454, 17.0289 ], [ 101.6501, 17.0415 ], [ 101.644, 17.0392 ], [ 101.6289, 17.0455 ], [ 101.6076, 16.999 ], [ 101.5874, 16.9963 ], [ 101.5825, 16.9869 ], [ 101.5752, 16.9836 ], [ 101.551, 16.9949 ], [ 101.5444, 17.0153 ], [ 101.5332, 17.0234 ], [ 101.5043, 17.0102 ], [ 101.4959, 17.0209 ], [ 101.4895, 17.0591 ], [ 101.4751, 17.0889 ], [ 101.459, 17.0987 ], [ 101.4615, 17.106 ], [ 101.452, 17.1234 ], [ 101.4512, 17.1421 ], [ 101.3976, 17.178 ], [ 101.3818, 17.1697 ], [ 101.3523, 17.1679 ], [ 101.3186, 17.1365 ], [ 101.3074, 17.1297 ], [ 101.3051, 17.1159 ], [ 101.2789, 17.0977 ], [ 101.2733, 17.0957 ], [ 101.2501, 17.1119 ], [ 101.2433, 17.1088 ], [ 101.2355, 17.0954 ], [ 101.2232, 17.0854 ], [ 101.2292, 17.0678 ], [ 101.2219, 17.0597 ], [ 101.2062, 17.0682 ], [ 101.1879, 17.0647 ], [ 101.1725, 17.0524 ], [ 101.1694, 17.0387 ], [ 101.1256, 17.026 ], [ 101.1162, 17.0195 ], [ 101.1114, 17.0055 ], [ 101.1181, 16.978 ], [ 101.116, 16.9318 ], [ 101.1068, 16.9073 ], [ 101.0922, 16.9003 ], [ 101.0668, 16.9021 ], [ 101.0717, 16.9237 ], [ 101.0538, 16.9306 ], [ 101.0385, 16.9297 ], [ 101.0281, 16.938 ], [ 101.0285, 16.9445 ], [ 101.0457, 16.9537 ], [ 101.0521, 16.953 ], [ 101.0446, 16.9666 ], [ 101.0493, 16.9745 ], [ 101.0426, 16.9845 ], [ 101.046, 16.9867 ], [ 101.047, 17.0012 ], [ 101.0563, 17.017 ], [ 101.0536, 17.0253 ], [ 101.0584, 17.0477 ], [ 101.0563, 17.0706 ], [ 101.0501, 17.0778 ], [ 101.0569, 17.0905 ], [ 101.0512, 17.0961 ], [ 101.0566, 17.105 ], [ 101.0519, 17.1152 ], [ 101.0621, 17.1122 ], [ 101.0707, 17.1154 ], [ 101.0727, 17.1292 ], [ 101.0792, 17.1382 ], [ 101.0783, 17.173 ], [ 101.0815, 17.1898 ], [ 101.1079, 17.2151 ], [ 101.11, 17.2265 ], [ 101.1094, 17.2344 ], [ 101.0931, 17.253 ], [ 101.0826, 17.2732 ], [ 101.0833, 17.2798 ], [ 101.05, 17.284 ], [ 101.0234, 17.3122 ], [ 101.0111, 17.3154 ], [ 101.0065, 17.3341 ], [ 100.9923, 17.3413 ], [ 100.9872, 17.3386 ], [ 100.97, 17.3414 ], [ 100.9547, 17.3357 ], [ 100.9451, 17.3411 ], [ 100.9394, 17.3359 ], [ 100.9292, 17.3357 ], [ 100.9141, 17.3425 ], [ 100.9166, 17.3953 ], [ 100.9183, 17.4018 ], [ 100.9231, 17.4028 ], [ 100.9241, 17.4205 ], [ 100.9212, 17.4314 ], [ 100.9147, 17.4352 ], [ 100.9161, 17.4517 ], [ 100.9008, 17.4571 ], [ 100.8945, 17.4654 ], [ 100.8752, 17.4494 ], [ 100.864, 17.4537 ], [ 100.8562, 17.451 ], [ 100.8349, 17.4684 ], [ 100.8336, 17.4813 ], [ 100.8446, 17.4894 ], [ 100.8452, 17.5032 ], [ 100.8652, 17.5165 ], [ 100.8727, 17.5289 ], [ 100.8608, 17.5453 ], [ 100.8678, 17.567 ], [ 100.8808, 17.5846 ], [ 100.9031, 17.5933 ], [ 100.9092, 17.5841 ], [ 100.918, 17.5813 ], [ 100.9154, 17.576 ], [ 100.9278, 17.5695 ], [ 100.9639, 17.5744 ], [ 100.9668, 17.5709 ], [ 100.9737, 17.5683 ], [ 100.9783, 17.5713 ], [ 100.9841, 17.5659 ], [ 100.997, 17.5635 ], [ 101.0031, 17.5565 ], [ 101.0234, 17.5575 ], [ 101.0236, 17.5518 ], [ 101.0371, 17.5464 ], [ 101.0396, 17.5413 ], [ 101.045, 17.5453 ], [ 101.0469, 17.5296 ], [ 101.0603, 17.5269 ], [ 101.0611, 17.5123 ], [ 101.0647, 17.5149 ], [ 101.0802, 17.5025 ], [ 101.1024, 17.5086 ], [ 101.0958, 17.5048 ], [ 101.0999, 17.5014 ], [ 101.0939, 17.4959 ], [ 101.1086, 17.4893 ], [ 101.1135, 17.4782 ], [ 101.1218, 17.4839 ], [ 101.136, 17.4829 ], [ 101.1296, 17.4801 ], [ 101.1314, 17.4728 ], [ 101.1458, 17.4783 ], [ 101.1511, 17.4658 ], [ 101.164, 17.4692 ], [ 101.1677, 17.4808 ], [ 101.1624, 17.483 ], [ 101.1627, 17.4913 ], [ 101.1783, 17.4958 ], [ 101.1835, 17.5025 ], [ 101.1795, 17.5029 ], [ 101.1765, 17.5253 ], [ 101.1889, 17.5309 ], [ 101.2245, 17.5341 ], [ 101.2302, 17.5372 ], [ 101.2322, 17.5545 ], [ 101.2414, 17.5532 ], [ 101.2474, 17.5619 ], [ 101.249, 17.5786 ], [ 101.2581, 17.5869 ], [ 101.2594, 17.5981 ], [ 101.2742, 17.6108 ], [ 101.2803, 17.6081 ], [ 101.2978, 17.6329 ], [ 101.3072, 17.6322 ], [ 101.3108, 17.6371 ], [ 101.3062, 17.651 ], [ 101.346, 17.6592 ], [ 101.3614, 17.6814 ], [ 101.3776, 17.6824 ], [ 101.3818, 17.698 ], [ 101.3969, 17.6908 ], [ 101.4009, 17.6825 ], [ 101.4086, 17.6895 ], [ 101.4067, 17.7019 ], [ 101.4307, 17.7157 ], [ 101.4212, 17.7238 ], [ 101.4017, 17.7236 ], [ 101.3979, 17.7307 ], [ 101.4071, 17.7362 ], [ 101.417, 17.7349 ], [ 101.4192, 17.7302 ], [ 101.4237, 17.7378 ], [ 101.437, 17.7313 ], [ 101.4421, 17.7336 ], [ 101.4462, 17.7288 ], [ 101.4549, 17.7462 ], [ 101.4663, 17.7492 ], [ 101.4638, 17.7546 ], [ 101.4837, 17.7598 ], [ 101.4836, 17.7549 ], [ 101.4753, 17.7484 ], [ 101.481, 17.7433 ], [ 101.4904, 17.7461 ], [ 101.4846, 17.7274 ], [ 101.4904, 17.724 ], [ 101.4947, 17.7406 ], [ 101.5027, 17.745 ], [ 101.4972, 17.7549 ], [ 101.5038, 17.7549 ], [ 101.522, 17.7768 ], [ 101.5377, 17.775 ], [ 101.5508, 17.7892 ], [ 101.5741, 17.7851 ], [ 101.5667, 17.8027 ], [ 101.5599, 17.8086 ], [ 101.5518, 17.8089 ], [ 101.5517, 17.8204 ], [ 101.565, 17.841 ], [ 101.569, 17.8627 ], [ 101.5743, 17.8696 ], [ 101.581, 17.8654 ], [ 101.5876, 17.8505 ], [ 101.593, 17.8496 ], [ 101.6028, 17.8568 ], [ 101.6163, 17.8936 ], [ 101.6501, 17.8959 ], [ 101.6932, 17.9125 ], [ 101.7019, 17.9116 ], [ 101.71, 17.9025 ], [ 101.7323, 17.922 ], [ 101.7284, 17.9481 ], [ 101.7431, 17.9757 ], [ 101.7445, 17.9913 ], [ 101.7529, 18.0021 ], [ 101.757, 18.0361 ], [ 101.7662, 18.0542 ], [ 101.7785, 18.0656 ], [ 101.7868, 18.0716 ], [ 101.7954, 18.0645 ], [ 101.8256, 18.0599 ], [ 101.8799, 18.0268 ], [ 101.9003, 18.0284 ], [ 101.9106, 18.0351 ], [ 101.9361, 18.0709 ], [ 101.9394, 18.0828 ], [ 101.9544, 18.0934 ], [ 101.9534, 18.1033 ], [ 101.9625, 18.1023 ], [ 101.9865, 18.1238 ], [ 101.9945, 18.1239 ], [ 102.0189, 18.1494 ], [ 102.0273, 18.151 ], [ 102.0347, 18.1613 ], [ 102.0462, 18.1993 ], [ 102.0865, 18.2196 ], [ 102.1056, 18.2132 ], [ 102.1008, 18.194 ], [ 102.1012, 18.1622 ], [ 102.0859, 18.1602 ], [ 102.0685, 18.144 ], [ 102.0618, 18.1014 ], [ 102.0567, 18.098 ], [ 102.0552, 18.0861 ], [ 102.0555, 18.0398 ], [ 102.0382, 18.0227 ], [ 102.0424, 17.9893 ], [ 102.026, 17.9912 ], [ 102.0178, 17.9828 ], [ 102.025, 17.9762 ], [ 102.0236, 17.9556 ], [ 102.0304, 17.9375 ], [ 102.041, 17.8941 ], [ 102.0383, 17.8847 ], [ 102.0514, 17.8698 ], [ 102.0484, 17.8538 ], [ 102.0517, 17.8487 ], [ 102.0475, 17.8193 ], [ 102.0367, 17.8064 ], [ 102.0459, 17.7897 ], [ 102.0398, 17.7851 ], [ 102.0299, 17.786 ], [ 102.0234, 17.755 ], [ 102.0171, 17.7478 ], [ 102.0266, 17.708 ], [ 102.0265, 17.6794 ], [ 102.0326, 17.667 ], [ 102.0397, 17.6643 ], [ 102.0311, 17.6596 ], [ 102.0371, 17.6502 ], [ 102.0458, 17.6496 ], [ 102.0593, 17.6571 ], [ 102.072, 17.6445 ], [ 102.0777, 17.6468 ], [ 102.0828, 17.635 ], [ 102.0958, 17.6157 ], [ 102.1058, 17.6083 ], [ 102.1149, 17.59 ], [ 102.116, 17.5766 ], [ 102.1344, 17.5595 ], [ 102.1335, 17.5421 ], [ 102.14, 17.5303 ], [ 102.1393, 17.5228 ], [ 102.1348, 17.5095 ], [ 102.126, 17.5093 ], [ 102.1286, 17.4922 ], [ 102.0962, 17.4722 ], [ 102.0917, 17.4643 ], [ 102.0521, 17.4495 ], [ 102.0324, 17.4589 ], [ 101.9989, 17.4564 ], [ 101.9919, 17.4595 ], [ 101.9846, 17.4427 ], [ 101.9931, 17.4195 ], [ 101.9849, 17.4149 ], [ 101.9892, 17.4036 ], [ 102.0179, 17.374 ], [ 102.0184, 17.3668 ], [ 102.0134, 17.3622 ], [ 102.0206, 17.3412 ], [ 102.0097, 17.3336 ], [ 101.9923, 17.335 ], [ 101.9861, 17.3233 ], [ 102.0027, 17.2958 ], [ 102.0167, 17.2868 ], [ 102.0148, 17.2795 ], [ 102.0268, 17.2812 ], [ 102.0299, 17.2707 ], [ 102.0527, 17.2516 ], [ 102.0695, 17.2571 ], [ 102.0844, 17.2366 ], [ 102.0818, 17.2313 ], [ 102.0855, 17.2109 ], [ 102.0949, 17.1945 ], [ 102.0999, 17.1805 ], [ 102.0929, 17.1748 ], [ 102.0819, 17.1702 ], [ 102.0635, 17.2023 ], [ 102.0407, 17.211 ], [ 102.0377, 17.2208 ], [ 102.0278, 17.2047 ], [ 102.0174, 17.2021 ], [ 102.03, 17.1921 ], [ 102.0323, 17.1735 ], [ 102.0449, 17.165 ], [ 102.0383, 17.1579 ], [ 102.0206, 17.154 ], [ 102.0164, 17.1399 ], [ 102.023, 17.1313 ], [ 102.0379, 17.131 ], [ 102.0482, 17.1238 ], [ 102.0654, 17.1207 ], [ 102.0725, 17.1124 ], [ 102.0914, 17.1108 ], [ 102.092, 17.1032 ], [ 102.0991, 17.1018 ], [ 102.1, 17.087 ], [ 102.1056, 17.0827 ], [ 102.1019, 17.0697 ], [ 102.108, 17.0614 ], [ 102.1172, 17.0579 ], [ 102.1253, 17.041 ], [ 102.1535, 17.0274 ], [ 102.1408, 17.0117 ], [ 102.1358, 17.0113 ], [ 102.1254, 16.9913 ], [ 102.0893, 16.9788 ], [ 102.0718, 16.9625 ], [ 102.0652, 16.9609 ], [ 102.0585, 16.9652 ], [ 102.0299, 16.9505 ], [ 102.0457, 16.9072 ], [ 102.066, 16.8957 ], [ 102.0694, 16.8891 ], [ 102.0626, 16.8868 ], [ 102.0627, 16.8809 ], [ 102.0549, 16.8758 ], [ 102.0595, 16.8709 ], [ 102.056, 16.8675 ], [ 102.0447, 16.8678 ], [ 102.0448, 16.8615 ], [ 102.04, 16.8582 ], [ 102.0312, 16.8633 ], [ 102.0273, 16.8613 ], [ 102.0187, 16.8685 ], [ 102.0159, 16.864 ], [ 102.0103, 16.8701 ], [ 101.9991, 16.8599 ], [ 102.0059, 16.855 ], [ 102.0001, 16.8491 ], [ 101.9959, 16.8502 ], [ 101.9989, 16.8445 ], [ 101.9916, 16.8396 ], [ 101.9876, 16.844 ], [ 101.9792, 16.84 ], [ 101.9791, 16.8452 ], [ 101.9706, 16.842 ], [ 101.9622, 16.8525 ], [ 101.9564, 16.8472 ], [ 101.9443, 16.8531 ], [ 101.9488, 16.8411 ], [ 101.9395, 16.8382 ], [ 101.9049, 16.8144 ], [ 101.8794, 16.8107 ], [ 101.865, 16.7929 ], [ 101.7632, 16.756 ], [ 101.7382, 16.7555 ], [ 101.7277, 16.7533 ], [ 101.7187, 16.7588 ], [ 101.7048, 16.7835 ], [ 101.687, 16.7986 ], [ 101.7007, 16.8097 ], [ 101.7193, 16.7997 ], [ 101.7215, 16.8068 ], [ 101.7063, 16.8298 ], [ 101.6997, 16.8281 ], [ 101.6986, 16.834 ], [ 101.6926, 16.8355 ], [ 101.6905, 16.8484 ], [ 101.6872, 16.845 ], [ 101.6845, 16.8486 ], [ 101.6881, 16.8582 ], [ 101.6809, 16.8576 ], [ 101.6766, 16.8668 ], [ 101.6836, 16.8686 ], [ 101.6782, 16.8838 ], [ 101.6847, 16.9015 ], [ 101.685, 16.9222 ], [ 101.6919, 16.9233 ], [ 101.6871, 16.9308 ], [ 101.6917, 16.9361 ], [ 101.678, 16.9398 ], [ 101.6723, 16.9576 ], [ 101.6753, 16.9757 ], [ 101.6543, 17.0051 ] ] ] } },
{ "type": "Feature", "properties": { "id": "PROV_0013", "name": "Chiang Mai" }, "geometry": { "type": "Polygon", "coordinates": [ [ [ 98.5194, 17.5117 ], [ 98.5245, 17.4953 ], [ 98.5184, 17.4777 ], [ 98.5294, 17.4521 ], [ 98.547, 17.4459 ], [ 98.5463, 17.4333 ], [ 98.5574, 17.4204 ], [ 98.5561, 17.3964 ], [ 98.5375, 17.3622 ], [ 98.548, 17.3539 ], [ 98.5549, 17.3566 ], [ 98.5619, 17.3513 ], [ 98.5558, 17.3374 ], [ 98.561, 17.318 ], [ 98.5563, 17.3128 ], [ 98.5576, 17.2938 ], [ 98.5789, 17.2988 ], [ 98.5743, 17.2847 ], [ 98.5441, 17.283 ], [ 98.5324, 17.2744 ], [ 98.5196, 17.2811 ], [ 98.5033, 17.2799 ], [ 98.4961, 17.2728 ], [ 98.4897, 17.2703 ], [ 98.4781, 17.2767 ], [ 98.4607, 17.2757 ], [ 98.454, 17.2692 ], [ 98.4497, 17.2713 ], [ 98.436, 17.2662 ], [ 98.4302, 17.2572 ], [ 98.3926, 17.2423 ], [ 98.3769, 17.2557 ], [ 98.3707, 17.267 ], [ 98.3612, 17.2708 ], [ 98.3581, 17.275 ], [ 98.361, 17.2885 ], [ 98.3308, 17.3016 ], [ 98.3172, 17.3212 ], [ 98.332, 17.329 ], [ 98.3302, 17.3404 ], [ 98.3342, 17.3488 ], [ 98.3176, 17.3653 ], [ 98.3192, 17.3795 ], [ 98.2917, 17.408 ], [ 98.3228, 17.4167 ], [ 98.3275, 17.4293 ], [ 98.3197, 17.4354 ], [ 98.3198, 17.4442 ], [ 98.3295, 17.4692 ], [ 98.3274, 17.489 ], [ 98.3169, 17.5031 ], [ 98.3147, 17.527 ], [ 98.31, 17.5299 ], [ 98.3063, 17.5489 ], [ 98.2989, 17.553 ], [ 98.3028, 17.5663 ], [ 98.2981, 17.5764 ], [ 98.2687, 17.5795 ], [ 98.2557, 17.5728 ], [ 98.2494, 17.5579 ], [ 98.2409, 17.5553 ], [ 98.2386, 17.5497 ], [ 98.2266, 17.5451 ], [ 98.2182, 17.547 ], [ 98.2081, 17.5398 ], [ 98.1974, 17.5424 ], [ 98.1788, 17.5375 ], [ 98.1676, 17.5474 ], [ 98.1367, 17.5412 ], [ 98.1258, 17.5588 ], [ 98.1269, 17.5678 ], [ 98.1084, 17.5825 ], [ 98.11, 17.592 ], [ 98.1035, 17.6004 ], [ 98.1073, 17.6116 ], [ 98.0997, 17.615 ], [ 98.1023, 17.6224 ], [ 98.0981, 17.6221 ], [ 98.0898, 17.6366 ], [ 98.1262, 17.6603 ], [ 98.1447, 17.6823 ], [ 98.1528, 17.7294 ], [ 98.1486, 17.7458 ], [ 98.1401, 17.7488 ], [ 98.1356, 17.7598 ], [ 98.1407, 17.7615 ], [ 98.1481, 17.7765 ], [ 98.1318, 17.7964 ], [ 98.1146, 17.7981 ], [ 98.1092, 17.7943 ], [ 98.1041, 17.7974 ], [ 98.0881, 17.8099 ], [ 98.073, 17.83 ], [ 98.0691, 17.853 ], [ 98.0581, 17.8594 ], [ 98.0546, 17.8681 ], [ 98.0575, 17.887 ], [ 98.0469, 17.8915 ], [ 98.045, 17.8986 ], [ 98.0494, 17.9055 ], [ 98.0493, 17.9246 ], [ 98.0599, 17.9331 ], [ 98.0475, 17.9442 ], [ 98.0553, 17.9521 ], [ 98.0626, 17.9515 ], [ 98.0888, 17.9635 ], [ 98.0993, 17.9622 ], [ 98.1223, 17.9462 ], [ 98.1334, 17.9458 ], [ 98.1437, 17.9357 ], [ 98.1496, 17.9401 ], [ 98.1527, 17.9605 ], [ 98.1603, 17.9626 ], [ 98.1618, 17.9708 ], [ 98.1698, 17.9695 ], [ 98.1673, 17.9726 ], [ 98.1715, 17.9752 ], [ 98.1797, 17.9726 ], [ 98.1844, 17.9811 ], [ 98.1891, 17.9785 ], [ 98.206, 17.9854 ], [ 98.2085, 17.9828 ], [ 98.2276, 17.9903 ], [ 98.2462, 17.9887 ], [ 98.2416, 18.0105 ], [ 98.2253, 18.0155 ], [ 98.2209, 18.0243 ], [ 98.234, 18.0337 ], [ 98.2307, 18.037 ], [ 98.2375, 18.0396 ], [ 98.2357, 18.0455 ], [ 98.2432, 18.0581 ], [ 98.2521, 18.0648 ], [ 98.2518, 18.0728 ], [ 98.25, 18.0773 ], [ 98.242, 18.0786 ], [ 98.2422, 18.0879 ], [ 98.2289, 18.0887 ], [ 98.233, 18.0919 ], [ 98.2309, 18.0982 ], [ 98.2259, 18.0919 ], [ 98.213, 18.0874 ], [ 98.1926, 18.0971 ], [ 98.1814, 18.1534 ], [ 98.1601, 18.1566 ], [ 98.1567, 18.1659 ], [ 98.1672, 18.1684 ], [ 98.1672, 18.1826 ], [ 98.1767, 18.1915 ], [ 98.1665, 18.2043 ], [ 98.1721, 18.2185 ], [ 98.1588, 18.222 ], [ 98.1525, 18.2253 ], [ 98.1394, 18.2398 ], [ 98.1427, 18.2511 ], [ 98.1358, 18.267 ], [ 98.1394, 18.2806 ], [ 98.1516, 18.2858 ], [ 98.1666, 18.2816 ], [ 98.1927, 18.2847 ], [ 98.202, 18.2911 ], [ 98.2082, 18.3059 ], [ 98.198, 18.332 ], [ 98.1949, 18.3304 ], [ 98.1816, 18.3425 ], [ 98.1705, 18.346 ], [ 98.1633, 18.3552 ], [ 98.1447, 18.363 ], [ 98.1355, 18.3852 ], [ 98.1227, 18.3953 ], [ 98.1259, 18.4058 ], [ 98.1133, 18.4082 ], [ 98.0946, 18.4205 ], [ 98.0809, 18.4176 ], [ 98.074, 18.4294 ], [ 98.0827, 18.4466 ], [ 98.1054, 18.4584 ], [ 98.1205, 18.5007 ], [ 98.1294, 18.5018 ], [ 98.1464, 18.5142 ], [ 98.154, 18.5121 ], [ 98.164, 18.5252 ], [ 98.1751, 18.5231 ], [ 98.17, 18.5285 ], [ 98.1749, 18.5419 ], [ 98.1744, 18.5469 ], [ 98.1845, 18.5487 ], [ 98.1935, 18.5407 ], [ 98.2005, 18.5419 ], [ 98.2086, 18.537 ], [ 98.2319, 18.5576 ], [ 98.2311, 18.5642 ], [ 98.2371, 18.572 ], [ 98.2262, 18.5876 ], [ 98.2123, 18.591 ], [ 98.2147, 18.6006 ], [ 98.2107, 18.6075 ], [ 98.183, 18.6095 ], [ 98.1829, 18.6248 ], [ 98.1736, 18.6284 ], [ 98.1631, 18.6262 ], [ 98.1457, 18.638 ], [ 98.1175, 18.6348 ], [ 98.1057, 18.6487 ], [ 98.1125, 18.6696 ], [ 98.1051, 18.6773 ], [ 98.1071, 18.689 ], [ 98.1003, 18.7048 ], [ 98.1075, 18.7138 ], [ 98.1032, 18.7184 ], [ 98.1021, 18.7358 ], [ 98.094, 18.7376 ], [ 98.1202, 18.7583 ], [ 98.1178, 18.7668 ], [ 98.1216, 18.7745 ], [ 98.1072, 18.7802 ], [ 98.0993, 18.7752 ], [ 98.0933, 18.7771 ], [ 98.0902, 18.7887 ], [ 98.0854, 18.796 ], [ 98.0883, 18.8047 ], [ 98.0783, 18.8214 ], [ 98.0812, 18.8359 ], [ 98.0925, 18.8692 ], [ 98.1024, 18.8842 ], [ 98.11, 18.8876 ], [ 98.1293, 18.9118 ], [ 98.1437, 18.9118 ], [ 98.1498, 18.919 ], [ 98.1564, 18.9196 ], [ 98.1567, 18.9375 ], [ 98.1661, 18.9395 ], [ 98.1725, 18.951 ], [ 98.1731, 18.9619 ], [ 98.1635, 18.9805 ], [ 98.166, 18.9836 ], [ 98.1693, 18.9992 ], [ 98.1861, 19.0154 ], [ 98.1851, 19.0319 ], [ 98.1911, 19.0327 ], [ 98.1911, 19.0411 ], [ 98.205, 19.0485 ], [ 98.2089, 19.0633 ], [ 98.2251, 19.0803 ], [ 98.2255, 19.0885 ], [ 98.2347, 19.0934 ], [ 98.2381, 19.1023 ], [ 98.2486, 19.1067 ], [ 98.252, 19.1138 ], [ 98.2407, 19.127 ], [ 98.2445, 19.1312 ], [ 98.2405, 19.1399 ], [ 98.2432, 19.1535 ], [ 98.2525, 19.1607 ], [ 98.2648, 19.1525 ], [ 98.2705, 19.1559 ], [ 98.2851, 19.1527 ], [ 98.3241, 19.1557 ], [ 98.3305, 19.1503 ], [ 98.3427, 19.1531 ], [ 98.3395, 19.1424 ], [ 98.3496, 19.1318 ], [ 98.3432, 19.1228 ], [ 98.353, 19.1032 ], [ 98.3511, 19.0965 ], [ 98.3563, 19.0901 ], [ 98.3707, 19.0856 ], [ 98.3749, 19.0751 ], [ 98.3727, 19.0653 ], [ 98.3817, 19.0594 ], [ 98.3856, 19.0617 ], [ 98.4012, 19.0356 ], [ 98.4214, 19.0281 ], [ 98.4284, 19.0418 ], [ 98.4382, 19.048 ], [ 98.4788, 19.0432 ], [ 98.5133, 19.0335 ], [ 98.5285, 19.0247 ], [ 98.5414, 19.0255 ], [ 98.5531, 19.0317 ], [ 98.5554, 19.0379 ], [ 98.5639, 19.0377 ], [ 98.567, 19.0453 ], [ 98.5801, 19.0483 ], [ 98.5949, 19.0436 ], [ 98.6028, 19.0531 ], [ 98.6326, 19.0623 ], [ 98.6403, 19.0691 ], [ 98.6517, 19.0943 ], [ 98.6435, 19.1054 ], [ 98.639, 19.1354 ], [ 98.6322, 19.1423 ], [ 98.6334, 19.1558 ], [ 98.6218, 19.1578 ], [ 98.6207, 19.1687 ], [ 98.6077, 19.1725 ], [ 98.6052, 19.1808 ], [ 98.5822, 19.1888 ], [ 98.5768, 19.2018 ], [ 98.5689, 19.2067 ], [ 98.5694, 19.2157 ], [ 98.5821, 19.2167 ], [ 98.5983, 19.2291 ], [ 98.5873, 19.2553 ], [ 98.5913, 19.2671 ], [ 98.6022, 19.2779 ], [ 98.5939, 19.2893 ], [ 98.5996, 19.2984 ], [ 98.6015, 19.3146 ], [ 98.5887, 19.3325 ], [ 98.5936, 19.3402 ], [ 98.59, 19.3532 ], [ 98.5948, 19.3534 ], [ 98.5813, 19.3656 ], [ 98.5734, 19.388 ], [ 98.5771, 19.3975 ], [ 98.587, 19.3976 ], [ 98.5961, 19.407 ], [ 98.5861, 19.4153 ], [ 98.5898, 19.4241 ], [ 98.5845, 19.4442 ], [ 98.5922, 19.4558 ], [ 98.591, 19.463 ], [ 98.5948, 19.4619 ], [ 98.5989, 19.47 ], [ 98.5926, 19.4831 ], [ 98.595, 19.4896 ], [ 98.5881, 19.4984 ], [ 98.5874, 19.5149 ], [ 98.5749, 19.5253 ], [ 98.5682, 19.5202 ], [ 98.5648, 19.528 ], [ 98.5659, 19.5601 ], [ 98.5423, 19.5719 ], [ 98.5411, 19.5928 ], [ 98.5367, 19.6002 ], [ 98.5395, 19.6234 ], [ 98.5268, 19.627 ], [ 98.5218, 19.6388 ], [ 98.5135, 19.639 ], [ 98.497, 19.6522 ], [ 98.4724, 19.6579 ], [ 98.4669, 19.6926 ], [ 98.4856, 19.7045 ], [ 98.5071, 19.7097 ], [ 98.5094, 19.7171 ], [ 98.5183, 19.7158 ], [ 98.5392, 19.6885 ], [ 98.5498, 19.6863 ], [ 98.5597, 19.6752 ], [ 98.5681, 19.6729 ], [ 98.5726, 19.7037 ], [ 98.5777, 19.7046 ], [ 98.5915, 19.7151 ], [ 98.6089, 19.7086 ], [ 98.6153, 19.7107 ], [ 98.6172, 19.717 ], [ 98.6242, 19.713 ], [ 98.6282, 19.7153 ], [ 98.6266, 19.7279 ], [ 98.6542, 19.7393 ], [ 98.661, 19.7338 ], [ 98.6669, 19.7491 ], [ 98.6801, 19.7491 ], [ 98.685, 19.7539 ], [ 98.7043, 19.7577 ], [ 98.7118, 19.7679 ], [ 98.7397, 19.7534 ], [ 98.7519, 19.7597 ], [ 98.7782, 19.7518 ], [ 98.7968, 19.7751 ], [ 98.8134, 19.7805 ], [ 98.8287, 19.7934 ], [ 98.8321, 19.8082 ], [ 98.8389, 19.813 ], [ 98.8498, 19.8068 ], [ 98.8531, 19.7972 ], [ 98.8686, 19.7922 ], [ 98.8747, 19.7826 ], [ 98.8853, 19.7793 ], [ 98.8966, 19.7665 ], [ 98.9089, 19.7609 ], [ 98.9169, 19.7432 ], [ 98.9292, 19.7579 ], [ 98.9276, 19.771 ], [ 98.934, 19.7735 ], [ 98.9654, 19.7413 ], [ 98.981, 19.7341 ], [ 98.9878, 19.7505 ], [ 98.9919, 19.7815 ], [ 99.0037, 19.7815 ], [ 99.013, 19.7932 ], [ 99.0169, 19.7956 ], [ 99.0338, 19.8497 ], [ 99.0246, 19.8635 ], [ 99.0274, 19.8918 ], [ 99.0229, 19.9033 ], [ 99.027, 19.9139 ], [ 99.0232, 19.9282 ], [ 99.03, 19.9266 ], [ 99.0435, 19.9319 ], [ 99.0433, 19.9505 ], [ 99.0374, 19.9665 ], [ 99.0306, 19.9714 ], [ 99.0379, 19.992 ], [ 99.0545, 20.0029 ], [ 99.0464, 20.0087 ], [ 99.0436, 20.0172 ], [ 99.0446, 20.0388 ], [ 99.0536, 20.0502 ], [ 99.0569, 20.0631 ], [ 99.0669, 20.0676 ], [ 99.0674, 20.0874 ], [ 99.073, 20.0974 ], [ 99.0797, 20.1017 ], [ 99.0924, 20.0992 ], [ 99.0948, 20.1054 ], [ 99.1006, 20.0976 ], [ 99.1317, 20.1058 ], [ 99.1265, 20.1181 ], [ 99.1446, 20.1226 ], [ 99.1503, 20.1286 ], [ 99.1602, 20.133 ], [ 99.1812, 20.1269 ], [ 99.2123, 20.1307 ], [ 99.2256, 20.1194 ], [ 99.2316, 20.1252 ], [ 99.2426, 20.1137 ], [ 99.2588, 20.1128 ], [ 99.2628, 20.1054 ], [ 99.2949, 20.0818 ], [ 99.3157, 20.0703 ], [ 99.3252, 20.0703 ], [ 99.348, 20.0746 ], [ 99.3813, 20.0893 ], [ 99.3998, 20.0862 ], [ 99.4206, 20.0928 ], [ 99.4277, 20.0889 ], [ 99.4391, 20.0903 ], [ 99.4433, 20.0981 ], [ 99.4539, 20.0981 ], [ 99.4696, 20.1074 ], [ 99.4987, 20.1157 ], [ 99.4951, 20.1314 ], [ 99.5128, 20.1471 ], [ 99.5202, 20.138 ], [ 99.5441, 20.1297 ], [ 99.5572, 20.1296 ], [ 99.5705, 20.1225 ], [ 99.5703, 20.1081 ], [ 99.5595, 20.0997 ], [ 99.5498, 20.1039 ], [ 99.4951, 20.0804 ], [ 99.491, 20.0715 ], [ 99.4968, 20.0511 ], [ 99.481, 20.0385 ], [ 99.4676, 20.0333 ], [ 99.4684, 20.0225 ], [ 99.4787, 20.0129 ], [ 99.4672, 20.007 ], [ 99.4525, 19.9812 ], [ 99.438, 19.9723 ], [ 99.4339, 19.9637 ], [ 99.4217, 19.9627 ], [ 99.4147, 19.9326 ], [ 99.4201, 19.9184 ], [ 99.4004, 19.9118 ], [ 99.3834, 19.8904 ], [ 99.3866, 19.869 ], [ 99.4033, 19.8495 ], [ 99.4142, 19.8449 ], [ 99.4087, 19.8316 ], [ 99.4202, 19.8211 ], [ 99.4186, 19.8133 ], [ 99.3918, 19.8137 ], [ 99.3909, 19.8078 ], [ 99.378, 19.7962 ], [ 99.3768, 19.7823 ], [ 99.3626, 19.7766 ], [ 99.3661, 19.7671 ], [ 99.3653, 19.7526 ], [ 99.3598, 19.7492 ], [ 99.361, 19.7283 ], [ 99.3496, 19.7246 ], [ 99.3458, 19.7121 ], [ 99.3409, 19.7127 ], [ 99.3134, 19.7077 ], [ 99.314, 19.7027 ], [ 99.3048, 19.6973 ], [ 99.2928, 19.6786 ], [ 99.2653, 19.664 ], [ 99.2637, 19.6536 ], [ 99.2584, 19.6504 ], [ 99.2589, 19.6295 ], [ 99.2663, 19.6246 ], [ 99.2679, 19.6105 ], [ 99.2845, 19.6036 ], [ 99.2923, 19.5943 ], [ 99.2894, 19.5809 ], [ 99.2954, 19.57 ], [ 99.3069, 19.555 ], [ 99.3168, 19.5543 ], [ 99.3259, 19.5394 ], [ 99.3088, 19.5265 ], [ 99.2984, 19.5054 ], [ 99.295, 19.4925 ], [ 99.2994, 19.4865 ], [ 99.308, 19.4883 ], [ 99.306, 19.4733 ], [ 99.3107, 19.4712 ], [ 99.3174, 19.4546 ], [ 99.3095, 19.4315 ], [ 99.3204, 19.4064 ], [ 99.3295, 19.3991 ], [ 99.3238, 19.3961 ], [ 99.3318, 19.3774 ], [ 99.3328, 19.3617 ], [ 99.319, 19.3559 ], [ 99.3164, 19.3505 ], [ 99.329, 19.326 ], [ 99.329, 19.314 ], [ 99.3383, 19.2981 ], [ 99.3369, 19.2897 ], [ 99.3424, 19.269 ], [ 99.3356, 19.2612 ], [ 99.3372, 19.2547 ], [ 99.3221, 19.2434 ], [ 99.3182, 19.2289 ], [ 99.3109, 19.2247 ], [ 99.3109, 19.2138 ], [ 99.3148, 19.2087 ], [ 99.3038, 19.1936 ], [ 99.3088, 19.1748 ], [ 99.3196, 19.1649 ], [ 99.3241, 19.1354 ], [ 99.3207, 19.1259 ], [ 99.3409, 19.0976 ], [ 99.345, 19.0858 ], [ 99.3517, 19.0872 ], [ 99.3649, 19.0793 ], [ 99.3657, 19.0691 ], [ 99.3835, 19.064 ], [ 99.3832, 19.043 ], [ 99.4016, 19.0001 ], [ 99.3929, 18.9975 ], [ 99.3734, 18.9821 ], [ 99.3775, 18.9685 ], [ 99.375, 18.9599 ], [ 99.3866, 18.9441 ], [ 99.3779, 18.9208 ], [ 99.3874, 18.8964 ], [ 99.3862, 18.8892 ], [ 99.3915, 18.8848 ], [ 99.3861, 18.8778 ], [ 99.3858, 18.8677 ], [ 99.3527, 18.8462 ], [ 99.3525, 18.8234 ], [ 99.3587, 18.802 ], [ 99.3711, 18.7809 ], [ 99.367, 18.7749 ], [ 99.3712, 18.7534 ], [ 99.3483, 18.7358 ], [ 99.3484, 18.7244 ], [ 99.3404, 18.7159 ], [ 99.341, 18.7064 ], [ 99.3332, 18.7008 ], [ 99.336, 18.6933 ], [ 99.3274, 18.6854 ], [ 99.3332, 18.6687 ], [ 99.3472, 18.6571 ], [ 99.3422, 18.6497 ], [ 99.3326, 18.65 ], [ 99.3274, 18.6392 ], [ 99.3277, 18.6185 ], [ 99.3478, 18.6171 ], [ 99.3595, 18.607 ], [ 99.3491, 18.5933 ], [ 99.3535, 18.5802 ], [ 99.3432, 18.5751 ], [ 99.3322, 18.5758 ], [ 99.327, 18.5433 ], [ 99.3171, 18.5321 ], [ 99.2963, 18.5372 ], [ 99.2638, 18.5716 ], [ 99.2519, 18.5738 ], [ 99.2454, 18.5823 ], [ 99.2188, 18.5924 ], [ 99.2234, 18.6075 ], [ 99.2354, 18.6171 ], [ 99.2318, 18.6294 ], [ 99.2336, 18.6518 ], [ 99.2179, 18.6544 ], [ 99.2131, 18.6604 ], [ 99.2066, 18.66 ], [ 99.2055, 18.6685 ], [ 99.1883, 18.6792 ], [ 99.1892, 18.7071 ], [ 99.1762, 18.7065 ], [ 99.1556, 18.71 ], [ 99.1381, 18.7017 ], [ 99.1264, 18.6835 ], [ 99.1021, 18.6776 ], [ 99.0995, 18.6694 ], [ 99.0765, 18.6724 ], [ 99.0676, 18.6636 ], [ 99.0642, 18.6668 ], [ 99.0209, 18.6729 ], [ 99.0105, 18.6728 ], [ 99.0043, 18.6624 ], [ 99.0054, 18.6458 ], [ 98.9985, 18.6413 ], [ 98.9786, 18.6353 ], [ 98.9655, 18.6146 ], [ 98.9698, 18.6034 ], [ 98.9617, 18.5963 ], [ 98.9478, 18.5709 ], [ 98.9328, 18.5547 ], [ 98.9351, 18.5431 ], [ 98.9223, 18.5362 ], [ 98.915, 18.5367 ], [ 98.8777, 18.5113 ], [ 98.873, 18.5169 ], [ 98.8649, 18.5149 ], [ 98.8598, 18.5015 ], [ 98.8465, 18.4996 ], [ 98.8391, 18.4866 ], [ 98.8256, 18.4795 ], [ 98.8154, 18.4714 ], [ 98.8142, 18.462 ], [ 98.8054, 18.4632 ], [ 98.7985, 18.4532 ], [ 98.7777, 18.45 ], [ 98.7644, 18.4347 ], [ 98.7542, 18.437 ], [ 98.7434, 18.4312 ], [ 98.7396, 18.4359 ], [ 98.725, 18.4462 ], [ 98.7196, 18.4345 ], [ 98.7152, 18.4341 ], [ 98.7086, 18.4423 ], [ 98.6934, 18.419 ], [ 98.6967, 18.4112 ], [ 98.7095, 18.4152 ], [ 98.698, 18.3956 ], [ 98.6901, 18.3922 ], [ 98.6813, 18.3674 ], [ 98.6964, 18.3512 ], [ 98.7041, 18.3345 ], [ 98.6993, 18.3306 ], [ 98.6888, 18.3346 ], [ 98.6718, 18.3271 ], [ 98.6733, 18.3111 ], [ 98.7058, 18.2902 ], [ 98.7208, 18.2862 ], [ 98.7362, 18.2662 ], [ 98.77, 18.2561 ], [ 98.7737, 18.2512 ], [ 98.7774, 18.2377 ], [ 98.7729, 18.2297 ], [ 98.7852, 18.2208 ], [ 98.7844, 18.2006 ], [ 98.78, 18.1963 ], [ 98.7827, 18.1799 ], [ 98.7931, 18.1604 ], [ 98.8045, 18.1568 ], [ 98.8071, 18.1376 ], [ 98.806, 18.1214 ], [ 98.81, 18.1129 ], [ 98.8018, 18.1044 ], [ 98.802, 18.0918 ], [ 98.7976, 18.0874 ], [ 98.8137, 18.0793 ], [ 98.8067, 18.0723 ], [ 98.8073, 18.0638 ], [ 98.7975, 18.0576 ], [ 98.7974, 18.0481 ], [ 98.7911, 18.0366 ], [ 98.7941, 18.0304 ], [ 98.7788, 18.0128 ], [ 98.7783, 18.0026 ], [ 98.7894, 18.003 ], [ 98.8093, 18.0084 ], [ 98.8341, 17.9887 ], [ 98.8304, 17.9749 ], [ 98.8418, 17.965 ], [ 98.8427, 17.9417 ], [ 98.8574, 17.9086 ], [ 98.8553, 17.8974 ], [ 98.8611, 17.8954 ], [ 98.8706, 17.8498 ], [ 98.8602, 17.8566 ], [ 98.8528, 17.8476 ], [ 98.8534, 17.8257 ], [ 98.8563, 17.8146 ], [ 98.8221, 17.7973 ], [ 98.8089, 17.7997 ], [ 98.8004, 17.7957 ], [ 98.7932, 17.8103 ], [ 98.7977, 17.8139 ], [ 98.793, 17.8198 ], [ 98.7948, 17.8238 ], [ 98.7884, 17.8246 ], [ 98.79, 17.8305 ], [ 98.7838, 17.8326 ], [ 98.7779, 17.8309 ], [ 98.7629, 17.8014 ], [ 98.7434, 17.8054 ], [ 98.7269, 17.7938 ], [ 98.7157, 17.7983 ], [ 98.6852, 17.7911 ], [ 98.6719, 17.8198 ], [ 98.6708, 17.834 ], [ 98.655, 17.8271 ], [ 98.6478, 17.8165 ], [ 98.6392, 17.8145 ], [ 98.6319, 17.8011 ], [ 98.6316, 17.7852 ], [ 98.624, 17.7773 ], [ 98.6147, 17.7799 ], [ 98.5986, 17.8025 ], [ 98.5907, 17.8058 ], [ 98.5898, 17.8015 ], [ 98.582, 17.8014 ], [ 98.5715, 17.8099 ], [ 98.5594, 17.7965 ], [ 98.5445, 17.8115 ], [ 98.5312, 17.8148 ], [ 98.5189, 17.8249 ], [ 98.5093, 17.8126 ], [ 98.4939, 17.8137 ], [ 98.4945, 17.7808 ], [ 98.5174, 17.7378 ], [ 98.5263, 17.7077 ], [ 98.5226, 17.6788 ], [ 98.5317, 17.6478 ], [ 98.5291, 17.6352 ], [ 98.5331, 17.6199 ], [ 98.5228, 17.5728 ], [ 98.5388, 17.551 ], [ 98.5364, 17.5407 ], [ 98.5274, 17.5365 ], [ 98.5259, 17.518 ], [ 98.5194, 17.5117 ] ] ] } },
{ "type": "Feature", "properties": { "id": "PROV_0014", "name": "Lamphun" }, "geometry": { "type": "Polygon", "coordinates": [ [ [ 99.1109, 17.7541 ], [ 99.1051, 17.7497 ], [ 99.1038, 17.7407 ], [ 99.0925, 17.7424 ], [ 99.0857, 17.7385 ], [ 99.0831, 17.7093 ], [ 99.0872, 17.7043 ], [ 99.0645, 17.6926 ], [ 99.0619, 17.6823 ], [ 99.0658, 17.6739 ], [ 99.0598, 17.6647 ], [ 99.0618, 17.6356 ], [ 99.05, 17.6124 ], [ 99.0191, 17.6149 ], [ 98.9999, 17.6354 ], [ 98.9908, 17.6335 ], [ 98.9823, 17.6402 ], [ 98.9612, 17.6395 ], [ 98.9476, 17.646 ], [ 98.9397, 17.6398 ], [ 98.9292, 17.6437 ], [ 98.9181, 17.642 ], [ 98.9078, 17.6486 ], [ 98.9037, 17.6394 ], [ 98.8998, 17.6407 ], [ 98.8819, 17.6261 ], [ 98.885, 17.621 ], [ 98.88, 17.6106 ], [ 98.8805, 17.6052 ], [ 98.887, 17.6018 ], [ 98.8893, 17.5888 ], [ 98.9109, 17.5816 ], [ 98.9047, 17.5627 ], [ 98.9059, 17.5448 ], [ 98.9109, 17.5354 ], [ 98.8964, 17.5281 ], [ 98.8885, 17.5126 ], [ 98.883, 17.5106 ], [ 98.88, 17.4911 ], [ 98.8717, 17.4928 ], [ 98.8703, 17.5014 ], [ 98.8587, 17.5112 ], [ 98.8405, 17.5149 ], [ 98.8231, 17.5122 ], [ 98.8159, 17.5076 ], [ 98.8157, 17.5005 ], [ 98.7964, 17.5001 ], [ 98.7619, 17.4832 ], [ 98.75, 17.4683 ], [ 98.7176, 17.4645 ], [ 98.7134, 17.4528 ], [ 98.7029, 17.4473 ], [ 98.7005, 17.4354 ], [ 98.6906, 17.4241 ], [ 98.6905, 17.434 ], [ 98.6815, 17.4459 ], [ 98.6826, 17.4593 ], [ 98.6881, 17.4732 ], [ 98.7001, 17.4785 ], [ 98.7051, 17.4859 ], [ 98.7056, 17.5008 ], [ 98.6965, 17.5145 ], [ 98.7017, 17.5251 ], [ 98.7019, 17.556 ], [ 98.6936, 17.5862 ], [ 98.6824, 17.5971 ], [ 98.6922, 17.6313 ], [ 98.6845, 17.6447 ], [ 98.6891, 17.6554 ], [ 98.6839, 17.6658 ], [ 98.7228, 17.6756 ], [ 98.7378, 17.6832 ], [ 98.7459, 17.6927 ], [ 98.7405, 17.707 ], [ 98.7246, 17.7167 ], [ 98.7238, 17.7272 ], [ 98.7035, 17.7433 ], [ 98.7044, 17.762 ], [ 98.6872, 17.7797 ], [ 98.6852, 17.7911 ], [ 98.7157, 17.7983 ], [ 98.7269, 17.7938 ], [ 98.7434, 17.8054 ], [ 98.7629, 17.8014 ], [ 98.7779, 17.8309 ], [ 98.7838, 17.8326 ], [ 98.79, 17.8305 ], [ 98.7884, 17.8246 ], [ 98.7948, 17.8238 ], [ 98.793, 17.8198 ], [ 98.7977, 17.8139 ], [ 98.7932, 17.8103 ], [ 98.8004, 17.7957 ], [ 98.8089, 17.7997 ], [ 98.8221, 17.7973 ], [ 98.8563, 17.8146 ], [ 98.8534, 17.8257 ], [ 98.8528, 17.8476 ], [ 98.8602, 17.8566 ], [ 98.8706, 17.8498 ], [ 98.8611, 17.8954 ], [ 98.8553, 17.8974 ], [ 98.8574, 17.9086 ], [ 98.8427, 17.9417 ], [ 98.8418, 17.965 ], [ 98.8304, 17.9749 ], [ 98.8341, 17.9887 ], [ 98.8093, 18.0084 ], [ 98.7894, 18.003 ], [ 98.7783, 18.0026 ], [ 98.7788, 18.0128 ], [ 98.7941, 18.0304 ], [ 98.7911, 18.0366 ], [ 98.7974, 18.0481 ], [ 98.7975, 18.0576 ], [ 98.8073, 18.0638 ], [ 98.8067, 18.0723 ], [ 98.8137, 18.0793 ], [ 98.7976, 18.0874 ], [ 98.802, 18.0918 ], [ 98.8018, 18.1044 ], [ 98.81, 18.1129 ], [ 98.806, 18.1214 ], [ 98.8071, 18.1376 ], [ 98.8045, 18.1568 ], [ 98.7931, 18.1604 ], [ 98.7827, 18.1799 ], [ 98.78, 18.1963 ], [ 98.7844, 18.2006 ], [ 98.7852, 18.2208 ], [ 98.7729, 18.2297 ], [ 98.7774, 18.2377 ], [ 98.7737, 18.2512 ], [ 98.77, 18.2561 ], [ 98.7362, 18.2662 ], [ 98.7208, 18.2862 ], [ 98.7058, 18.2902 ], [ 98.6733, 18.3111 ], [ 98.6718, 18.3271 ], [ 98.6888, 18.3346 ], [ 98.6993, 18.3306 ], [ 98.7041, 18.3345 ], [ 98.6964, 18.3512 ], [ 98.6813, 18.3674 ], [ 98.6901, 18.3922 ], [ 98.698, 18.3956 ], [ 98.7095, 18.4152 ], [ 98.6967, 18.4112 ], [ 98.6934, 18.419 ], [ 98.7086, 18.4423 ], [ 98.7152, 18.4341 ], [ 98.7196, 18.4345 ], [ 98.725, 18.4462 ], [ 98.7396, 18.4359 ], [ 98.7434, 18.4312 ], [ 98.7542, 18.437 ], [ 98.7644, 18.4347 ], [ 98.7777, 18.45 ], [ 98.7985, 18.4532 ], [ 98.8054, 18.4632 ], [ 98.8142, 18.462 ], [ 98.8154, 18.4714 ], [ 98.8256, 18.4795 ], [ 98.8391, 18.4866 ], [ 98.8465, 18.4996 ], [ 98.8598, 18.5015 ], [ 98.8649, 18.5149 ], [ 98.873, 18.5169 ], [ 98.8777, 18.5113 ], [ 98.915, 18.5367 ], [ 98.9223, 18.5362 ], [ 98.9351, 18.5431 ], [ 98.9328, 18.5547 ], [ 98.9478, 18.5709 ], [ 98.9617, 18.5963 ], [ 98.9698, 18.6034 ], [ 98.9655, 18.6146 ], [ 98.9786, 18.6353 ], [ 98.9985, 18.6413 ], [ 99.0054, 18.6458 ], [ 99.0043, 18.6624 ], [ 99.0105, 18.6728 ], [ 99.0209, 18.6729 ], [ 99.0642, 18.6668 ], [ 99.0676, 18.6636 ], [ 99.0765, 18.6724 ], [ 99.0995, 18.6694 ], [ 99.1021, 18.6776 ], [ 99.1264, 18.6835 ], [ 99.1381, 18.7017 ], [ 99.1556, 18.71 ], [ 99.1762, 18.7065 ], [ 99.1892, 18.7071 ], [ 99.1883, 18.6792 ], [ 99.2055, 18.6685 ], [ 99.2066, 18.66 ], [ 99.2131, 18.6604 ], [ 99.2179, 18.6544 ], [ 99.2336, 18.6518 ], [ 99.2318, 18.6294 ], [ 99.2354, 18.6171 ], [ 99.2234, 18.6075 ], [ 99.2188, 18.5924 ], [ 99.2454, 18.5823 ], [ 99.2519, 18.5738 ], [ 99.2638, 18.5716 ], [ 99.2963, 18.5372 ], [ 99.3171, 18.5321 ], [ 99.3203, 18.5014 ], [ 99.3028, 18.4913 ], [ 99.2863, 18.4926 ], [ 99.283, 18.4997 ], [ 99.2571, 18.4951 ], [ 99.2421, 18.4791 ], [ 99.2376, 18.4489 ], [ 99.2221, 18.4305 ], [ 99.1988, 18.4207 ], [ 99.1949, 18.407 ], [ 99.1885, 18.3949 ], [ 99.1896, 18.3883 ], [ 99.1713, 18.3748 ], [ 99.1669, 18.3742 ], [ 99.1695, 18.3476 ], [ 99.1531, 18.3293 ], [ 99.1523, 18.3161 ], [ 99.1326, 18.3144 ], [ 99.1228, 18.3117 ], [ 99.1248, 18.3042 ], [ 99.1196, 18.2982 ], [ 99.1134, 18.2942 ], [ 99.1168, 18.274 ], [ 99.1127, 18.267 ], [ 99.1066, 18.2654 ], [ 99.0913, 18.2804 ], [ 99.0839, 18.2792 ], [ 99.0804, 18.2688 ], [ 99.0652, 18.2726 ], [ 99.0501, 18.2653 ], [ 99.0294, 18.2651 ], [ 99.0185, 18.2527 ], [ 99.0299, 18.2234 ], [ 99.0291, 18.2157 ], [ 99.0371, 18.2002 ], [ 99.044, 18.1958 ], [ 99.0567, 18.175 ], [ 99.0518, 18.1613 ], [ 99.0649, 18.1407 ], [ 99.0658, 18.1101 ], [ 99.0702, 18.1067 ], [ 99.067, 18.0989 ], [ 99.0726, 18.0916 ], [ 99.0704, 18.0628 ], [ 99.0832, 18.0428 ], [ 99.0834, 18.0315 ], [ 99.0921, 18.0249 ], [ 99.0929, 18.0148 ], [ 99.101, 18.0014 ], [ 99.0953, 17.9965 ], [ 99.1016, 17.9826 ], [ 99.0953, 17.9764 ], [ 99.0956, 17.9538 ], [ 99.1031, 17.9469 ], [ 99.1153, 17.9465 ], [ 99.1149, 17.9287 ], [ 99.1066, 17.9136 ], [ 99.1468, 17.9107 ], [ 99.1463, 17.8987 ], [ 99.1623, 17.8866 ], [ 99.1634, 17.8768 ], [ 99.183, 17.8606 ], [ 99.1826, 17.8496 ], [ 99.1605, 17.8454 ], [ 99.1645, 17.8305 ], [ 99.1737, 17.8215 ], [ 99.1696, 17.8171 ], [ 99.1745, 17.8153 ], [ 99.1733, 17.8098 ], [ 99.1589, 17.8085 ], [ 99.1503, 17.8164 ], [ 99.1461, 17.814 ], [ 99.135, 17.8209 ], [ 99.1281, 17.8161 ], [ 99.1218, 17.819 ], [ 99.1045, 17.813 ], [ 99.1101, 17.7931 ], [ 99.1167, 17.7907 ], [ 99.1255, 17.7718 ], [ 99.1123, 17.768 ], [ 99.1109, 17.7541 ] ] ] } },
{ "type": "Feature", "properties": { "id": "PROV_0015", "name": "Lampang" }, "geometry": { "type": "Polygon", "coordinates": [ [ [ 99.1764, 17.3484 ], [ 99.1726, 17.3364 ], [ 99.1571, 17.3461 ], [ 99.1518, 17.3449 ], [ 99.1417, 17.36 ], [ 99.1213, 17.3646 ], [ 99.1133, 17.3725 ], [ 99.1093, 17.3588 ], [ 99.088, 17.3765 ], [ 99.0764, 17.3724 ], [ 99.0572, 17.3878 ], [ 99.0472, 17.3864 ], [ 99.0322, 17.4108 ], [ 99.0121, 17.4147 ], [ 99.0135, 17.423 ], [ 98.9812, 17.4647 ], [ 98.9627, 17.4667 ], [ 98.9591, 17.4636 ], [ 98.9554, 17.4748 ], [ 98.9459, 17.4686 ], [ 98.932, 17.4743 ], [ 98.9325, 17.4839 ], [ 98.927, 17.49 ], [ 98.9283, 17.5067 ], [ 98.9221, 17.5125 ], [ 98.9262, 17.5242 ], [ 98.9109, 17.5354 ], [ 98.9059, 17.5448 ], [ 98.9047, 17.5627 ], [ 98.9109, 17.5816 ], [ 98.8893, 17.5888 ], [ 98.887, 17.6018 ], [ 98.8805, 17.6052 ], [ 98.88, 17.6106 ], [ 98.885, 17.621 ], [ 98.8819, 17.6261 ], [ 98.8998, 17.6407 ], [ 98.9037, 17.6394 ], [ 98.9078, 17.6486 ], [ 98.9181, 17.642 ], [ 98.9292, 17.6437 ], [ 98.9397, 17.6398 ], [ 98.9476, 17.646 ], [ 98.9612, 17.6395 ], [ 98.9823, 17.6402 ], [ 98.9908, 17.6335 ], [ 98.9999, 17.6354 ], [ 99.0191, 17.6149 ], [ 99.05, 17.6124 ], [ 99.0618, 17.6356 ], [ 99.0598, 17.6647 ], [ 99.0658, 17.6739 ], [ 99.0619, 17.6823 ], [ 99.0645, 17.6926 ], [ 99.0872, 17.7043 ], [ 99.0831, 17.7093 ], [ 99.0857, 17.7385 ], [ 99.0925, 17.7424 ], [ 99.1038, 17.7407 ], [ 99.1051, 17.7497 ], [ 99.1109, 17.7541 ], [ 99.1123, 17.768 ], [ 99.1255, 17.7718 ], [ 99.1167, 17.7907 ], [ 99.1101, 17.7931 ], [ 99.1045, 17.813 ], [ 99.1218, 17.819 ], [ 99.1281, 17.8161 ], [ 99.135, 17.8209 ], [ 99.1461, 17.814 ], [ 99.1503, 17.8164 ], [ 99.1589, 17.8085 ], [ 99.1733, 17.8098 ], [ 99.1745, 17.8153 ], [ 99.1696, 17.8171 ], [ 99.1737, 17.8215 ], [ 99.1645, 17.8305 ], [ 99.1605, 17.8454 ], [ 99.1826, 17.8496 ], [ 99.183, 17.8606 ], [ 99.1634, 17.8768 ], [ 99.1623, 17.8866 ], [ 99.1463, 17.8987 ], [ 99.1468, 17.9107 ], [ 99.1066, 17.9136 ], [ 99.1149, 17.9287 ], [ 99.1153, 17.9465 ], [ 99.1031, 17.9469 ], [ 99.0956, 17.9538 ], [ 99.0953, 17.9764 ], [ 99.1016, 17.9826 ], [ 99.0953, 17.9965 ], [ 99.101, 18.0014 ], [ 99.0929, 18.0148 ], [ 99.0921, 18.0249 ], [ 99.0834, 18.0315 ], [ 99.0832, 18.0428 ], [ 99.0704, 18.0628 ], [ 99.0726, 18.0916 ], [ 99.067, 18.0989 ], [ 99.0702, 18.1067 ], [ 99.0658, 18.1101 ], [ 99.0649, 18.1407 ], [ 99.0518, 18.1613 ], [ 99.0567, 18.175 ], [ 99.044, 18.1958 ], [ 99.0371, 18.2002 ], [ 99.0291, 18.2157 ], [ 99.0299, 18.2234 ], [ 99.0185, 18.2527 ], [ 99.0294, 18.2651 ], [ 99.0501, 18.2653 ], [ 99.0652, 18.2726 ], [ 99.0804, 18.2688 ], [ 99.0839, 18.2792 ], [ 99.0913, 18.2804 ], [ 99.1066, 18.2654 ], [ 99.1127, 18.267 ], [ 99.1168, 18.274 ], [ 99.1134, 18.2942 ], [ 99.1196, 18.2982 ], [ 99.1248, 18.3042 ], [ 99.1228, 18.3117 ], [ 99.1326, 18.3144 ], [ 99.1523, 18.3161 ], [ 99.1531, 18.3293 ], [ 99.1695, 18.3476 ], [ 99.1669, 18.3742 ], [ 99.1713, 18.3748 ], [ 99.1896, 18.3883 ], [ 99.1885, 18.3949 ], [ 99.1949, 18.407 ], [ 99.1988, 18.4207 ], [ 99.2221, 18.4305 ], [ 99.2376, 18.4489 ], [ 99.2421, 18.4791 ], [ 99.2571, 18.4951 ], [ 99.283, 18.4997 ], [ 99.2863, 18.4926 ], [ 99.3028, 18.4913 ], [ 99.3203, 18.5014 ], [ 99.3171, 18.5321 ], [ 99.327, 18.5433 ], [ 99.3322, 18.5758 ], [ 99.3432, 18.5751 ], [ 99.3535, 18.5802 ], [ 99.3491, 18.5933 ], [ 99.3595, 18.607 ], [ 99.3478, 18.6171 ], [ 99.3277, 18.6185 ], [ 99.3274, 18.6392 ], [ 99.3326, 18.65 ], [ 99.3422, 18.6497 ], [ 99.3472, 18.6571 ], [ 99.3332, 18.6687 ], [ 99.3274, 18.6854 ], [ 99.336, 18.6933 ], [ 99.3332, 18.7008 ], [ 99.341, 18.7064 ], [ 99.3404, 18.7159 ], [ 99.3484, 18.7244 ], [ 99.3483, 18.7358 ], [ 99.3712, 18.7534 ], [ 99.367, 18.7749 ], [ 99.3711, 18.7809 ], [ 99.3587, 18.802 ], [ 99.3525, 18.8234 ], [ 99.3527, 18.8462 ], [ 99.3858, 18.8677 ], [ 99.3861, 18.8778 ], [ 99.3915, 18.8848 ], [ 99.3862, 18.8892 ], [ 99.3874, 18.8964 ], [ 99.3779, 18.9208 ], [ 99.3866, 18.9441 ], [ 99.375, 18.9599 ], [ 99.3775, 18.9685 ], [ 99.3734, 18.9821 ], [ 99.3929, 18.9975 ], [ 99.4374, 19.0092 ], [ 99.4447, 19.0213 ], [ 99.4652, 19.0358 ], [ 99.4842, 19.0706 ], [ 99.4939, 19.0772 ], [ 99.4989, 19.0747 ], [ 99.5174, 19.0793 ], [ 99.5203, 19.075 ], [ 99.5271, 19.076 ], [ 99.5401, 19.0848 ], [ 99.5346, 19.095 ], [ 99.5393, 19.1021 ], [ 99.5379, 19.1099 ], [ 99.5526, 19.1231 ], [ 99.5602, 19.1423 ], [ 99.553, 19.145 ], [ 99.5504, 19.1567 ], [ 99.5365, 19.1631 ], [ 99.5409, 19.1781 ], [ 99.5379, 19.1843 ], [ 99.5441, 19.2213 ], [ 99.5493, 19.2241 ], [ 99.5459, 19.2404 ], [ 99.5485, 19.2525 ], [ 99.5594, 19.2587 ], [ 99.5649, 19.2838 ], [ 99.571, 19.2932 ], [ 99.5782, 19.2938 ], [ 99.5778, 19.3075 ], [ 99.5801, 19.3215 ], [ 99.5756, 19.3277 ], [ 99.5804, 19.3302 ], [ 99.5812, 19.338 ], [ 99.5736, 19.3447 ], [ 99.581, 19.3542 ], [ 99.5754, 19.3625 ], [ 99.576, 19.3889 ], [ 99.5634, 19.4043 ], [ 99.5657, 19.4178 ], [ 99.5835, 19.4061 ], [ 99.6065, 19.4014 ], [ 99.6314, 19.3844 ], [ 99.6462, 19.3887 ], [ 99.6609, 19.386 ], [ 99.6763, 19.392 ], [ 99.6825, 19.3909 ], [ 99.685, 19.3834 ], [ 99.6933, 19.3833 ], [ 99.6961, 19.38 ], [ 99.6923, 19.3603 ], [ 99.7085, 19.3395 ], [ 99.7046, 19.3222 ], [ 99.698, 19.3036 ], [ 99.7026, 19.2976 ], [ 99.7055, 19.2738 ], [ 99.7027, 19.2548 ], [ 99.7205, 19.2019 ], [ 99.7292, 19.1812 ], [ 99.7262, 19.1698 ], [ 99.7392, 19.1586 ], [ 99.7426, 19.1444 ], [ 99.758, 19.134 ], [ 99.7573, 19.1241 ], [ 99.763, 19.103 ], [ 99.7653, 19.0838 ], [ 99.7739, 19.0763 ], [ 99.7735, 19.0643 ], [ 99.7943, 19.0535 ], [ 99.8199, 19.0608 ], [ 99.8205, 19.0459 ], [ 99.8329, 19.0404 ], [ 99.8297, 19.0317 ], [ 99.8345, 19.0276 ], [ 99.8293, 19.0123 ], [ 99.8395, 19.0015 ], [ 99.8711, 18.9966 ], [ 99.8822, 19.0004 ], [ 99.8892, 18.9889 ], [ 99.9061, 18.9834 ], [ 99.9104, 18.9883 ], [ 99.9258, 18.9798 ], [ 99.9399, 18.9602 ], [ 99.9455, 18.9427 ], [ 99.9964, 18.9055 ], [ 100.0045, 18.9063 ], [ 100.0172, 18.8961 ], [ 100.0268, 18.8986 ], [ 100.0328, 18.9024 ], [ 100.0412, 18.8907 ], [ 100.0593, 18.8801 ], [ 100.0706, 18.8643 ], [ 100.069, 18.8465 ], [ 100.0621, 18.8357 ], [ 100.067, 18.8295 ], [ 100.0671, 18.8174 ], [ 100.0882, 18.8277 ], [ 100.0985, 18.815 ], [ 100.1142, 18.8091 ], [ 100.1154, 18.7997 ], [ 100.1217, 18.7985 ], [ 100.1258, 18.7841 ], [ 100.1154, 18.7769 ], [ 100.1154, 18.7658 ], [ 100.1011, 18.7513 ], [ 100.1019, 18.7385 ], [ 100.0967, 18.7295 ], [ 100.1014, 18.7245 ], [ 100.1037, 18.7051 ], [ 100.1079, 18.7034 ], [ 100.1085, 18.6916 ], [ 100.1047, 18.6901 ], [ 100.1115, 18.6715 ], [ 100.1051, 18.6632 ], [ 100.1072, 18.6526 ], [ 100.0999, 18.6313 ], [ 100.1058, 18.6177 ], [ 100.1205, 18.6014 ], [ 100.1103, 18.5901 ], [ 100.1126, 18.5777 ], [ 100.107, 18.5701 ], [ 100.109, 18.563 ], [ 100.1055, 18.5598 ], [ 100.0899, 18.5728 ], [ 100.0764, 18.5609 ], [ 100.0562, 18.558 ], [ 100.0491, 18.5312 ], [ 100.0568, 18.527 ], [ 100.0563, 18.5167 ], [ 100.0492, 18.497 ], [ 100.0405, 18.4872 ], [ 100.0302, 18.4695 ], [ 100.0238, 18.4691 ], [ 100.0279, 18.4641 ], [ 100.0214, 18.4477 ], [ 100.0045, 18.4458 ], [ 100.014, 18.4375 ], [ 99.9998, 18.4019 ], [ 99.9909, 18.3986 ], [ 99.9872, 18.3918 ], [ 99.9664, 18.3937 ], [ 99.9692, 18.3851 ], [ 99.9614, 18.384 ], [ 99.9555, 18.3768 ], [ 99.9495, 18.3637 ], [ 99.951, 18.3557 ], [ 99.9395, 18.3511 ], [ 99.9363, 18.3277 ], [ 99.9067, 18.2801 ], [ 99.889, 18.2829 ], [ 99.8737, 18.2783 ], [ 99.864, 18.28 ], [ 99.8584, 18.2842 ], [ 99.8506, 18.2559 ], [ 99.8451, 18.2566 ], [ 99.8326, 18.2359 ], [ 99.8214, 18.2379 ], [ 99.8098, 18.2262 ], [ 99.8011, 18.2147 ], [ 99.7991, 18.2 ], [ 99.7911, 18.1931 ], [ 99.7535, 18.1407 ], [ 99.7537, 18.13 ], [ 99.7606, 18.1241 ], [ 99.7378, 18.1061 ], [ 99.7194, 18.0698 ], [ 99.7054, 18.0706 ], [ 99.6913, 18.0655 ], [ 99.6918, 18.0566 ], [ 99.6802, 18.0458 ], [ 99.6683, 18.0417 ], [ 99.6576, 18.0398 ], [ 99.6496, 18.0568 ], [ 99.6418, 18.0556 ], [ 99.6328, 18.0623 ], [ 99.6188, 18.0486 ], [ 99.6098, 18.0492 ], [ 99.6001, 18.0393 ], [ 99.5857, 18.0354 ], [ 99.595, 18.0097 ], [ 99.5673, 17.9926 ], [ 99.5586, 17.975 ], [ 99.5478, 17.9718 ], [ 99.5411, 17.9611 ], [ 99.5262, 17.9586 ], [ 99.493, 17.9241 ], [ 99.4818, 17.921 ], [ 99.4841, 17.9162 ], [ 99.4753, 17.8942 ], [ 99.4557, 17.8802 ], [ 99.4429, 17.8639 ], [ 99.4213, 17.8505 ], [ 99.4122, 17.8249 ], [ 99.3934, 17.8154 ], [ 99.3857, 17.7901 ], [ 99.3673, 17.774 ], [ 99.3811, 17.7513 ], [ 99.3802, 17.7391 ], [ 99.3741, 17.733 ], [ 99.377, 17.7252 ], [ 99.3862, 17.7227 ], [ 99.3806, 17.7109 ], [ 99.3862, 17.6856 ], [ 99.4223, 17.71 ], [ 99.4421, 17.7065 ], [ 99.4503, 17.7097 ], [ 99.456, 17.7154 ], [ 99.4554, 17.7254 ], [ 99.46, 17.7318 ], [ 99.4713, 17.7379 ], [ 99.478, 17.7245 ], [ 99.4738, 17.7163 ], [ 99.4753, 17.6972 ], [ 99.4702, 17.6908 ], [ 99.4764, 17.677 ], [ 99.4655, 17.6613 ], [ 99.4509, 17.6548 ], [ 99.4473, 17.6443 ], [ 99.4499, 17.6309 ], [ 99.4468, 17.6228 ], [ 99.4551, 17.6087 ], [ 99.4536, 17.5999 ], [ 99.447, 17.5996 ], [ 99.4404, 17.6095 ], [ 99.4256, 17.6091 ], [ 99.4189, 17.5998 ], [ 99.4224, 17.592 ], [ 99.4133, 17.5746 ], [ 99.4151, 17.5701 ], [ 99.4284, 17.5693 ], [ 99.435, 17.5634 ], [ 99.4302, 17.5493 ], [ 99.4388, 17.5273 ], [ 99.4211, 17.5186 ], [ 99.4192, 17.4876 ], [ 99.4061, 17.4713 ], [ 99.4175, 17.458 ], [ 99.4145, 17.4498 ], [ 99.4332, 17.4346 ], [ 99.4428, 17.4343 ], [ 99.4399, 17.4214 ], [ 99.4303, 17.4181 ], [ 99.4273, 17.4089 ], [ 99.4295, 17.3923 ], [ 99.4422, 17.3892 ], [ 99.4557, 17.3687 ], [ 99.4695, 17.3683 ], [ 99.4764, 17.3411 ], [ 99.4764, 17.3258 ], [ 99.4617, 17.3106 ], [ 99.4547, 17.3087 ], [ 99.4514, 17.2906 ], [ 99.4557, 17.2545 ], [ 99.4495, 17.2504 ], [ 99.4412, 17.2521 ], [ 99.4455, 17.2429 ], [ 99.4386, 17.2296 ], [ 99.4274, 17.232 ], [ 99.4188, 17.2266 ], [ 99.4194, 17.2188 ], [ 99.4009, 17.2206 ], [ 99.3931, 17.2064 ], [ 99.3729, 17.2128 ], [ 99.3586, 17.2485 ], [ 99.3466, 17.2561 ], [ 99.3403, 17.2673 ], [ 99.3162, 17.2694 ], [ 99.3033, 17.2735 ], [ 99.2972, 17.304 ], [ 99.2874, 17.3114 ], [ 99.2768, 17.3311 ], [ 99.2779, 17.3456 ], [ 99.274, 17.3452 ], [ 99.2708, 17.3522 ], [ 99.2754, 17.3812 ], [ 99.27, 17.4004 ], [ 99.2611, 17.4054 ], [ 99.2381, 17.4026 ], [ 99.2284, 17.4056 ], [ 99.213, 17.3911 ], [ 99.2061, 17.3804 ], [ 99.209, 17.3736 ], [ 99.1896, 17.3539 ], [ 99.1764, 17.3484 ] ] ] } },
{ "type": "Feature", "properties": { "id": "PROV_0016", "name": "Uttaradit" }, "geometry": { "type": "Polygon", "coordinates": [ [ [ 100.2062, 17.2072 ], [ 100.1684, 17.202 ], [ 100.1617, 17.1674 ], [ 100.1555, 17.1694 ], [ 100.1493, 17.1856 ], [ 100.1369, 17.1805 ], [ 100.1279, 17.1847 ], [ 100.0912, 17.1889 ], [ 100.064, 17.1819 ], [ 100.0455, 17.1788 ], [ 100.0365, 17.1814 ], [ 100.0333, 17.1677 ], [ 100.0237, 17.1653 ], [ 100.0237, 17.1531 ], [ 100.0137, 17.1389 ], [ 99.9961, 17.1375 ], [ 99.9978, 17.1448 ], [ 100.0091, 17.1476 ], [ 100.0085, 17.1513 ], [ 99.9927, 17.1593 ], [ 99.9852, 17.1603 ], [ 99.9826, 17.1553 ], [ 99.9732, 17.1646 ], [ 99.9811, 17.1745 ], [ 99.9836, 17.1897 ], [ 99.9733, 17.1995 ], [ 99.9751, 17.2079 ], [ 99.9712, 17.2109 ], [ 99.9823, 17.2161 ], [ 99.9582, 17.2312 ], [ 99.9734, 17.2415 ], [ 99.9549, 17.2428 ], [ 99.963, 17.2504 ], [ 99.9628, 17.2592 ], [ 99.9801, 17.2853 ], [ 99.995, 17.2891 ], [ 100.0024, 17.2974 ], [ 99.9935, 17.3129 ], [ 99.9961, 17.3213 ], [ 100.0095, 17.3275 ], [ 100.012, 17.3357 ], [ 100.0011, 17.355 ], [ 100.008, 17.3608 ], [ 99.9997, 17.3695 ], [ 100.0098, 17.3803 ], [ 100.0038, 17.3914 ], [ 99.9916, 17.4003 ], [ 99.9917, 17.4058 ], [ 99.9962, 17.4165 ], [ 100.0164, 17.4173 ], [ 100.0308, 17.4356 ], [ 100.0309, 17.444 ], [ 100.02, 17.4586 ], [ 100.0068, 17.4562 ], [ 100.0021, 17.4597 ], [ 99.9988, 17.4669 ], [ 99.9813, 17.473 ], [ 99.981, 17.4875 ], [ 99.9722, 17.496 ], [ 99.9667, 17.4927 ], [ 99.9561, 17.5059 ], [ 99.94, 17.4954 ], [ 99.9326, 17.5069 ], [ 99.9311, 17.5221 ], [ 99.9405, 17.5362 ], [ 99.9404, 17.5502 ], [ 99.9279, 17.5639 ], [ 99.9241, 17.5871 ], [ 99.9401, 17.5917 ], [ 99.9758, 17.6221 ], [ 99.9662, 17.6327 ], [ 99.9768, 17.6579 ], [ 99.9634, 17.7113 ], [ 99.945, 17.7232 ], [ 99.93, 17.7441 ], [ 99.9209, 17.7475 ], [ 99.9118, 17.763 ], [ 99.9227, 17.7689 ], [ 99.9219, 17.7865 ], [ 99.9115, 17.7951 ], [ 99.8987, 17.7971 ], [ 99.8947, 17.8056 ], [ 99.9102, 17.804 ], [ 99.9272, 17.7893 ], [ 99.9324, 17.7897 ], [ 99.9365, 17.7824 ], [ 99.9487, 17.7783 ], [ 99.9583, 17.7797 ], [ 99.9632, 17.7983 ], [ 99.98, 17.7995 ], [ 99.9903, 17.8118 ], [ 99.9878, 17.8229 ], [ 99.9779, 17.8339 ], [ 99.9887, 17.8348 ], [ 99.9956, 17.8303 ], [ 100.0054, 17.8366 ], [ 100.013, 17.8339 ], [ 100.0264, 17.8378 ], [ 100.0476, 17.8482 ], [ 100.0575, 17.8337 ], [ 100.0653, 17.8407 ], [ 100.0776, 17.8384 ], [ 100.0892, 17.8429 ], [ 100.0956, 17.8509 ], [ 100.1012, 17.847 ], [ 100.1196, 17.8591 ], [ 100.1298, 17.8563 ], [ 100.1545, 17.8766 ], [ 100.1608, 17.8896 ], [ 100.1702, 17.8907 ], [ 100.1905, 17.9054 ], [ 100.2026, 17.9181 ], [ 100.2146, 17.9207 ], [ 100.2177, 17.936 ], [ 100.2251, 17.9391 ], [ 100.225, 17.9484 ], [ 100.2319, 17.9496 ], [ 100.2349, 17.9554 ], [ 100.2465, 17.962 ], [ 100.2621, 17.9531 ], [ 100.2801, 17.9566 ], [ 100.288, 17.9364 ], [ 100.2993, 17.9392 ], [ 100.307, 17.9331 ], [ 100.3131, 17.9097 ], [ 100.3197, 17.9058 ], [ 100.3261, 17.8922 ], [ 100.3343, 17.8888 ], [ 100.3422, 17.894 ], [ 100.3491, 17.9091 ], [ 100.3477, 17.9154 ], [ 100.3596, 17.9264 ], [ 100.3502, 17.9828 ], [ 100.3778, 18.0026 ], [ 100.3802, 18.0122 ], [ 100.3918, 18.0213 ], [ 100.407, 18.0246 ], [ 100.4136, 18.022 ], [ 100.4235, 18.0134 ], [ 100.4411, 18.0233 ], [ 100.4561, 18.0414 ], [ 100.473, 18.045 ], [ 100.4813, 18.0553 ], [ 100.4973, 18.0508 ], [ 100.5031, 18.0539 ], [ 100.5207, 18.0428 ], [ 100.5341, 18.0388 ], [ 100.5402, 18.0419 ], [ 100.5524, 18.0349 ], [ 100.5729, 18.0355 ], [ 100.577, 18.044 ], [ 100.5916, 18.0409 ], [ 100.6102, 18.0498 ], [ 100.6234, 18.0433 ], [ 100.6574, 18.0389 ], [ 100.67, 18.0418 ], [ 100.6819, 18.0322 ], [ 100.6806, 18.0281 ], [ 100.7058, 18.0265 ], [ 100.7128, 18.0382 ], [ 100.7123, 18.0563 ], [ 100.7171, 18.0677 ], [ 100.7183, 18.0533 ], [ 100.726, 18.0477 ], [ 100.7532, 18.0647 ], [ 100.7631, 18.0634 ], [ 100.7642, 18.0572 ], [ 100.776, 18.0472 ], [ 100.777, 18.0325 ], [ 100.8009, 18.0541 ], [ 100.8104, 18.0774 ], [ 100.8191, 18.0829 ], [ 100.842, 18.0797 ], [ 100.8499, 18.0828 ], [ 100.8566, 18.1029 ], [ 100.8754, 18.1186 ], [ 100.8717, 18.1259 ], [ 100.8757, 18.1423 ], [ 100.8837, 18.1512 ], [ 100.889, 18.1473 ], [ 100.9138, 18.1593 ], [ 100.9064, 18.1754 ], [ 100.9079, 18.1934 ], [ 100.9253, 18.2119 ], [ 100.9127, 18.2276 ], [ 100.9256, 18.2502 ], [ 100.9401, 18.2547 ], [ 100.9634, 18.2781 ], [ 100.9802, 18.3062 ], [ 100.9977, 18.3079 ], [ 101.0053, 18.3184 ], [ 101.0226, 18.3248 ], [ 101.0552, 18.3533 ], [ 101.0742, 18.3577 ], [ 101.0858, 18.3807 ], [ 101.0942, 18.3814 ], [ 101.1096, 18.3712 ], [ 101.1322, 18.3659 ], [ 101.1484, 18.347 ], [ 101.1674, 18.3467 ], [ 101.1821, 18.3405 ], [ 101.18, 18.3277 ], [ 101.1739, 18.3204 ], [ 101.1684, 18.3207 ], [ 101.1595, 18.3106 ], [ 101.1607, 18.3049 ], [ 101.1483, 18.2945 ], [ 101.1631, 18.2783 ], [ 101.1441, 18.259 ], [ 101.1592, 18.2466 ], [ 101.1607, 18.2395 ], [ 101.1666, 18.2307 ], [ 101.1654, 18.2177 ], [ 101.1727, 18.217 ], [ 101.1793, 18.2246 ], [ 101.1926, 18.2132 ], [ 101.1773, 18.1812 ], [ 101.169, 18.1399 ], [ 101.161, 18.1238 ], [ 101.1647, 18.105 ], [ 101.1744, 18.0891 ], [ 101.1727, 18.0758 ], [ 101.1838, 18.0652 ], [ 101.1604, 18.0298 ], [ 101.1556, 18.0374 ], [ 101.1514, 18.0371 ], [ 101.1212, 17.9986 ], [ 101.1186, 17.9736 ], [ 101.1145, 17.9715 ], [ 101.1173, 17.9514 ], [ 101.1037, 17.9465 ], [ 101.0886, 17.9254 ], [ 101.0738, 17.921 ], [ 101.0706, 17.914 ], [ 101.0644, 17.9168 ], [ 101.0472, 17.9133 ], [ 101.0189, 17.8914 ], [ 101.0165, 17.8841 ], [ 101.021, 17.8828 ], [ 101.0173, 17.878 ], [ 101.0348, 17.8607 ], [ 101.03, 17.847 ], [ 101.0324, 17.834 ], [ 101.0278, 17.8288 ], [ 101.0186, 17.8293 ], [ 100.9989, 17.8208 ], [ 100.9926, 17.804 ], [ 101.0025, 17.7949 ], [ 101.0063, 17.7844 ], [ 100.9992, 17.7705 ], [ 100.9812, 17.7679 ], [ 100.9773, 17.7621 ], [ 100.9774, 17.7534 ], [ 100.9863, 17.7488 ], [ 100.9883, 17.743 ], [ 100.9767, 17.716 ], [ 100.9555, 17.7007 ], [ 100.9417, 17.702 ], [ 100.9253, 17.6961 ], [ 100.9219, 17.7 ], [ 100.914, 17.6991 ], [ 100.9086, 17.7022 ], [ 100.9042, 17.7152 ], [ 100.8893, 17.7157 ], [ 100.8713, 17.7068 ], [ 100.8525, 17.6805 ], [ 100.8427, 17.6537 ], [ 100.8366, 17.6483 ], [ 100.8022, 17.6384 ], [ 100.7899, 17.6134 ], [ 100.7761, 17.6008 ], [ 100.7741, 17.5834 ], [ 100.7666, 17.58 ], [ 100.7653, 17.5705 ], [ 100.7469, 17.5581 ], [ 100.7399, 17.5421 ], [ 100.6896, 17.5227 ], [ 100.6707, 17.5021 ], [ 100.6452, 17.4937 ], [ 100.6409, 17.4905 ], [ 100.6449, 17.4737 ], [ 100.6287, 17.4745 ], [ 100.6139, 17.4652 ], [ 100.6025, 17.4444 ], [ 100.6035, 17.4281 ], [ 100.5896, 17.4196 ], [ 100.5706, 17.422 ], [ 100.5513, 17.4144 ], [ 100.5306, 17.4171 ], [ 100.529, 17.4119 ], [ 100.5166, 17.4096 ], [ 100.5134, 17.4038 ], [ 100.5008, 17.4287 ], [ 100.4839, 17.4177 ], [ 100.47, 17.421 ], [ 100.4529, 17.4187 ], [ 100.4477, 17.4242 ], [ 100.4351, 17.4185 ], [ 100.4267, 17.4214 ], [ 100.42, 17.4111 ], [ 100.4003, 17.4033 ], [ 100.3915, 17.4045 ], [ 100.3726, 17.3917 ], [ 100.3548, 17.3869 ], [ 100.348, 17.3927 ], [ 100.3426, 17.3868 ], [ 100.3377, 17.3897 ], [ 100.3301, 17.3866 ], [ 100.3306, 17.3792 ], [ 100.3236, 17.3685 ], [ 100.3061, 17.382 ], [ 100.2965, 17.3744 ], [ 100.2884, 17.3757 ], [ 100.2696, 17.3665 ], [ 100.2627, 17.3573 ], [ 100.2558, 17.3589 ], [ 100.2434, 17.352 ], [ 100.2393, 17.3462 ], [ 100.2373, 17.3168 ], [ 100.249, 17.2557 ], [ 100.2533, 17.2483 ], [ 100.2482, 17.238 ], [ 100.2204, 17.2191 ], [ 100.2062, 17.2072 ] ] ] } },
{ "type": "Feature", "properties": { "id": "PROV_0017", "name": "Phrae" }, "geometry": { "type": "Polygon", "coordinates": [ [ [ 99.46, 17.7318 ], [ 99.4554, 17.7254 ], [ 99.456, 17.7154 ], [ 99.4503, 17.7097 ], [ 99.4421, 17.7065 ], [ 99.4223, 17.71 ], [ 99.3862, 17.6856 ], [ 99.3806, 17.7109 ], [ 99.3862, 17.7227 ], [ 99.377, 17.7252 ], [ 99.3741, 17.733 ], [ 99.3802, 17.7391 ], [ 99.3811, 17.7513 ], [ 99.3673, 17.774 ], [ 99.3857, 17.7901 ], [ 99.3934, 17.8154 ], [ 99.4122, 17.8249 ], [ 99.4213, 17.8505 ], [ 99.4429, 17.8639 ], [ 99.4557, 17.8802 ], [ 99.4753, 17.8942 ], [ 99.4841, 17.9162 ], [ 99.4818, 17.921 ], [ 99.493, 17.9241 ], [ 99.5262, 17.9586 ], [ 99.5411, 17.9611 ], [ 99.5478, 17.9718 ], [ 99.5586, 17.975 ], [ 99.5673, 17.9926 ], [ 99.595, 18.0097 ], [ 99.5857, 18.0354 ], [ 99.6001, 18.0393 ], [ 99.6098, 18.0492 ], [ 99.6188, 18.0486 ], [ 99.6328, 18.0623 ], [ 99.6418, 18.0556 ], [ 99.6496, 18.0568 ], [ 99.6576, 18.0398 ], [ 99.6683, 18.0417 ], [ 99.6802, 18.0458 ], [ 99.6918, 18.0566 ], [ 99.6913, 18.0655 ], [ 99.7054, 18.0706 ], [ 99.7194, 18.0698 ], [ 99.7378, 18.1061 ], [ 99.7606, 18.1241 ], [ 99.7537, 18.13 ], [ 99.7535, 18.1407 ], [ 99.7911, 18.1931 ], [ 99.7991, 18.2 ], [ 99.8011, 18.2147 ], [ 99.8098, 18.2262 ], [ 99.8214, 18.2379 ], [ 99.8326, 18.2359 ], [ 99.8451, 18.2566 ], [ 99.8506, 18.2559 ], [ 99.8584, 18.2842 ], [ 99.864, 18.28 ], [ 99.8737, 18.2783 ], [ 99.889, 18.2829 ], [ 99.9067, 18.2801 ], [ 99.9363, 18.3277 ], [ 99.9395, 18.3511 ], [ 99.951, 18.3557 ], [ 99.9495, 18.3637 ], [ 99.9555, 18.3768 ], [ 99.9614, 18.384 ], [ 99.9692, 18.3851 ], [ 99.9664, 18.3937 ], [ 99.9872, 18.3918 ], [ 99.9909, 18.3986 ], [ 99.9998, 18.4019 ], [ 100.014, 18.4375 ], [ 100.0045, 18.4458 ], [ 100.0214, 18.4477 ], [ 100.0279, 18.4641 ], [ 100.0238, 18.4691 ], [ 100.0302, 18.4695 ], [ 100.0405, 18.4872 ], [ 100.0492, 18.497 ], [ 100.0563, 18.5167 ], [ 100.0568, 18.527 ], [ 100.0491, 18.5312 ], [ 100.0562, 18.558 ], [ 100.0764, 18.5609 ], [ 100.0899, 18.5728 ], [ 100.1055, 18.5598 ], [ 100.109, 18.563 ], [ 100.107, 18.5701 ], [ 100.1126, 18.5777 ], [ 100.1103, 18.5901 ], [ 100.1205, 18.6014 ], [ 100.1058, 18.6177 ], [ 100.0999, 18.6313 ], [ 100.1072, 18.6526 ], [ 100.1051, 18.6632 ], [ 100.1115, 18.6715 ], [ 100.1047, 18.6901 ], [ 100.1085, 18.6916 ], [ 100.1079, 18.7034 ], [ 100.1037, 18.7051 ], [ 100.1014, 18.7245 ], [ 100.0967, 18.7295 ], [ 100.1019, 18.7385 ], [ 100.1011, 18.7513 ], [ 100.1154, 18.7658 ], [ 100.1154, 18.7769 ], [ 100.1258, 18.7841 ], [ 100.1217, 18.7985 ], [ 100.1154, 18.7997 ], [ 100.1142, 18.8091 ], [ 100.1177, 18.8198 ], [ 100.1339, 18.8173 ], [ 100.157, 18.8344 ], [ 100.1671, 18.816 ], [ 100.1726, 18.8155 ], [ 100.1729, 18.8095 ], [ 100.1814, 18.818 ], [ 100.1864, 18.8169 ], [ 100.1831, 18.8195 ], [ 100.1861, 18.8225 ], [ 100.1992, 18.8139 ], [ 100.227, 18.8254 ], [ 100.2397, 18.8195 ], [ 100.3034, 18.8185 ], [ 100.3117, 18.8107 ], [ 100.3385, 18.8135 ], [ 100.34, 18.8054 ], [ 100.3375, 18.7868 ], [ 100.357, 18.7845 ], [ 100.3624, 18.7779 ], [ 100.3585, 18.7513 ], [ 100.3715, 18.7439 ], [ 100.3918, 18.7404 ], [ 100.3887, 18.7266 ], [ 100.3816, 18.7258 ], [ 100.3716, 18.7109 ], [ 100.3639, 18.7076 ], [ 100.3524, 18.6803 ], [ 100.3619, 18.6445 ], [ 100.376, 18.6367 ], [ 100.3924, 18.6385 ], [ 100.3968, 18.6281 ], [ 100.3838, 18.6246 ], [ 100.3809, 18.6197 ], [ 100.3752, 18.5914 ], [ 100.378, 18.586 ], [ 100.3706, 18.5659 ], [ 100.3876, 18.5582 ], [ 100.3876, 18.5433 ], [ 100.396, 18.5271 ], [ 100.3869, 18.5117 ], [ 100.3961, 18.5035 ], [ 100.3998, 18.4859 ], [ 100.4155, 18.4823 ], [ 100.4219, 18.4954 ], [ 100.4352, 18.5009 ], [ 100.4439, 18.4902 ], [ 100.447, 18.4964 ], [ 100.4605, 18.4913 ], [ 100.4755, 18.4956 ], [ 100.4818, 18.4828 ], [ 100.4934, 18.475 ], [ 100.5061, 18.4731 ], [ 100.5124, 18.4771 ], [ 100.5205, 18.4758 ], [ 100.5251, 18.4834 ], [ 100.5413, 18.4896 ], [ 100.5433, 18.4697 ], [ 100.5497, 18.456 ], [ 100.5505, 18.4179 ], [ 100.5364, 18.3907 ], [ 100.5175, 18.392 ], [ 100.5041, 18.3603 ], [ 100.4968, 18.3528 ], [ 100.4814, 18.3497 ], [ 100.4832, 18.343 ], [ 100.4933, 18.3379 ], [ 100.4802, 18.3203 ], [ 100.4857, 18.3003 ], [ 100.483, 18.2923 ], [ 100.4941, 18.2803 ], [ 100.4924, 18.2774 ], [ 100.4764, 18.265 ], [ 100.4675, 18.2372 ], [ 100.4537, 18.2147 ], [ 100.4597, 18.1947 ], [ 100.4516, 18.1847 ], [ 100.4523, 18.1736 ], [ 100.4462, 18.1584 ], [ 100.4389, 18.1529 ], [ 100.4183, 18.1559 ], [ 100.4136, 18.1519 ], [ 100.4102, 18.1419 ], [ 100.397, 18.1351 ], [ 100.3915, 18.1177 ], [ 100.3979, 18.105 ], [ 100.3955, 18.0864 ], [ 100.4096, 18.0753 ], [ 100.4031, 18.0652 ], [ 100.4153, 18.0365 ], [ 100.4136, 18.022 ], [ 100.407, 18.0246 ], [ 100.3918, 18.0213 ], [ 100.3802, 18.0122 ], [ 100.3778, 18.0026 ], [ 100.3502, 17.9828 ], [ 100.3596, 17.9264 ], [ 100.3477, 17.9154 ], [ 100.3491, 17.9091 ], [ 100.3422, 17.894 ], [ 100.3343, 17.8888 ], [ 100.3261, 17.8922 ], [ 100.3197, 17.9058 ], [ 100.3131, 17.9097 ], [ 100.307, 17.9331 ], [ 100.2993, 17.9392 ], [ 100.288, 17.9364 ], [ 100.2801, 17.9566 ], [ 100.2621, 17.9531 ], [ 100.2465, 17.962 ], [ 100.2349, 17.9554 ], [ 100.2319, 17.9496 ], [ 100.225, 17.9484 ], [ 100.2251, 17.9391 ], [ 100.2177, 17.936 ], [ 100.2146, 17.9207 ], [ 100.2026, 17.9181 ], [ 100.1905, 17.9054 ], [ 100.1702, 17.8907 ], [ 100.1608, 17.8896 ], [ 100.1545, 17.8766 ], [ 100.1298, 17.8563 ], [ 100.1196, 17.8591 ], [ 100.1012, 17.847 ], [ 100.0956, 17.8509 ], [ 100.0892, 17.8429 ], [ 100.0776, 17.8384 ], [ 100.0653, 17.8407 ], [ 100.0575, 17.8337 ], [ 100.0476, 17.8482 ], [ 100.0264, 17.8378 ], [ 100.013, 17.8339 ], [ 100.0054, 17.8366 ], [ 99.9956, 17.8303 ], [ 99.9887, 17.8348 ], [ 99.9779, 17.8339 ], [ 99.9878, 17.8229 ], [ 99.9903, 17.8118 ], [ 99.98, 17.7995 ], [ 99.9632, 17.7983 ], [ 99.9583, 17.7797 ], [ 99.9487, 17.7783 ], [ 99.9365, 17.7824 ], [ 99.9324, 17.7897 ], [ 99.9272, 17.7893 ], [ 99.9102, 17.804 ], [ 99.8832, 17.8077 ], [ 99.8825, 17.8027 ], [ 99.878, 17.805 ], [ 99.8762, 17.8012 ], [ 99.8691, 17.8051 ], [ 99.8601, 17.798 ], [ 99.849, 17.8017 ], [ 99.8372, 17.7969 ], [ 99.8327, 17.8028 ], [ 99.8113, 17.8039 ], [ 99.7966, 17.7924 ], [ 99.7824, 17.7909 ], [ 99.7722, 17.7807 ], [ 99.7765, 17.7776 ], [ 99.7688, 17.7712 ], [ 99.7651, 17.7607 ], [ 99.7613, 17.762 ], [ 99.755, 17.7521 ], [ 99.7505, 17.7524 ], [ 99.7564, 17.7486 ], [ 99.7517, 17.7382 ], [ 99.7449, 17.7363 ], [ 99.736, 17.7228 ], [ 99.7295, 17.7215 ], [ 99.7243, 17.7227 ], [ 99.7199, 17.7317 ], [ 99.7141, 17.729 ], [ 99.7076, 17.7565 ], [ 99.6964, 17.7563 ], [ 99.6866, 17.7761 ], [ 99.6707, 17.799 ], [ 99.65, 17.7963 ], [ 99.6294, 17.8147 ], [ 99.622, 17.8131 ], [ 99.5981, 17.8216 ], [ 99.5712, 17.8161 ], [ 99.5655, 17.8112 ], [ 99.5472, 17.8119 ], [ 99.5291, 17.8007 ], [ 99.5171, 17.7956 ], [ 99.5151, 17.7826 ], [ 99.5051, 17.7807 ], [ 99.487, 17.7627 ], [ 99.4815, 17.7448 ], [ 99.46, 17.7318 ] ] ] } },
{ "type": "Feature", "properties": { "id": "PROV_0018", "name": "Nan" }, "geometry": { "type": "Polygon", "coordinates": [ [ [ 100.5207, 18.0428 ], [ 100.5031, 18.0539 ], [ 100.4973, 18.0508 ], [ 100.4813, 18.0553 ], [ 100.473, 18.045 ], [ 100.4561, 18.0414 ], [ 100.4411, 18.0233 ], [ 100.4235, 18.0134 ], [ 100.4136, 18.022 ], [ 100.4153, 18.0365 ], [ 100.4031, 18.0652 ], [ 100.4096, 18.0753 ], [ 100.3955, 18.0864 ], [ 100.3979, 18.105 ], [ 100.3915, 18.1177 ], [ 100.397, 18.1351 ], [ 100.4102, 18.1419 ], [ 100.4136, 18.1519 ], [ 100.4183, 18.1559 ], [ 100.4389, 18.1529 ], [ 100.4462, 18.1584 ], [ 100.4523, 18.1736 ], [ 100.4516, 18.1847 ], [ 100.4597, 18.1947 ], [ 100.4537, 18.2147 ], [ 100.4675, 18.2372 ], [ 100.4764, 18.265 ], [ 100.4924, 18.2774 ], [ 100.4941, 18.2803 ], [ 100.483, 18.2923 ], [ 100.4857, 18.3003 ], [ 100.4802, 18.3203 ], [ 100.4933, 18.3379 ], [ 100.4832, 18.343 ], [ 100.4814, 18.3497 ], [ 100.4968, 18.3528 ], [ 100.5041, 18.3603 ], [ 100.5175, 18.392 ], [ 100.5364, 18.3907 ], [ 100.5505, 18.4179 ], [ 100.5497, 18.456 ], [ 100.5433, 18.4697 ], [ 100.5413, 18.4896 ], [ 100.5251, 18.4834 ], [ 100.5205, 18.4758 ], [ 100.5124, 18.4771 ], [ 100.5061, 18.4731 ], [ 100.4934, 18.475 ], [ 100.4818, 18.4828 ], [ 100.4755, 18.4956 ], [ 100.4605, 18.4913 ], [ 100.447, 18.4964 ], [ 100.4439, 18.4902 ], [ 100.4352, 18.5009 ], [ 100.4219, 18.4954 ], [ 100.4155, 18.4823 ], [ 100.3998, 18.4859 ], [ 100.3961, 18.5035 ], [ 100.3869, 18.5117 ], [ 100.396, 18.5271 ], [ 100.3876, 18.5433 ], [ 100.3876, 18.5582 ], [ 100.3706, 18.5659 ], [ 100.378, 18.586 ], [ 100.3752, 18.5914 ], [ 100.3809, 18.6197 ], [ 100.3838, 18.6246 ], [ 100.3968, 18.6281 ], [ 100.3924, 18.6385 ], [ 100.376, 18.6367 ], [ 100.3619, 18.6445 ], [ 100.3524, 18.6803 ], [ 100.3639, 18.7076 ], [ 100.3716, 18.7109 ], [ 100.3816, 18.7258 ], [ 100.3887, 18.7266 ], [ 100.3918, 18.7404 ], [ 100.3715, 18.7439 ], [ 100.3585, 18.7513 ], [ 100.3624, 18.7779 ], [ 100.357, 18.7845 ], [ 100.3375, 18.7868 ], [ 100.34, 18.8054 ], [ 100.3451, 18.814 ], [ 100.3385, 18.8216 ], [ 100.348, 18.8293 ], [ 100.3482, 18.8341 ], [ 100.3641, 18.8493 ], [ 100.3664, 18.8713 ], [ 100.3863, 18.8914 ], [ 100.3908, 18.9265 ], [ 100.4071, 18.9356 ], [ 100.4045, 18.9445 ], [ 100.4239, 18.9484 ], [ 100.4384, 18.9456 ], [ 100.454, 18.9346 ], [ 100.4621, 18.9454 ], [ 100.4818, 18.9516 ], [ 100.4809, 18.9657 ], [ 100.4897, 18.9692 ], [ 100.5034, 18.9926 ], [ 100.4975, 18.9969 ], [ 100.483, 19.0033 ], [ 100.4596, 19.0034 ], [ 100.4572, 19.0096 ], [ 100.4794, 19.0271 ], [ 100.4798, 19.0364 ], [ 100.4897, 19.0394 ], [ 100.4944, 19.0525 ], [ 100.5315, 19.0413 ], [ 100.5373, 19.0466 ], [ 100.5485, 19.0405 ], [ 100.5564, 19.0446 ], [ 100.566, 19.0304 ], [ 100.5825, 19.0305 ], [ 100.6055, 19.0203 ], [ 100.6195, 19.034 ], [ 100.6147, 19.0419 ], [ 100.5639, 19.0746 ], [ 100.5685, 19.0788 ], [ 100.5638, 19.0804 ], [ 100.5723, 19.0919 ], [ 100.5684, 19.0967 ], [ 100.5742, 19.105 ], [ 100.5853, 19.0964 ], [ 100.6012, 19.1047 ], [ 100.6101, 19.1028 ], [ 100.6224, 19.1114 ], [ 100.6291, 19.1552 ], [ 100.6256, 19.1734 ], [ 100.6179, 19.1837 ], [ 100.6194, 19.1959 ], [ 100.6166, 19.2263 ], [ 100.6002, 19.252 ], [ 100.606, 19.2582 ], [ 100.6124, 19.3124 ], [ 100.6168, 19.3216 ], [ 100.6092, 19.3339 ], [ 100.5701, 19.3051 ], [ 100.5619, 19.3106 ], [ 100.5585, 19.3198 ], [ 100.5589, 19.3352 ], [ 100.5643, 19.3399 ], [ 100.529, 19.3534 ], [ 100.5345, 19.3662 ], [ 100.5181, 19.3784 ], [ 100.5056, 19.3716 ], [ 100.4962, 19.3715 ], [ 100.4948, 19.3796 ], [ 100.488, 19.3821 ], [ 100.4887, 19.3996 ], [ 100.522, 19.4069 ], [ 100.5404, 19.416 ], [ 100.5644, 19.4356 ], [ 100.5654, 19.4527 ], [ 100.5827, 19.4743 ], [ 100.6026, 19.4792 ], [ 100.5987, 19.5102 ], [ 100.6029, 19.53 ], [ 100.6109, 19.5346 ], [ 100.6086, 19.5481 ], [ 100.6296, 19.5552 ], [ 100.6514, 19.5568 ], [ 100.6602, 19.5477 ], [ 100.6722, 19.5495 ], [ 100.6961, 19.5349 ], [ 100.7079, 19.5359 ], [ 100.7112, 19.5308 ], [ 100.7304, 19.5256 ], [ 100.752, 19.5108 ], [ 100.7579, 19.5116 ], [ 100.7562, 19.5043 ], [ 100.7643, 19.5011 ], [ 100.7671, 19.4883 ], [ 100.779, 19.4926 ], [ 100.7919, 19.5105 ], [ 100.8162, 19.5249 ], [ 100.8268, 19.5435 ], [ 100.8386, 19.5528 ], [ 100.8481, 19.5686 ], [ 100.8605, 19.5739 ], [ 100.8586, 19.5817 ], [ 100.866, 19.5855 ], [ 100.8732, 19.6005 ], [ 100.8829, 19.6059 ], [ 100.8931, 19.6342 ], [ 100.9133, 19.6268 ], [ 100.9168, 19.6218 ], [ 100.9432, 19.6257 ], [ 100.9748, 19.6198 ], [ 100.9819, 19.6275 ], [ 101.0143, 19.6203 ], [ 101.0238, 19.6302 ], [ 101.0348, 19.6292 ], [ 101.0384, 19.6249 ], [ 101.0617, 19.6198 ], [ 101.0668, 19.6052 ], [ 101.0868, 19.6 ], [ 101.0963, 19.5849 ], [ 101.116, 19.5846 ], [ 101.1226, 19.5728 ], [ 101.1434, 19.578 ], [ 101.1666, 19.5812 ], [ 101.1697, 19.5857 ], [ 101.1796, 19.5784 ], [ 101.1974, 19.577 ], [ 101.2046, 19.5886 ], [ 101.2064, 19.6052 ], [ 101.2168, 19.6024 ], [ 101.2256, 19.6051 ], [ 101.2438, 19.6034 ], [ 101.2465, 19.5945 ], [ 101.2558, 19.591 ], [ 101.2616, 19.5934 ], [ 101.2806, 19.5824 ], [ 101.2877, 19.5687 ], [ 101.2741, 19.5515 ], [ 101.2853, 19.5275 ], [ 101.2675, 19.5041 ], [ 101.2698, 19.4852 ], [ 101.266, 19.4706 ], [ 101.2389, 19.4731 ], [ 101.2364, 19.478 ], [ 101.2284, 19.4773 ], [ 101.2247, 19.4722 ], [ 101.2139, 19.4759 ], [ 101.2104, 19.4732 ], [ 101.2114, 19.4643 ], [ 101.2051, 19.4586 ], [ 101.215, 19.4319 ], [ 101.199, 19.4067 ], [ 101.195, 19.4063 ], [ 101.1963, 19.3996 ], [ 101.191, 19.4026 ], [ 101.1869, 19.3991 ], [ 101.1904, 19.3777 ], [ 101.1989, 19.3696 ], [ 101.2043, 19.3529 ], [ 101.2192, 19.344 ], [ 101.2285, 19.3467 ], [ 101.2415, 19.3265 ], [ 101.2318, 19.3189 ], [ 101.2272, 19.3065 ], [ 101.2398, 19.2843 ], [ 101.2415, 19.2717 ], [ 101.25, 19.243 ], [ 101.2596, 19.2308 ], [ 101.2505, 19.2062 ], [ 101.2523, 19.1923 ], [ 101.245, 19.1804 ], [ 101.253, 19.1704 ], [ 101.2538, 19.1599 ], [ 101.2585, 19.1395 ], [ 101.2542, 19.1317 ], [ 101.2568, 19.1246 ], [ 101.2935, 19.1038 ], [ 101.2978, 19.094 ], [ 101.3159, 19.0799 ], [ 101.3254, 19.0798 ], [ 101.3328, 19.0681 ], [ 101.341, 19.069 ], [ 101.3504, 19.052 ], [ 101.357, 19.05 ], [ 101.3406, 19.0217 ], [ 101.3358, 19.0045 ], [ 101.31, 19.0023 ], [ 101.3048, 18.9881 ], [ 101.2911, 18.9772 ], [ 101.2958, 18.9413 ], [ 101.2911, 18.9354 ], [ 101.2812, 18.9359 ], [ 101.2743, 18.9305 ], [ 101.2746, 18.9184 ], [ 101.2538, 18.9059 ], [ 101.2456, 18.8865 ], [ 101.2548, 18.8653 ], [ 101.2543, 18.8484 ], [ 101.2432, 18.8329 ], [ 101.2482, 18.8174 ], [ 101.2584, 18.8092 ], [ 101.2491, 18.7917 ], [ 101.2517, 18.7837 ], [ 101.2491, 18.7761 ], [ 101.2524, 18.7717 ], [ 101.2436, 18.7703 ], [ 101.2359, 18.7415 ], [ 101.2241, 18.7327 ], [ 101.2329, 18.7222 ], [ 101.2343, 18.7125 ], [ 101.2461, 18.7118 ], [ 101.2568, 18.7057 ], [ 101.2678, 18.698 ], [ 101.2723, 18.6885 ], [ 101.259, 18.6781 ], [ 101.2502, 18.6574 ], [ 101.2418, 18.6517 ], [ 101.2418, 18.6395 ], [ 101.2261, 18.6244 ], [ 101.1822, 18.6118 ], [ 101.18, 18.5889 ], [ 101.1867, 18.579 ], [ 101.1831, 18.5606 ], [ 101.1485, 18.5526 ], [ 101.1485, 18.5427 ], [ 101.1383, 18.5283 ], [ 101.1272, 18.5244 ], [ 101.1154, 18.5275 ], [ 101.1039, 18.5217 ], [ 101.0984, 18.503 ], [ 101.0915, 18.4993 ], [ 101.0934, 18.4798 ], [ 101.0825, 18.4758 ], [ 101.0542, 18.4427 ], [ 101.0552, 18.4238 ], [ 101.0796, 18.4041 ], [ 101.0858, 18.3807 ], [ 101.0742, 18.3577 ], [ 101.0552, 18.3533 ], [ 101.0226, 18.3248 ], [ 101.0053, 18.3184 ], [ 100.9977, 18.3079 ], [ 100.9802, 18.3062 ], [ 100.9634, 18.2781 ], [ 100.9401, 18.2547 ], [ 100.9256, 18.2502 ], [ 100.9127, 18.2276 ], [ 100.9253, 18.2119 ], [ 100.9079, 18.1934 ], [ 100.9064, 18.1754 ], [ 100.9138, 18.1593 ], [ 100.889, 18.1473 ], [ 100.8837, 18.1512 ], [ 100.8757, 18.1423 ], [ 100.8717, 18.1259 ], [ 100.8754, 18.1186 ], [ 100.8566, 18.1029 ], [ 100.8499, 18.0828 ], [ 100.842, 18.0797 ], [ 100.8191, 18.0829 ], [ 100.8104, 18.0774 ], [ 100.8009, 18.0541 ], [ 100.777, 18.0325 ], [ 100.776, 18.0472 ], [ 100.7642, 18.0572 ], [ 100.7631, 18.0634 ], [ 100.7532, 18.0647 ], [ 100.726, 18.0477 ], [ 100.7183, 18.0533 ], [ 100.7171, 18.0677 ], [ 100.7123, 18.0563 ], [ 100.7128, 18.0382 ], [ 100.7058, 18.0265 ], [ 100.6806, 18.0281 ], [ 100.6819, 18.0322 ], [ 100.67, 18.0418 ], [ 100.6574, 18.0389 ], [ 100.6234, 18.0433 ], [ 100.6102, 18.0498 ], [ 100.5916, 18.0409 ], [ 100.577, 18.044 ], [ 100.5729, 18.0355 ], [ 100.5524, 18.0349 ], [ 100.5402, 18.0419 ], [ 100.5341, 18.0388 ], [ 100.5207, 18.0428 ] ] ] } },
{ "type": "Feature", "properties": { "id": "PROV_0019", "name": "Phayao" }, "geometry": { "type": "Polygon", "coordinates": [ [ [ 100.1861, 18.8225 ], [ 100.1831, 18.8195 ], [ 100.1864, 18.8169 ], [ 100.1814, 18.818 ], [ 100.1729, 18.8095 ], [ 100.1726, 18.8155 ], [ 100.1671, 18.816 ], [ 100.157, 18.8344 ], [ 100.1339, 18.8173 ], [ 100.1177, 18.8198 ], [ 100.1142, 18.8091 ], [ 100.0985, 18.815 ], [ 100.0882, 18.8277 ], [ 100.0671, 18.8174 ], [ 100.067, 18.8295 ], [ 100.0621, 18.8357 ], [ 100.069, 18.8465 ], [ 100.0706, 18.8643 ], [ 100.0593, 18.8801 ], [ 100.0412, 18.8907 ], [ 100.0328, 18.9024 ], [ 100.0268, 18.8986 ], [ 100.0172, 18.8961 ], [ 100.0045, 18.9063 ], [ 99.9964, 18.9055 ], [ 99.9455, 18.9427 ], [ 99.9399, 18.9602 ], [ 99.9258, 18.9798 ], [ 99.9104, 18.9883 ], [ 99.9061, 18.9834 ], [ 99.8892, 18.9889 ], [ 99.8822, 19.0004 ], [ 99.8711, 18.9966 ], [ 99.8395, 19.0015 ], [ 99.8293, 19.0123 ], [ 99.8345, 19.0276 ], [ 99.8297, 19.0317 ], [ 99.8329, 19.0404 ], [ 99.8205, 19.0459 ], [ 99.8199, 19.0608 ], [ 99.7943, 19.0535 ], [ 99.7735, 19.0643 ], [ 99.7739, 19.0763 ], [ 99.7653, 19.0838 ], [ 99.763, 19.103 ], [ 99.7573, 19.1241 ], [ 99.758, 19.134 ], [ 99.7426, 19.1444 ], [ 99.7392, 19.1586 ], [ 99.7262, 19.1698 ], [ 99.7292, 19.1812 ], [ 99.7205, 19.2019 ], [ 99.7027, 19.2548 ], [ 99.7055, 19.2738 ], [ 99.7026, 19.2976 ], [ 99.698, 19.3036 ], [ 99.7046, 19.3222 ], [ 99.7085, 19.3395 ], [ 99.6923, 19.3603 ], [ 99.6961, 19.38 ], [ 99.6933, 19.3833 ], [ 99.6883, 19.396 ], [ 99.6829, 19.4223 ], [ 99.6986, 19.4201 ], [ 99.7068, 19.4252 ], [ 99.7145, 19.4196 ], [ 99.7329, 19.4247 ], [ 99.7563, 19.4401 ], [ 99.7812, 19.4441 ], [ 99.787, 19.4501 ], [ 99.7987, 19.4505 ], [ 99.8432, 19.445 ], [ 99.8638, 19.4458 ], [ 99.8748, 19.4552 ], [ 99.8946, 19.4374 ], [ 99.899, 19.4257 ], [ 99.914, 19.4323 ], [ 99.9211, 19.4066 ], [ 99.942, 19.4189 ], [ 99.9473, 19.4275 ], [ 99.9959, 19.4306 ], [ 99.9988, 19.4357 ], [ 100.0051, 19.4292 ], [ 100.0126, 19.4278 ], [ 100.0101, 19.4388 ], [ 100.0264, 19.4365 ], [ 100.0402, 19.4445 ], [ 100.0479, 19.4435 ], [ 100.0536, 19.4312 ], [ 100.0556, 19.4351 ], [ 100.0668, 19.4311 ], [ 100.0723, 19.4346 ], [ 100.065, 19.4474 ], [ 100.0705, 19.4565 ], [ 100.0659, 19.471 ], [ 100.0702, 19.4842 ], [ 100.0672, 19.4956 ], [ 100.0658, 19.5106 ], [ 100.0679, 19.5399 ], [ 100.0836, 19.5511 ], [ 100.099, 19.5535 ], [ 100.1542, 19.5451 ], [ 100.1628, 19.5421 ], [ 100.1658, 19.553 ], [ 100.1634, 19.5573 ], [ 100.1691, 19.5662 ], [ 100.1631, 19.5697 ], [ 100.1636, 19.5752 ], [ 100.1698, 19.5763 ], [ 100.1655, 19.5848 ], [ 100.1705, 19.5869 ], [ 100.1671, 19.591 ], [ 100.1743, 19.5978 ], [ 100.1692, 19.6018 ], [ 100.184, 19.6128 ], [ 100.1877, 19.6092 ], [ 100.2153, 19.6085 ], [ 100.2203, 19.6106 ], [ 100.2308, 19.6059 ], [ 100.2382, 19.6224 ], [ 100.2528, 19.6369 ], [ 100.2578, 19.6448 ], [ 100.2627, 19.6484 ], [ 100.269, 19.6414 ], [ 100.269, 19.6464 ], [ 100.2733, 19.6454 ], [ 100.28, 19.6514 ], [ 100.2833, 19.6436 ], [ 100.3111, 19.6464 ], [ 100.3174, 19.6495 ], [ 100.3351, 19.6835 ], [ 100.3433, 19.6867 ], [ 100.3344, 19.7032 ], [ 100.3479, 19.7152 ], [ 100.375, 19.7087 ], [ 100.3839, 19.7104 ], [ 100.3948, 19.7276 ], [ 100.4067, 19.736 ], [ 100.4372, 19.7196 ], [ 100.4454, 19.7065 ], [ 100.4349, 19.6929 ], [ 100.4283, 19.674 ], [ 100.4434, 19.6625 ], [ 100.4426, 19.6353 ], [ 100.4474, 19.6282 ], [ 100.4557, 19.6279 ], [ 100.4599, 19.6193 ], [ 100.4828, 19.6093 ], [ 100.4844, 19.5873 ], [ 100.4917, 19.579 ], [ 100.4897, 19.57 ], [ 100.4816, 19.56 ], [ 100.4824, 19.5488 ], [ 100.5012, 19.5382 ], [ 100.5122, 19.5239 ], [ 100.5235, 19.5189 ], [ 100.5336, 19.5243 ], [ 100.5493, 19.5195 ], [ 100.5756, 19.4992 ], [ 100.5987, 19.5102 ], [ 100.6026, 19.4792 ], [ 100.5827, 19.4743 ], [ 100.5654, 19.4527 ], [ 100.5644, 19.4356 ], [ 100.5404, 19.416 ], [ 100.522, 19.4069 ], [ 100.4887, 19.3996 ], [ 100.488, 19.3821 ], [ 100.4948, 19.3796 ], [ 100.4962, 19.3715 ], [ 100.5056, 19.3716 ], [ 100.5181, 19.3784 ], [ 100.5345, 19.3662 ], [ 100.529, 19.3534 ], [ 100.5643, 19.3399 ], [ 100.5589, 19.3352 ], [ 100.5585, 19.3198 ], [ 100.5619, 19.3106 ], [ 100.5701, 19.3051 ], [ 100.6092, 19.3339 ], [ 100.6168, 19.3216 ], [ 100.6124, 19.3124 ], [ 100.606, 19.2582 ], [ 100.6002, 19.252 ], [ 100.6166, 19.2263 ], [ 100.6194, 19.1959 ], [ 100.6179, 19.1837 ], [ 100.6256, 19.1734 ], [ 100.6291, 19.1552 ], [ 100.6224, 19.1114 ], [ 100.6101, 19.1028 ], [ 100.6012, 19.1047 ], [ 100.5853, 19.0964 ], [ 100.5742, 19.105 ], [ 100.5684, 19.0967 ], [ 100.5723, 19.0919 ], [ 100.5638, 19.0804 ], [ 100.5685, 19.0788 ], [ 100.5639, 19.0746 ], [ 100.6147, 19.0419 ], [ 100.6195, 19.034 ], [ 100.6055, 19.0203 ], [ 100.5825, 19.0305 ], [ 100.566, 19.0304 ], [ 100.5564, 19.0446 ], [ 100.5485, 19.0405 ], [ 100.5373, 19.0466 ], [ 100.5315, 19.0413 ], [ 100.4944, 19.0525 ], [ 100.4897, 19.0394 ], [ 100.4798, 19.0364 ], [ 100.4794, 19.0271 ], [ 100.4572, 19.0096 ], [ 100.4596, 19.0034 ], [ 100.483, 19.0033 ], [ 100.4975, 18.9969 ], [ 100.5034, 18.9926 ], [ 100.4897, 18.9692 ], [ 100.4809, 18.9657 ], [ 100.4818, 18.9516 ], [ 100.4621, 18.9454 ], [ 100.454, 18.9346 ], [ 100.4384, 18.9456 ], [ 100.4239, 18.9484 ], [ 100.4045, 18.9445 ], [ 100.4071, 18.9356 ], [ 100.3908, 18.9265 ], [ 100.3863, 18.8914 ], [ 100.3664, 18.8713 ], [ 100.3641, 18.8493 ], [ 100.3482, 18.8341 ], [ 100.348, 18.8293 ], [ 100.3385, 18.8216 ], [ 100.3451, 18.814 ], [ 100.34, 18.8054 ], [ 100.3385, 18.8135 ], [ 100.3117, 18.8107 ], [ 100.3034, 18.8185 ], [ 100.2397, 18.8195 ], [ 100.227, 18.8254 ], [ 100.1992, 18.8139 ], [ 100.1861, 18.8225 ] ] ] } },
{ "type": "Feature", "properties": { "id": "PROV_0020", "name": "Nakhon Sawan" }, "geometry": { "type": "Polygon", "coordinates": [ [ [ 99.9737, 15.4919 ], [ 99.959, 15.5067 ], [ 99.9479, 15.5016 ], [ 99.9402, 15.5349 ], [ 99.9422, 15.5714 ], [ 99.9377, 15.6002 ], [ 99.9419, 15.6204 ], [ 99.9361, 15.6429 ], [ 99.9319, 15.6734 ], [ 99.8681, 15.6559 ], [ 99.8635, 15.6445 ], [ 99.8656, 15.6192 ], [ 99.8625, 15.6175 ], [ 99.8501, 15.6202 ], [ 99.7952, 15.6419 ], [ 99.7911, 15.6498 ], [ 99.7645, 15.6608 ], [ 99.7481, 15.6768 ], [ 99.7318, 15.6882 ], [ 99.7184, 15.6815 ], [ 99.7055, 15.6854 ], [ 99.6653, 15.6676 ], [ 99.6284, 15.6408 ], [ 99.5958, 15.6297 ], [ 99.5727, 15.6071 ], [ 99.5697, 15.5993 ], [ 99.5635, 15.5921 ], [ 99.549, 15.5884 ], [ 99.5118, 15.5623 ], [ 99.4988, 15.5653 ], [ 99.4956, 15.5689 ], [ 99.4696, 15.5648 ], [ 99.4635, 15.5795 ], [ 99.454, 15.5818 ], [ 99.452, 15.5891 ], [ 99.4263, 15.6054 ], [ 99.4225, 15.6145 ], [ 99.4041, 15.6175 ], [ 99.3924, 15.6251 ], [ 99.3789, 15.6252 ], [ 99.368, 15.6503 ], [ 99.372, 15.6637 ], [ 99.3599, 15.6775 ], [ 99.3323, 15.6918 ], [ 99.319, 15.6884 ], [ 99.3126, 15.6941 ], [ 99.2967, 15.6931 ], [ 99.288, 15.6971 ], [ 99.2884, 15.7039 ], [ 99.2761, 15.7178 ], [ 99.2458, 15.7224 ], [ 99.2394, 15.732 ], [ 99.2392, 15.7414 ], [ 99.2342, 15.7489 ], [ 99.227, 15.7487 ], [ 99.2167, 15.7681 ], [ 99.2021, 15.7669 ], [ 99.1922, 15.7797 ], [ 99.1866, 15.7837 ], [ 99.1658, 15.7776 ], [ 99.1613, 15.7914 ], [ 99.1338, 15.7982 ], [ 99.1239, 15.8144 ], [ 99.1033, 15.8211 ], [ 99.1037, 15.8273 ], [ 99.0962, 15.8315 ], [ 99.0988, 15.8538 ], [ 99.0941, 15.8612 ], [ 99.0973, 15.8713 ], [ 99.0867, 15.8868 ], [ 99.0952, 15.8833 ], [ 99.1287, 15.9127 ], [ 99.1381, 15.9058 ], [ 99.1482, 15.9094 ], [ 99.1534, 15.9201 ], [ 99.1734, 15.9284 ], [ 99.1722, 15.9372 ], [ 99.1864, 15.9286 ], [ 99.195, 15.9386 ], [ 99.1943, 15.9451 ], [ 99.2045, 15.9363 ], [ 99.2082, 15.9487 ], [ 99.2168, 15.9441 ], [ 99.2133, 15.9395 ], [ 99.2184, 15.9369 ], [ 99.2224, 15.9448 ], [ 99.2339, 15.9286 ], [ 99.2667, 15.9074 ], [ 99.2706, 15.9123 ], [ 99.2738, 15.9042 ], [ 99.2899, 15.8919 ], [ 99.2896, 15.9048 ], [ 99.2943, 15.903 ], [ 99.2972, 15.909 ], [ 99.3091, 15.9041 ], [ 99.3102, 15.9174 ], [ 99.3194, 15.9175 ], [ 99.3194, 15.9275 ], [ 99.3274, 15.9208 ], [ 99.3301, 15.9115 ], [ 99.357, 15.9264 ], [ 99.3735, 15.9157 ], [ 99.3857, 15.9169 ], [ 99.4047, 15.911 ], [ 99.4089, 15.9141 ], [ 99.4132, 15.9105 ], [ 99.425, 15.9213 ], [ 99.4315, 15.909 ], [ 99.4365, 15.9105 ], [ 99.4463, 15.9025 ], [ 99.451, 15.9049 ], [ 99.4764, 15.9026 ], [ 99.4812, 15.9108 ], [ 99.4777, 15.9212 ], [ 99.5018, 15.9286 ], [ 99.5122, 15.9234 ], [ 99.5246, 15.9252 ], [ 99.5284, 15.9209 ], [ 99.5404, 15.9263 ], [ 99.5536, 15.9161 ], [ 99.5564, 15.906 ], [ 99.5811, 15.9033 ], [ 99.594, 15.9113 ], [ 99.628, 15.9151 ], [ 99.647, 15.9078 ], [ 99.6824, 15.8672 ], [ 99.688, 15.8729 ], [ 99.7092, 15.8797 ], [ 99.7158, 15.8736 ], [ 99.7277, 15.872 ], [ 99.7398, 15.8582 ], [ 99.7511, 15.8801 ], [ 99.7722, 15.8992 ], [ 99.7696, 15.9192 ], [ 99.787, 15.9267 ], [ 99.8047, 15.9204 ], [ 99.8073, 15.9438 ], [ 99.8252, 15.9501 ], [ 99.8278, 15.9626 ], [ 99.8462, 15.9814 ], [ 99.8451, 16.0173 ], [ 99.8717, 16.0429 ], [ 99.8944, 16.0539 ], [ 99.917, 16.0494 ], [ 99.9318, 16.0539 ], [ 99.9386, 16.0687 ], [ 100.0159, 16.1528 ], [ 100.0216, 16.1637 ], [ 100.0253, 16.1918 ], [ 100.0376, 16.1825 ], [ 100.0386, 16.1774 ], [ 100.0443, 16.1684 ], [ 100.0555, 16.1673 ], [ 100.0631, 16.1596 ], [ 100.0756, 16.1631 ], [ 100.0768, 16.1473 ], [ 100.0856, 16.1435 ], [ 100.0774, 16.1249 ], [ 100.0949, 16.111 ], [ 100.0963, 16.0946 ], [ 100.1144, 16.0791 ], [ 100.1091, 16.0763 ], [ 100.1193, 16.055 ], [ 100.1158, 16.0472 ], [ 100.1308, 16.0355 ], [ 100.1284, 16.0259 ], [ 100.1375, 16.0127 ], [ 100.1488, 15.9891 ], [ 100.1613, 15.9797 ], [ 100.1605, 15.961 ], [ 100.1682, 15.9564 ], [ 100.1751, 15.9341 ], [ 100.1813, 15.9287 ], [ 100.1866, 15.9352 ], [ 100.2022, 15.9343 ], [ 100.2168, 15.9276 ], [ 100.2402, 15.9343 ], [ 100.2443, 15.9413 ], [ 100.2393, 15.9497 ], [ 100.242, 15.9532 ], [ 100.2575, 15.9545 ], [ 100.2671, 15.9399 ], [ 100.2763, 15.9436 ], [ 100.3093, 15.9612 ], [ 100.3062, 15.9735 ], [ 100.3132, 15.9779 ], [ 100.3235, 15.9741 ], [ 100.3222, 15.9878 ], [ 100.3389, 15.9785 ], [ 100.3427, 15.9652 ], [ 100.3315, 15.9411 ], [ 100.3658, 15.9406 ], [ 100.3877, 15.9386 ], [ 100.3988, 15.9327 ], [ 100.4102, 15.9367 ], [ 100.4163, 15.9451 ], [ 100.449, 15.9343 ], [ 100.459, 15.9416 ], [ 100.4611, 15.9383 ], [ 100.4743, 15.9365 ], [ 100.5038, 15.9376 ], [ 100.5212, 15.9403 ], [ 100.5287, 15.9366 ], [ 100.5363, 15.924 ], [ 100.5469, 15.9267 ], [ 100.5755, 15.9542 ], [ 100.6168, 15.9834 ], [ 100.626, 16.0027 ], [ 100.6544, 16.0067 ], [ 100.6824, 15.9998 ], [ 100.7023, 15.9893 ], [ 100.7378, 15.9893 ], [ 100.7504, 15.9693 ], [ 100.7561, 15.9425 ], [ 100.7677, 15.9356 ], [ 100.7639, 15.9114 ], [ 100.7793, 15.897 ], [ 100.7978, 15.8916 ], [ 100.7997, 15.8651 ], [ 100.7899, 15.8444 ], [ 100.7976, 15.8287 ], [ 100.812, 15.7598 ], [ 100.8197, 15.7474 ], [ 100.8187, 15.7124 ], [ 100.8268, 15.6839 ], [ 100.8335, 15.6807 ], [ 100.8263, 15.676 ], [ 100.827, 15.6643 ], [ 100.8232, 15.6621 ], [ 100.8265, 15.646 ], [ 100.8184, 15.631 ], [ 100.825, 15.614 ], [ 100.8084, 15.5943 ], [ 100.8185, 15.5861 ], [ 100.8138, 15.579 ], [ 100.8322, 15.5637 ], [ 100.7942, 15.5391 ], [ 100.7692, 15.5343 ], [ 100.758, 15.5255 ], [ 100.7595, 15.5191 ], [ 100.7543, 15.5138 ], [ 100.7451, 15.5119 ], [ 100.769, 15.4961 ], [ 100.7687, 15.462 ], [ 100.7337, 15.4473 ], [ 100.7166, 15.4465 ], [ 100.7115, 15.4415 ], [ 100.7015, 15.4408 ], [ 100.6797, 15.4522 ], [ 100.6669, 15.4342 ], [ 100.6603, 15.4343 ], [ 100.6437, 15.4168 ], [ 100.6462, 15.404 ], [ 100.6423, 15.3919 ], [ 100.6304, 15.3861 ], [ 100.625, 15.3585 ], [ 100.6355, 15.348 ], [ 100.6336, 15.3405 ], [ 100.6299, 15.3405 ], [ 100.6308, 15.3317 ], [ 100.6354, 15.3288 ], [ 100.6335, 15.3233 ], [ 100.6232, 15.3198 ], [ 100.6219, 15.3127 ], [ 100.6141, 15.3069 ], [ 100.6117, 15.2947 ], [ 100.5936, 15.2877 ], [ 100.5973, 15.2793 ], [ 100.5899, 15.268 ], [ 100.5974, 15.2692 ], [ 100.6131, 15.2437 ], [ 100.6062, 15.2447 ], [ 100.6033, 15.2405 ], [ 100.607, 15.2371 ], [ 100.5894, 15.2334 ], [ 100.5866, 15.2239 ], [ 100.5566, 15.1958 ], [ 100.5322, 15.1831 ], [ 100.5157, 15.1444 ], [ 100.5077, 15.1317 ], [ 100.4914, 15.1205 ], [ 100.4769, 15.1138 ], [ 100.4584, 15.1154 ], [ 100.4568, 15.104 ], [ 100.451, 15.1018 ], [ 100.4231, 15.0527 ], [ 100.3543, 15.1012 ], [ 100.3563, 15.1157 ], [ 100.3458, 15.1282 ], [ 100.3464, 15.1395 ], [ 100.3355, 15.1622 ], [ 100.318, 15.1582 ], [ 100.2971, 15.1811 ], [ 100.2935, 15.2065 ], [ 100.2901, 15.2191 ], [ 100.2749, 15.2244 ], [ 100.2782, 15.2486 ], [ 100.2698, 15.2553 ], [ 100.2661, 15.2685 ], [ 100.2637, 15.2874 ], [ 100.2549, 15.2912 ], [ 100.2513, 15.3048 ], [ 100.2634, 15.3142 ], [ 100.2641, 15.3265 ], [ 100.2636, 15.3341 ], [ 100.2535, 15.3411 ], [ 100.2521, 15.3559 ], [ 100.2325, 15.3687 ], [ 100.213, 15.3542 ], [ 100.2171, 15.3636 ], [ 100.182, 15.3811 ], [ 100.1631, 15.3814 ], [ 100.1532, 15.3892 ], [ 100.1441, 15.3906 ], [ 100.1462, 15.3935 ], [ 100.1401, 15.4043 ], [ 100.1294, 15.4051 ], [ 100.1249, 15.4123 ], [ 100.102, 15.4175 ], [ 100.0774, 15.4266 ], [ 100.0537, 15.4251 ], [ 100.0608, 15.4385 ], [ 100.0497, 15.4429 ], [ 100.0392, 15.4613 ], [ 100.0132, 15.4728 ], [ 100.0239, 15.4818 ], [ 100.0351, 15.51 ], [ 100.0091, 15.5025 ], [ 100.0132, 15.4915 ], [ 100.0008, 15.4822 ], [ 99.9737, 15.4919 ] ] ] } },
{ "type": "Feature", "properties": { "id": "PROV_0021", "name": "Uthai Thani" }, "geometry": { "type": "Polygon", "coordinates": [ [ [ 100.0113, 15.3004 ], [ 100.0027, 15.3021 ], [ 99.9717, 15.2997 ], [ 99.9608, 15.3012 ], [ 99.9579, 15.3068 ], [ 99.885, 15.2879 ], [ 99.878, 15.2901 ], [ 99.8784, 15.2993 ], [ 99.8722, 15.3052 ], [ 99.8597, 15.3052 ], [ 99.8502, 15.3117 ], [ 99.8286, 15.3117 ], [ 99.8079, 15.3184 ], [ 99.7854, 15.3178 ], [ 99.7812, 15.3119 ], [ 99.7574, 15.3121 ], [ 99.764, 15.3082 ], [ 99.7633, 15.2997 ], [ 99.7534, 15.296 ], [ 99.749, 15.2803 ], [ 99.7399, 15.2749 ], [ 99.7377, 15.2672 ], [ 99.7323, 15.2689 ], [ 99.7337, 15.2588 ], [ 99.7265, 15.2596 ], [ 99.7285, 15.25 ], [ 99.735, 15.2418 ], [ 99.7305, 15.2392 ], [ 99.7316, 15.2088 ], [ 99.7434, 15.1928 ], [ 99.7599, 15.1754 ], [ 99.7481, 15.1639 ], [ 99.7709, 15.1411 ], [ 99.7675, 15.1297 ], [ 99.7894, 15.0994 ], [ 99.7909, 15.0865 ], [ 99.7729, 15.0586 ], [ 99.7765, 15.0532 ], [ 99.7698, 15.0386 ], [ 99.7692, 15.0234 ], [ 99.7385, 15.0053 ], [ 99.7399, 15.0013 ], [ 99.7255, 14.9895 ], [ 99.7196, 14.9762 ], [ 99.7311, 14.9637 ], [ 99.7183, 14.9609 ], [ 99.6936, 14.9657 ], [ 99.7022, 14.9757 ], [ 99.683, 14.9764 ], [ 99.6655, 14.9881 ], [ 99.635, 14.9899 ], [ 99.6275, 14.9883 ], [ 99.6236, 14.9802 ], [ 99.63, 14.9707 ], [ 99.6305, 14.9378 ], [ 99.6026, 14.9471 ], [ 99.5786, 14.947 ], [ 99.559, 14.9623 ], [ 99.5457, 14.9635 ], [ 99.5243, 14.9688 ], [ 99.5233, 14.9764 ], [ 99.5166, 14.9828 ], [ 99.491, 14.9843 ], [ 99.4834, 14.9899 ], [ 99.4567, 14.9887 ], [ 99.4512, 14.9935 ], [ 99.4449, 14.9834 ], [ 99.4262, 15.0069 ], [ 99.416, 15.0366 ], [ 99.4197, 15.0486 ], [ 99.405, 15.0441 ], [ 99.3936, 15.0505 ], [ 99.3861, 15.0473 ], [ 99.3824, 15.051 ], [ 99.3647, 15.0487 ], [ 99.3562, 15.055 ], [ 99.3566, 15.0602 ], [ 99.3391, 15.0815 ], [ 99.3197, 15.0812 ], [ 99.3221, 15.0727 ], [ 99.3118, 15.0678 ], [ 99.3111, 15.0628 ], [ 99.3058, 15.0637 ], [ 99.299, 15.0537 ], [ 99.3014, 15.0429 ], [ 99.2958, 15.0374 ], [ 99.3072, 15.0254 ], [ 99.3, 15.0133 ], [ 99.2847, 15.0069 ], [ 99.2832, 14.9979 ], [ 99.2772, 14.9905 ], [ 99.2607, 14.9911 ], [ 99.2562, 14.9873 ], [ 99.2495, 14.9997 ], [ 99.2337, 15.0123 ], [ 99.2043, 15.0145 ], [ 99.1924, 15.029 ], [ 99.1808, 15.0174 ], [ 99.1621, 15.0152 ], [ 99.1354, 15.0379 ], [ 99.1472, 15.0473 ], [ 99.1429, 15.0519 ], [ 99.1305, 15.0494 ], [ 99.1189, 15.0547 ], [ 99.1134, 15.0442 ], [ 99.1075, 15.0467 ], [ 99.0851, 15.039 ], [ 99.074, 15.0404 ], [ 99.068, 15.0476 ], [ 99.0509, 15.043 ], [ 99.0293, 15.0486 ], [ 99.0197, 15.0546 ], [ 99.0098, 15.0692 ], [ 99.0003, 15.0713 ], [ 99.0099, 15.0861 ], [ 99.0065, 15.0983 ], [ 98.9977, 15.1051 ], [ 99.0003, 15.1374 ], [ 99.0066, 15.1444 ], [ 99.0005, 15.1642 ], [ 98.9941, 15.1652 ], [ 98.9844, 15.1803 ], [ 98.9892, 15.1868 ], [ 99.0022, 15.1852 ], [ 99.0084, 15.2084 ], [ 99.0062, 15.2392 ], [ 99.0193, 15.2469 ], [ 99.0166, 15.2649 ], [ 99.024, 15.2786 ], [ 99.0391, 15.2889 ], [ 99.0378, 15.2979 ], [ 99.031, 15.303 ], [ 99.0309, 15.3354 ], [ 99.043, 15.3462 ], [ 99.0464, 15.3642 ], [ 99.0435, 15.3762 ], [ 99.0547, 15.3822 ], [ 99.0588, 15.3947 ], [ 99.0684, 15.3953 ], [ 99.0677, 15.42 ], [ 99.0559, 15.4441 ], [ 99.0588, 15.4597 ], [ 99.0652, 15.4635 ], [ 99.0645, 15.4733 ], [ 99.0757, 15.4883 ], [ 99.0784, 15.4998 ], [ 99.0729, 15.512 ], [ 99.0552, 15.5251 ], [ 99.0483, 15.5554 ], [ 99.0525, 15.5642 ], [ 99.0942, 15.5827 ], [ 99.0919, 15.5924 ], [ 99.0976, 15.6114 ], [ 99.1068, 15.616 ], [ 99.1157, 15.6335 ], [ 99.1167, 15.6455 ], [ 99.1118, 15.6497 ], [ 99.1155, 15.6632 ], [ 99.1116, 15.6682 ], [ 99.1301, 15.7063 ], [ 99.1308, 15.7248 ], [ 99.1389, 15.7313 ], [ 99.1276, 15.7671 ], [ 99.1362, 15.7894 ], [ 99.1338, 15.7982 ], [ 99.1613, 15.7914 ], [ 99.1658, 15.7776 ], [ 99.1866, 15.7837 ], [ 99.1922, 15.7797 ], [ 99.2021, 15.7669 ], [ 99.2167, 15.7681 ], [ 99.227, 15.7487 ], [ 99.2342, 15.7489 ], [ 99.2392, 15.7414 ], [ 99.2394, 15.732 ], [ 99.2458, 15.7224 ], [ 99.2761, 15.7178 ], [ 99.2884, 15.7039 ], [ 99.288, 15.6971 ], [ 99.2967, 15.6931 ], [ 99.3126, 15.6941 ], [ 99.319, 15.6884 ], [ 99.3323, 15.6918 ], [ 99.3599, 15.6775 ], [ 99.372, 15.6637 ], [ 99.368, 15.6503 ], [ 99.3789, 15.6252 ], [ 99.3924, 15.6251 ], [ 99.4041, 15.6175 ], [ 99.4225, 15.6145 ], [ 99.4263, 15.6054 ], [ 99.452, 15.5891 ], [ 99.454, 15.5818 ], [ 99.4635, 15.5795 ], [ 99.4696, 15.5648 ], [ 99.4956, 15.5689 ], [ 99.4988, 15.5653 ], [ 99.5118, 15.5623 ], [ 99.549, 15.5884 ], [ 99.5635, 15.5921 ], [ 99.5697, 15.5993 ], [ 99.5727, 15.6071 ], [ 99.5958, 15.6297 ], [ 99.6284, 15.6408 ], [ 99.6653, 15.6676 ], [ 99.7055, 15.6854 ], [ 99.7184, 15.6815 ], [ 99.7318, 15.6882 ], [ 99.7481, 15.6768 ], [ 99.7645, 15.6608 ], [ 99.7911, 15.6498 ], [ 99.7952, 15.6419 ], [ 99.8501, 15.6202 ], [ 99.8625, 15.6175 ], [ 99.8656, 15.6192 ], [ 99.8635, 15.6445 ], [ 99.8681, 15.6559 ], [ 99.9319, 15.6734 ], [ 99.9361, 15.6429 ], [ 99.9419, 15.6204 ], [ 99.9377, 15.6002 ], [ 99.9422, 15.5714 ], [ 99.9402, 15.5349 ], [ 99.9479, 15.5016 ], [ 99.959, 15.5067 ], [ 99.9737, 15.4919 ], [ 100.0008, 15.4822 ], [ 100.0132, 15.4915 ], [ 100.0091, 15.5025 ], [ 100.0351, 15.51 ], [ 100.0239, 15.4818 ], [ 100.0132, 15.4728 ], [ 100.0392, 15.4613 ], [ 100.0497, 15.4429 ], [ 100.0608, 15.4385 ], [ 100.0537, 15.4251 ], [ 100.0774, 15.4266 ], [ 100.102, 15.4175 ], [ 100.0909, 15.4135 ], [ 100.0877, 15.4069 ], [ 100.0897, 15.396 ], [ 100.1067, 15.3798 ], [ 100.1047, 15.3743 ], [ 100.0983, 15.374 ], [ 100.088, 15.3786 ], [ 100.0793, 15.3799 ], [ 100.0751, 15.3691 ], [ 100.0978, 15.352 ], [ 100.1009, 15.3421 ], [ 100.1002, 15.3367 ], [ 100.0815, 15.3213 ], [ 100.078, 15.3161 ], [ 100.0784, 15.2956 ], [ 100.0618, 15.2845 ], [ 100.0568, 15.2685 ], [ 100.0584, 15.2638 ], [ 100.0481, 15.2648 ], [ 100.038, 15.2914 ], [ 100.0205, 15.2915 ], [ 100.0113, 15.3004 ] ] ] } },
{ "type": "Feature", "properties": { "id": "PROV_0022", "name": "Kamphaeng Phet" }, "geometry": { "type": "Polygon", "coordinates": [ [ [ 99.7722, 15.8992 ], [ 99.7511, 15.8801 ], [ 99.7398, 15.8582 ], [ 99.7277, 15.872 ], [ 99.7158, 15.8736 ], [ 99.7092, 15.8797 ], [ 99.688, 15.8729 ], [ 99.6824, 15.8672 ], [ 99.647, 15.9078 ], [ 99.628, 15.9151 ], [ 99.594, 15.9113 ], [ 99.5811, 15.9033 ], [ 99.5564, 15.906 ], [ 99.5536, 15.9161 ], [ 99.5404, 15.9263 ], [ 99.5284, 15.9209 ], [ 99.5246, 15.9252 ], [ 99.5122, 15.9234 ], [ 99.5018, 15.9286 ], [ 99.4777, 15.9212 ], [ 99.4812, 15.9108 ], [ 99.4764, 15.9026 ], [ 99.451, 15.9049 ], [ 99.4463, 15.9025 ], [ 99.4365, 15.9105 ], [ 99.4315, 15.909 ], [ 99.425, 15.9213 ], [ 99.4132, 15.9105 ], [ 99.4089, 15.9141 ], [ 99.4047, 15.911 ], [ 99.3857, 15.9169 ], [ 99.3735, 15.9157 ], [ 99.357, 15.9264 ], [ 99.3301, 15.9115 ], [ 99.3274, 15.9208 ], [ 99.3194, 15.9275 ], [ 99.3194, 15.9175 ], [ 99.3102, 15.9174 ], [ 99.3091, 15.9041 ], [ 99.2972, 15.909 ], [ 99.2943, 15.903 ], [ 99.2896, 15.9048 ], [ 99.2899, 15.8919 ], [ 99.2738, 15.9042 ], [ 99.2706, 15.9123 ], [ 99.2667, 15.9074 ], [ 99.2339, 15.9286 ], [ 99.2224, 15.9448 ], [ 99.2184, 15.9369 ], [ 99.2133, 15.9395 ], [ 99.2168, 15.9441 ], [ 99.2082, 15.9487 ], [ 99.2045, 15.9363 ], [ 99.1943, 15.9451 ], [ 99.195, 15.9386 ], [ 99.1864, 15.9286 ], [ 99.1722, 15.9372 ], [ 99.1734, 15.9284 ], [ 99.1534, 15.9201 ], [ 99.1482, 15.9094 ], [ 99.1381, 15.9058 ], [ 99.1287, 15.9127 ], [ 99.0952, 15.8833 ], [ 99.0867, 15.8868 ], [ 99.0858, 15.9123 ], [ 99.0969, 15.9309 ], [ 99.0863, 15.948 ], [ 99.075, 15.9523 ], [ 99.0751, 15.962 ], [ 99.0888, 15.9799 ], [ 99.0814, 16.0072 ], [ 99.0835, 16.0263 ], [ 99.0881, 16.0434 ], [ 99.1055, 16.0496 ], [ 99.1148, 16.0614 ], [ 99.1163, 16.0754 ], [ 99.1082, 16.0853 ], [ 99.1086, 16.0992 ], [ 99.0938, 16.103 ], [ 99.0784, 16.1265 ], [ 99.0506, 16.1373 ], [ 99.0506, 16.1604 ], [ 99.0677, 16.1653 ], [ 99.0737, 16.1964 ], [ 99.0808, 16.2018 ], [ 99.0805, 16.2159 ], [ 99.0489, 16.2594 ], [ 99.0422, 16.2922 ], [ 99.0535, 16.3092 ], [ 99.0521, 16.3303 ], [ 99.0423, 16.3385 ], [ 99.045, 16.3535 ], [ 99.0412, 16.3758 ], [ 99.0361, 16.3838 ], [ 99.0268, 16.3828 ], [ 99.0161, 16.3876 ], [ 99.02, 16.4176 ], [ 99.0298, 16.4215 ], [ 99.0403, 16.4173 ], [ 99.045, 16.4198 ], [ 99.0478, 16.4313 ], [ 99.0673, 16.4615 ], [ 99.094, 16.4753 ], [ 99.0994, 16.4736 ], [ 99.1071, 16.4807 ], [ 99.1196, 16.4792 ], [ 99.1224, 16.4749 ], [ 99.126, 16.486 ], [ 99.1343, 16.4905 ], [ 99.1395, 16.5001 ], [ 99.1505, 16.5035 ], [ 99.154, 16.5001 ], [ 99.1622, 16.507 ], [ 99.164, 16.5026 ], [ 99.1728, 16.5099 ], [ 99.1675, 16.5121 ], [ 99.1711, 16.5214 ], [ 99.1801, 16.5268 ], [ 99.1803, 16.5322 ], [ 99.1914, 16.5311 ], [ 99.1913, 16.5388 ], [ 99.1997, 16.5316 ], [ 99.2193, 16.5274 ], [ 99.2298, 16.5347 ], [ 99.2405, 16.5335 ], [ 99.2476, 16.5488 ], [ 99.2452, 16.5547 ], [ 99.2568, 16.568 ], [ 99.2572, 16.5825 ], [ 99.2506, 16.5902 ], [ 99.2554, 16.6037 ], [ 99.2428, 16.6239 ], [ 99.2431, 16.6395 ], [ 99.2477, 16.6442 ], [ 99.2467, 16.6621 ], [ 99.2659, 16.6713 ], [ 99.2721, 16.6686 ], [ 99.2754, 16.6775 ], [ 99.2717, 16.6841 ], [ 99.2825, 16.689 ], [ 99.2817, 16.7065 ], [ 99.2953, 16.7185 ], [ 99.2971, 16.7313 ], [ 99.303, 16.7392 ], [ 99.306, 16.7692 ], [ 99.294, 16.7763 ], [ 99.2915, 16.7836 ], [ 99.2994, 16.7921 ], [ 99.317, 16.7968 ], [ 99.3248, 16.815 ], [ 99.345, 16.8137 ], [ 99.368, 16.8053 ], [ 99.3765, 16.8123 ], [ 99.3866, 16.8112 ], [ 99.3821, 16.8225 ], [ 99.387, 16.8271 ], [ 99.3823, 16.8356 ], [ 99.4143, 16.8472 ], [ 99.4167, 16.8655 ], [ 99.4299, 16.8649 ], [ 99.4378, 16.8713 ], [ 99.4581, 16.8639 ], [ 99.4687, 16.8667 ], [ 99.4625, 16.8817 ], [ 99.4701, 16.901 ], [ 99.4888, 16.9135 ], [ 99.4922, 16.9067 ], [ 99.5152, 16.8903 ], [ 99.5131, 16.8697 ], [ 99.5314, 16.825 ], [ 99.5432, 16.8437 ], [ 99.5428, 16.8593 ], [ 99.5484, 16.8629 ], [ 99.5683, 16.8531 ], [ 99.5609, 16.8602 ], [ 99.5713, 16.8593 ], [ 99.5767, 16.8281 ], [ 99.5818, 16.8202 ], [ 99.5787, 16.812 ], [ 99.5818, 16.8033 ], [ 99.601, 16.7911 ], [ 99.6229, 16.7575 ], [ 99.643, 16.7431 ], [ 99.6531, 16.7467 ], [ 99.6762, 16.728 ], [ 99.6936, 16.7313 ], [ 99.6949, 16.7186 ], [ 99.7038, 16.7174 ], [ 99.7054, 16.7228 ], [ 99.7165, 16.7213 ], [ 99.7459, 16.7434 ], [ 99.7417, 16.7289 ], [ 99.7647, 16.7169 ], [ 99.7611, 16.6989 ], [ 99.7644, 16.6842 ], [ 99.7928, 16.6865 ], [ 99.8044, 16.6985 ], [ 99.8097, 16.6989 ], [ 99.8044, 16.7121 ], [ 99.8149, 16.7203 ], [ 99.8281, 16.7241 ], [ 99.8329, 16.7145 ], [ 99.8445, 16.7149 ], [ 99.8534, 16.7356 ], [ 99.8568, 16.7293 ], [ 99.8604, 16.7318 ], [ 99.8712, 16.7219 ], [ 99.8728, 16.7143 ], [ 99.8872, 16.7142 ], [ 99.8952, 16.7063 ], [ 99.886, 16.6939 ], [ 99.8917, 16.6867 ], [ 99.8883, 16.6744 ], [ 99.8953, 16.6676 ], [ 99.8942, 16.6618 ], [ 99.8979, 16.6333 ], [ 99.9097, 16.6219 ], [ 99.9164, 16.6007 ], [ 99.9255, 16.5815 ], [ 99.9336, 16.5766 ], [ 99.98, 16.5805 ], [ 99.9937, 16.5775 ], [ 100.0039, 16.5793 ], [ 100.007, 16.5865 ], [ 100.0154, 16.5814 ], [ 100.0126, 16.5751 ], [ 100.0114, 16.5543 ], [ 100.0123, 16.5396 ], [ 100.0106, 16.5219 ], [ 100.025, 16.5201 ], [ 100.0347, 16.5022 ], [ 100.0034, 16.4582 ], [ 100.0, 16.45 ], [ 100.003, 16.4379 ], [ 99.9971, 16.4195 ], [ 99.994, 16.3874 ], [ 99.9834, 16.3751 ], [ 100.0067, 16.3359 ], [ 100.0218, 16.3379 ], [ 100.0273, 16.3315 ], [ 100.0192, 16.3225 ], [ 100.022, 16.3077 ], [ 100.0189, 16.301 ], [ 100.0331, 16.2838 ], [ 100.0212, 16.2516 ], [ 100.0461, 16.2075 ], [ 100.0253, 16.1918 ], [ 100.0216, 16.1637 ], [ 100.0159, 16.1528 ], [ 99.9386, 16.0687 ], [ 99.9318, 16.0539 ], [ 99.917, 16.0494 ], [ 99.8944, 16.0539 ], [ 99.8717, 16.0429 ], [ 99.8451, 16.0173 ], [ 99.8462, 15.9814 ], [ 99.8278, 15.9626 ], [ 99.8252, 15.9501 ], [ 99.8073, 15.9438 ], [ 99.8047, 15.9204 ], [ 99.787, 15.9267 ], [ 99.7696, 15.9192 ], [ 99.7722, 15.8992 ] ] ] } },
{ "type": "Feature", "properties": { "id": "PROV_0023", "name": "Tak" }, "geometry": { "type": "Polygon", "coordinates": [ [ [ 99.0888, 15.9799 ], [ 99.0751, 15.962 ], [ 99.075, 15.9523 ], [ 99.0863, 15.948 ], [ 99.0969, 15.9309 ], [ 99.0858, 15.9123 ], [ 99.0867, 15.8868 ], [ 99.0973, 15.8713 ], [ 99.0941, 15.8612 ], [ 99.0988, 15.8538 ], [ 99.0962, 15.8315 ], [ 99.1037, 15.8273 ], [ 99.1033, 15.8211 ], [ 99.1239, 15.8144 ], [ 99.1338, 15.7982 ], [ 99.1362, 15.7894 ], [ 99.1276, 15.7671 ], [ 99.1389, 15.7313 ], [ 99.1308, 15.7248 ], [ 99.1301, 15.7063 ], [ 99.1116, 15.6682 ], [ 99.1155, 15.6632 ], [ 99.1118, 15.6497 ], [ 99.1167, 15.6455 ], [ 99.1157, 15.6335 ], [ 99.1068, 15.616 ], [ 99.0976, 15.6114 ], [ 99.0919, 15.5924 ], [ 99.0942, 15.5827 ], [ 99.0525, 15.5642 ], [ 99.0483, 15.5554 ], [ 99.0552, 15.5251 ], [ 99.0729, 15.512 ], [ 99.0784, 15.4998 ], [ 99.0757, 15.4883 ], [ 99.0645, 15.4733 ], [ 99.0652, 15.4635 ], [ 99.0588, 15.4597 ], [ 99.0559, 15.4441 ], [ 99.0677, 15.42 ], [ 99.0684, 15.3953 ], [ 99.0588, 15.3947 ], [ 99.0547, 15.3822 ], [ 99.0435, 15.3762 ], [ 99.0464, 15.3642 ], [ 99.043, 15.3462 ], [ 99.0309, 15.3354 ], [ 99.031, 15.303 ], [ 99.0378, 15.2979 ], [ 99.0391, 15.2889 ], [ 99.024, 15.2786 ], [ 99.0166, 15.2649 ], [ 99.0193, 15.2469 ], [ 99.0062, 15.2392 ], [ 99.0084, 15.2084 ], [ 99.0022, 15.1852 ], [ 98.9892, 15.1868 ], [ 98.9844, 15.1803 ], [ 98.972, 15.1908 ], [ 98.964, 15.206 ], [ 98.9554, 15.2474 ], [ 98.9433, 15.2527 ], [ 98.9227, 15.2465 ], [ 98.9116, 15.2684 ], [ 98.8865, 15.2754 ], [ 98.8914, 15.2901 ], [ 98.871, 15.3249 ], [ 98.8396, 15.3486 ], [ 98.8314, 15.3457 ], [ 98.8295, 15.3557 ], [ 98.7926, 15.4026 ], [ 98.7832, 15.4087 ], [ 98.7787, 15.4239 ], [ 98.7545, 15.4411 ], [ 98.7592, 15.4514 ], [ 98.7549, 15.4585 ], [ 98.7592, 15.4725 ], [ 98.7471, 15.4827 ], [ 98.7374, 15.4795 ], [ 98.7293, 15.4886 ], [ 98.7026, 15.5015 ], [ 98.7034, 15.5098 ], [ 98.7125, 15.5048 ], [ 98.7188, 15.5063 ], [ 98.718, 15.5128 ], [ 98.7237, 15.5176 ], [ 98.7065, 15.5355 ], [ 98.6678, 15.5949 ], [ 98.6611, 15.5988 ], [ 98.6479, 15.6332 ], [ 98.6406, 15.6381 ], [ 98.6258, 15.6263 ], [ 98.6225, 15.6306 ], [ 98.627, 15.6385 ], [ 98.6126, 15.6445 ], [ 98.607, 15.6412 ], [ 98.5902, 15.6449 ], [ 98.5831, 15.6604 ], [ 98.5586, 15.6511 ], [ 98.5466, 15.6821 ], [ 98.573, 15.7846 ], [ 98.6105, 15.8765 ], [ 98.6014, 15.8729 ], [ 98.5959, 15.8753 ], [ 98.5974, 15.8853 ], [ 98.5892, 15.8942 ], [ 98.5847, 15.9169 ], [ 98.5959, 15.9604 ], [ 98.6062, 15.9651 ], [ 98.609, 15.9721 ], [ 98.6072, 15.9854 ], [ 98.5967, 16.0085 ], [ 98.5648, 16.0299 ], [ 98.5612, 16.0375 ], [ 98.5668, 16.0559 ], [ 98.5787, 16.061 ], [ 98.5867, 16.0754 ], [ 98.6006, 16.0734 ], [ 98.6085, 16.0609 ], [ 98.6037, 16.0535 ], [ 98.6073, 16.044 ], [ 98.6138, 16.0399 ], [ 98.6313, 16.0478 ], [ 98.627, 16.0619 ], [ 98.6402, 16.0611 ], [ 98.6426, 16.0665 ], [ 98.661, 16.073 ], [ 98.6598, 16.0832 ], [ 98.675, 16.0955 ], [ 98.6663, 16.11 ], [ 98.6824, 16.1116 ], [ 98.6784, 16.1258 ], [ 98.6862, 16.1282 ], [ 98.6867, 16.1331 ], [ 98.7089, 16.1347 ], [ 98.7186, 16.1229 ], [ 98.7431, 16.1189 ], [ 98.7679, 16.1201 ], [ 98.7799, 16.1263 ], [ 98.785, 16.123 ], [ 98.7887, 16.1108 ], [ 98.8045, 16.1036 ], [ 98.8247, 16.1133 ], [ 98.8285, 16.1217 ], [ 98.8409, 16.1297 ], [ 98.8476, 16.1276 ], [ 98.8545, 16.1565 ], [ 98.8509, 16.1609 ], [ 98.8622, 16.17 ], [ 98.8609, 16.1874 ], [ 98.8542, 16.1927 ], [ 98.8617, 16.1984 ], [ 98.8526, 16.2145 ], [ 98.8558, 16.2237 ], [ 98.8723, 16.2386 ], [ 98.8782, 16.2304 ], [ 98.888, 16.2483 ], [ 98.9036, 16.2539 ], [ 98.9107, 16.2686 ], [ 98.907, 16.2752 ], [ 98.911, 16.2984 ], [ 98.9161, 16.3057 ], [ 98.928, 16.3065 ], [ 98.9253, 16.3128 ], [ 98.932, 16.3287 ], [ 98.9244, 16.3418 ], [ 98.9265, 16.3454 ], [ 98.9118, 16.3445 ], [ 98.9091, 16.3477 ], [ 98.9173, 16.3579 ], [ 98.9188, 16.3847 ], [ 98.8965, 16.4075 ], [ 98.8919, 16.4074 ], [ 98.8891, 16.4169 ], [ 98.8792, 16.4258 ], [ 98.8713, 16.4232 ], [ 98.8583, 16.4299 ], [ 98.8467, 16.4193 ], [ 98.8289, 16.4221 ], [ 98.8273, 16.4127 ], [ 98.8133, 16.3939 ], [ 98.8169, 16.3853 ], [ 98.7824, 16.3658 ], [ 98.783, 16.355 ], [ 98.7763, 16.3499 ], [ 98.7768, 16.3451 ], [ 98.772, 16.3479 ], [ 98.7655, 16.3428 ], [ 98.7474, 16.3466 ], [ 98.7427, 16.3382 ], [ 98.7283, 16.3327 ], [ 98.7274, 16.3156 ], [ 98.7189, 16.3102 ], [ 98.7198, 16.2965 ], [ 98.7072, 16.2945 ], [ 98.7041, 16.2729 ], [ 98.6986, 16.2687 ], [ 98.682, 16.282 ], [ 98.6811, 16.2741 ], [ 98.6762, 16.2712 ], [ 98.675, 16.2829 ], [ 98.6691, 16.2837 ], [ 98.6667, 16.2921 ], [ 98.6717, 16.3006 ], [ 98.6676, 16.309 ], [ 98.6718, 16.3174 ], [ 98.6637, 16.3195 ], [ 98.669, 16.3264 ], [ 98.6666, 16.3458 ], [ 98.653, 16.3522 ], [ 98.6628, 16.3606 ], [ 98.6636, 16.3672 ], [ 98.6536, 16.3705 ], [ 98.6583, 16.3778 ], [ 98.6491, 16.3936 ], [ 98.6561, 16.3999 ], [ 98.6437, 16.4034 ], [ 98.6362, 16.4115 ], [ 98.6404, 16.4167 ], [ 98.6397, 16.4312 ], [ 98.6572, 16.4522 ], [ 98.6511, 16.4718 ], [ 98.6442, 16.4728 ], [ 98.643, 16.4789 ], [ 98.634, 16.4781 ], [ 98.6273, 16.4959 ], [ 98.6132, 16.507 ], [ 98.6061, 16.5268 ], [ 98.5956, 16.5375 ], [ 98.5978, 16.5415 ], [ 98.5972, 16.5472 ], [ 98.5903, 16.5433 ], [ 98.5829, 16.5476 ], [ 98.5853, 16.5591 ], [ 98.5785, 16.5574 ], [ 98.5786, 16.5665 ], [ 98.5726, 16.5688 ], [ 98.5771, 16.5737 ], [ 98.5804, 16.5664 ], [ 98.5874, 16.5665 ], [ 98.5798, 16.5754 ], [ 98.5872, 16.5861 ], [ 98.584, 16.5994 ], [ 98.5771, 16.598 ], [ 98.5771, 16.6043 ], [ 98.5711, 16.6061 ], [ 98.5689, 16.6159 ], [ 98.5738, 16.6201 ], [ 98.5712, 16.6318 ], [ 98.5616, 16.6299 ], [ 98.5592, 16.6355 ], [ 98.5419, 16.6372 ], [ 98.5339, 16.6357 ], [ 98.5243, 16.6429 ], [ 98.5234, 16.6502 ], [ 98.5124, 16.6441 ], [ 98.5156, 16.6589 ], [ 98.5179, 16.6926 ], [ 98.5118, 16.6959 ], [ 98.5174, 16.7012 ], [ 98.503, 16.6988 ], [ 98.5009, 16.6916 ], [ 98.4962, 16.6907 ], [ 98.4991, 16.696 ], [ 98.4963, 16.7032 ], [ 98.5022, 16.7142 ], [ 98.4943, 16.7157 ], [ 98.4908, 16.7088 ], [ 98.4856, 16.7166 ], [ 98.4705, 16.7144 ], [ 98.478, 16.7187 ], [ 98.4685, 16.7283 ], [ 98.4635, 16.7281 ], [ 98.469, 16.7385 ], [ 98.462, 16.749 ], [ 98.4669, 16.7525 ], [ 98.4748, 16.7459 ], [ 98.4798, 16.7476 ], [ 98.4768, 16.7635 ], [ 98.4893, 16.7726 ], [ 98.4833, 16.7818 ], [ 98.4872, 16.7912 ], [ 98.4923, 16.7886 ], [ 98.4953, 16.7919 ], [ 98.5038, 16.7855 ], [ 98.5107, 16.7979 ], [ 98.5152, 16.7916 ], [ 98.5211, 16.7906 ], [ 98.526, 16.7983 ], [ 98.5163, 16.7979 ], [ 98.5149, 16.8046 ], [ 98.5478, 16.8146 ], [ 98.5365, 16.8296 ], [ 98.526, 16.827 ], [ 98.523, 16.8349 ], [ 98.5153, 16.8375 ], [ 98.5026, 16.8322 ], [ 98.4921, 16.8415 ], [ 98.5012, 16.8641 ], [ 98.5076, 16.8666 ], [ 98.5115, 16.8561 ], [ 98.5156, 16.8569 ], [ 98.5084, 16.8795 ], [ 98.5202, 16.8778 ], [ 98.5358, 16.86 ], [ 98.5399, 16.8609 ], [ 98.5265, 16.8837 ], [ 98.5288, 16.8909 ], [ 98.5356, 16.8934 ], [ 98.5357, 16.899 ], [ 98.5126, 16.9026 ], [ 98.5214, 16.9106 ], [ 98.5217, 16.9176 ], [ 98.51, 16.9166 ], [ 98.5075, 16.9107 ], [ 98.5012, 16.9176 ], [ 98.5055, 16.9279 ], [ 98.4896, 16.9233 ], [ 98.4911, 16.9335 ], [ 98.4835, 16.9366 ], [ 98.484, 16.9411 ], [ 98.4973, 16.9503 ], [ 98.5049, 16.9444 ], [ 98.5083, 16.9478 ], [ 98.5, 16.9573 ], [ 98.4888, 16.9578 ], [ 98.4876, 16.9712 ], [ 98.4697, 16.9707 ], [ 98.4807, 16.9798 ], [ 98.4734, 16.9862 ], [ 98.4734, 16.9936 ], [ 98.4693, 16.9962 ], [ 98.4583, 16.9912 ], [ 98.4486, 16.9967 ], [ 98.4554, 17.0222 ], [ 98.4303, 17.0222 ], [ 98.4366, 17.0275 ], [ 98.4376, 17.0363 ], [ 98.424, 17.0379 ], [ 98.4243, 17.0436 ], [ 98.4163, 17.043 ], [ 98.4106, 17.0543 ], [ 98.404, 17.0561 ], [ 98.3971, 17.0474 ], [ 98.3907, 17.0526 ], [ 98.3902, 17.0606 ], [ 98.3707, 17.0563 ], [ 98.3608, 17.049 ], [ 98.3449, 17.0481 ], [ 98.3222, 17.0666 ], [ 98.3122, 17.0789 ], [ 98.3126, 17.0889 ], [ 98.2996, 17.0911 ], [ 98.3087, 17.1007 ], [ 98.3157, 17.0949 ], [ 98.3226, 17.111 ], [ 98.3085, 17.1118 ], [ 98.3013, 17.1078 ], [ 98.2981, 17.1275 ], [ 98.2933, 17.1228 ], [ 98.2932, 17.114 ], [ 98.286, 17.1117 ], [ 98.2802, 17.1155 ], [ 98.2865, 17.1304 ], [ 98.2847, 17.1438 ], [ 98.2965, 17.1417 ], [ 98.298, 17.1457 ], [ 98.2875, 17.1562 ], [ 98.2715, 17.1518 ], [ 98.2672, 17.161 ], [ 98.2801, 17.1688 ], [ 98.2791, 17.1735 ], [ 98.27, 17.1759 ], [ 98.2587, 17.1756 ], [ 98.2625, 17.1876 ], [ 98.2488, 17.1831 ], [ 98.2516, 17.1969 ], [ 98.2444, 17.1967 ], [ 98.2469, 17.2109 ], [ 98.2284, 17.2048 ], [ 98.2297, 17.2126 ], [ 98.2448, 17.2229 ], [ 98.2425, 17.2295 ], [ 98.2272, 17.2215 ], [ 98.2123, 17.2293 ], [ 98.2049, 17.2502 ], [ 98.1667, 17.2632 ], [ 98.1673, 17.2732 ], [ 98.1617, 17.279 ], [ 98.1465, 17.292 ], [ 98.1351, 17.2926 ], [ 98.1382, 17.2998 ], [ 98.129, 17.3077 ], [ 98.1264, 17.3197 ], [ 98.1198, 17.3231 ], [ 98.1119, 17.3203 ], [ 98.1052, 17.3538 ], [ 98.1197, 17.3734 ], [ 98.11, 17.3762 ], [ 98.1099, 17.3858 ], [ 98.0946, 17.3907 ], [ 98.0879, 17.3961 ], [ 98.0807, 17.3898 ], [ 98.0611, 17.42 ], [ 98.0457, 17.4299 ], [ 98.0567, 17.4369 ], [ 98.0563, 17.4419 ], [ 98.0486, 17.4428 ], [ 98.0368, 17.4523 ], [ 97.9916, 17.5108 ], [ 97.9708, 17.5083 ], [ 97.9623, 17.5278 ], [ 97.9236, 17.5393 ], [ 97.9192, 17.5579 ], [ 97.9104, 17.5631 ], [ 97.9045, 17.5856 ], [ 97.8505, 17.6246 ], [ 97.8217, 17.6529 ], [ 97.8183, 17.6622 ], [ 97.7935, 17.6795 ], [ 97.7912, 17.692 ], [ 97.7627, 17.7251 ], [ 97.7627, 17.7454 ], [ 97.7744, 17.7511 ], [ 97.7589, 17.77 ], [ 97.7458, 17.77 ], [ 97.7426, 17.7848 ], [ 97.7623, 17.7763 ], [ 97.7858, 17.7848 ], [ 97.7956, 17.7771 ], [ 97.8134, 17.7847 ], [ 97.8473, 17.7785 ], [ 97.8629, 17.79 ], [ 97.8675, 17.7886 ], [ 97.8708, 17.7942 ], [ 97.8948, 17.8039 ], [ 97.9054, 17.8134 ], [ 97.906, 17.82 ], [ 97.899, 17.8304 ], [ 97.9074, 17.84 ], [ 97.9112, 17.8542 ], [ 97.9187, 17.8585 ], [ 97.9531, 17.8605 ], [ 97.9694, 17.8682 ], [ 97.9733, 17.865 ], [ 97.9672, 17.8567 ], [ 97.9707, 17.8473 ], [ 97.9748, 17.848 ], [ 97.9825, 17.8367 ], [ 97.9752, 17.823 ], [ 97.9802, 17.8229 ], [ 97.9799, 17.8138 ], [ 97.9914, 17.8101 ], [ 97.9857, 17.8071 ], [ 97.9949, 17.7883 ], [ 97.9894, 17.7862 ], [ 97.9961, 17.786 ], [ 97.9995, 17.7804 ], [ 97.9964, 17.7762 ], [ 98.0059, 17.775 ], [ 98.0101, 17.7693 ], [ 98.008, 17.7628 ], [ 98.0147, 17.7554 ], [ 98.0118, 17.749 ], [ 98.0216, 17.7388 ], [ 98.0208, 17.736 ], [ 98.014, 17.7397 ], [ 98.0154, 17.733 ], [ 98.0211, 17.7326 ], [ 98.022, 17.7247 ], [ 98.0276, 17.7209 ], [ 98.0233, 17.7105 ], [ 98.0315, 17.71 ], [ 98.0316, 17.7013 ], [ 98.0392, 17.6944 ], [ 98.0434, 17.6805 ], [ 98.0407, 17.6753 ], [ 98.0479, 17.669 ], [ 98.0467, 17.6646 ], [ 98.0528, 17.667 ], [ 98.0582, 17.6626 ], [ 98.0625, 17.6487 ], [ 98.073, 17.6479 ], [ 98.0898, 17.6366 ], [ 98.0981, 17.6221 ], [ 98.1023, 17.6224 ], [ 98.0997, 17.615 ], [ 98.1073, 17.6116 ], [ 98.1035, 17.6004 ], [ 98.11, 17.592 ], [ 98.1084, 17.5825 ], [ 98.1269, 17.5678 ], [ 98.1258, 17.5588 ], [ 98.1367, 17.5412 ], [ 98.1676, 17.5474 ], [ 98.1788, 17.5375 ], [ 98.1974, 17.5424 ], [ 98.2081, 17.5398 ], [ 98.2182, 17.547 ], [ 98.2266, 17.5451 ], [ 98.2386, 17.5497 ], [ 98.2409, 17.5553 ], [ 98.2494, 17.5579 ], [ 98.2557, 17.5728 ], [ 98.2687, 17.5795 ], [ 98.2981, 17.5764 ], [ 98.3028, 17.5663 ], [ 98.2989, 17.553 ], [ 98.3063, 17.5489 ], [ 98.31, 17.5299 ], [ 98.3147, 17.527 ], [ 98.3169, 17.5031 ], [ 98.3274, 17.489 ], [ 98.3295, 17.4692 ], [ 98.3198, 17.4442 ], [ 98.3197, 17.4354 ], [ 98.3275, 17.4293 ], [ 98.3228, 17.4167 ], [ 98.2917, 17.408 ], [ 98.3192, 17.3795 ], [ 98.3176, 17.3653 ], [ 98.3342, 17.3488 ], [ 98.3302, 17.3404 ], [ 98.332, 17.329 ], [ 98.3172, 17.3212 ], [ 98.3308, 17.3016 ], [ 98.361, 17.2885 ], [ 98.3581, 17.275 ], [ 98.3612, 17.2708 ], [ 98.3707, 17.267 ], [ 98.3769, 17.2557 ], [ 98.3926, 17.2423 ], [ 98.4302, 17.2572 ], [ 98.436, 17.2662 ], [ 98.4497, 17.2713 ], [ 98.454, 17.2692 ], [ 98.4607, 17.2757 ], [ 98.4781, 17.2767 ], [ 98.4897, 17.2703 ], [ 98.4961, 17.2728 ], [ 98.5033, 17.2799 ], [ 98.5196, 17.2811 ], [ 98.5324, 17.2744 ], [ 98.5441, 17.283 ], [ 98.5743, 17.2847 ], [ 98.5789, 17.2988 ], [ 98.5576, 17.2938 ], [ 98.5563, 17.3128 ], [ 98.561, 17.318 ], [ 98.5558, 17.3374 ], [ 98.5619, 17.3513 ], [ 98.5549, 17.3566 ], [ 98.548, 17.3539 ], [ 98.5375, 17.3622 ], [ 98.5561, 17.3964 ], [ 98.5574, 17.4204 ], [ 98.5463, 17.4333 ], [ 98.547, 17.4459 ], [ 98.5294, 17.4521 ], [ 98.5184, 17.4777 ], [ 98.5245, 17.4953 ], [ 98.5194, 17.5117 ], [ 98.5259, 17.518 ], [ 98.5274, 17.5365 ], [ 98.5364, 17.5407 ], [ 98.5388, 17.551 ], [ 98.5228, 17.5728 ], [ 98.5331, 17.6199 ], [ 98.5291, 17.6352 ], [ 98.5317, 17.6478 ], [ 98.5226, 17.6788 ], [ 98.5263, 17.7077 ], [ 98.5174, 17.7378 ], [ 98.4945, 17.7808 ], [ 98.4939, 17.8137 ], [ 98.5093, 17.8126 ], [ 98.5189, 17.8249 ], [ 98.5312, 17.8148 ], [ 98.5445, 17.8115 ], [ 98.5594, 17.7965 ], [ 98.5715, 17.8099 ], [ 98.582, 17.8014 ], [ 98.5898, 17.8015 ], [ 98.5907, 17.8058 ], [ 98.5986, 17.8025 ], [ 98.6147, 17.7799 ], [ 98.624, 17.7773 ], [ 98.6316, 17.7852 ], [ 98.6319, 17.8011 ], [ 98.6392, 17.8145 ], [ 98.6478, 17.8165 ], [ 98.655, 17.8271 ], [ 98.6708, 17.834 ], [ 98.6719, 17.8198 ], [ 98.6852, 17.7911 ], [ 98.6872, 17.7797 ], [ 98.7044, 17.762 ], [ 98.7035, 17.7433 ], [ 98.7238, 17.7272 ], [ 98.7246, 17.7167 ], [ 98.7405, 17.707 ], [ 98.7459, 17.6927 ], [ 98.7378, 17.6832 ], [ 98.7228, 17.6756 ], [ 98.6839, 17.6658 ], [ 98.6891, 17.6554 ], [ 98.6845, 17.6447 ], [ 98.6922, 17.6313 ], [ 98.6824, 17.5971 ], [ 98.6936, 17.5862 ], [ 98.7019, 17.556 ], [ 98.7017, 17.5251 ], [ 98.6965, 17.5145 ], [ 98.7056, 17.5008 ], [ 98.7051, 17.4859 ], [ 98.7001, 17.4785 ], [ 98.6881, 17.4732 ], [ 98.6826, 17.4593 ], [ 98.6815, 17.4459 ], [ 98.6905, 17.434 ], [ 98.6906, 17.4241 ], [ 98.7005, 17.4354 ], [ 98.7029, 17.4473 ], [ 98.7134, 17.4528 ], [ 98.7176, 17.4645 ], [ 98.75, 17.4683 ], [ 98.7619, 17.4832 ], [ 98.7964, 17.5001 ], [ 98.8157, 17.5005 ], [ 98.8159, 17.5076 ], [ 98.8231, 17.5122 ], [ 98.8405, 17.5149 ], [ 98.8587, 17.5112 ], [ 98.8703, 17.5014 ], [ 98.8717, 17.4928 ], [ 98.88, 17.4911 ], [ 98.883, 17.5106 ], [ 98.8885, 17.5126 ], [ 98.8964, 17.5281 ], [ 98.9109, 17.5354 ], [ 98.9262, 17.5242 ], [ 98.9221, 17.5125 ], [ 98.9283, 17.5067 ], [ 98.927, 17.49 ], [ 98.9325, 17.4839 ], [ 98.932, 17.4743 ], [ 98.9459, 17.4686 ], [ 98.9554, 17.4748 ], [ 98.9591, 17.4636 ], [ 98.9627, 17.4667 ], [ 98.9812, 17.4647 ], [ 99.0135, 17.423 ], [ 99.0121, 17.4147 ], [ 99.0322, 17.4108 ], [ 99.0472, 17.3864 ], [ 99.0572, 17.3878 ], [ 99.0764, 17.3724 ], [ 99.088, 17.3765 ], [ 99.1093, 17.3588 ], [ 99.1133, 17.3725 ], [ 99.1213, 17.3646 ], [ 99.1417, 17.36 ], [ 99.1518, 17.3449 ], [ 99.1571, 17.3461 ], [ 99.1726, 17.3364 ], [ 99.1764, 17.3484 ], [ 99.1896, 17.3539 ], [ 99.209, 17.3736 ], [ 99.2061, 17.3804 ], [ 99.213, 17.3911 ], [ 99.2284, 17.4056 ], [ 99.2381, 17.4026 ], [ 99.2611, 17.4054 ], [ 99.27, 17.4004 ], [ 99.2754, 17.3812 ], [ 99.2708, 17.3522 ], [ 99.274, 17.3452 ], [ 99.2779, 17.3456 ], [ 99.2768, 17.3311 ], [ 99.2874, 17.3114 ], [ 99.2972, 17.304 ], [ 99.3033, 17.2735 ], [ 99.3162, 17.2694 ], [ 99.3211, 17.2438 ], [ 99.3192, 17.2266 ], [ 99.3137, 17.2191 ], [ 99.3183, 17.2144 ], [ 99.3119, 17.1891 ], [ 99.3188, 17.1573 ], [ 99.3144, 17.1446 ], [ 99.3299, 17.1374 ], [ 99.3206, 17.1271 ], [ 99.3223, 17.112 ], [ 99.3392, 17.0934 ], [ 99.3547, 17.0956 ], [ 99.3642, 17.0924 ], [ 99.3703, 17.0976 ], [ 99.3851, 17.0825 ], [ 99.3935, 17.0828 ], [ 99.3872, 17.0705 ], [ 99.3936, 17.0546 ], [ 99.3926, 17.0304 ], [ 99.3973, 17.0226 ], [ 99.4161, 17.0183 ], [ 99.4326, 16.9801 ], [ 99.4453, 16.9612 ], [ 99.445, 16.9463 ], [ 99.4531, 16.9389 ], [ 99.4465, 16.9156 ], [ 99.448, 16.8901 ], [ 99.4625, 16.8817 ], [ 99.4687, 16.8667 ], [ 99.4581, 16.8639 ], [ 99.4378, 16.8713 ], [ 99.4299, 16.8649 ], [ 99.4167, 16.8655 ], [ 99.4143, 16.8472 ], [ 99.3823, 16.8356 ], [ 99.387, 16.8271 ], [ 99.3821, 16.8225 ], [ 99.3866, 16.8112 ], [ 99.3765, 16.8123 ], [ 99.368, 16.8053 ], [ 99.345, 16.8137 ], [ 99.3248, 16.815 ], [ 99.317, 16.7968 ], [ 99.2994, 16.7921 ], [ 99.2915, 16.7836 ], [ 99.294, 16.7763 ], [ 99.306, 16.7692 ], [ 99.303, 16.7392 ], [ 99.2971, 16.7313 ], [ 99.2953, 16.7185 ], [ 99.2817, 16.7065 ], [ 99.2825, 16.689 ], [ 99.2717, 16.6841 ], [ 99.2754, 16.6775 ], [ 99.2721, 16.6686 ], [ 99.2659, 16.6713 ], [ 99.2467, 16.6621 ], [ 99.2477, 16.6442 ], [ 99.2431, 16.6395 ], [ 99.2428, 16.6239 ], [ 99.2554, 16.6037 ], [ 99.2506, 16.5902 ], [ 99.2572, 16.5825 ], [ 99.2568, 16.568 ], [ 99.2452, 16.5547 ], [ 99.2476, 16.5488 ], [ 99.2405, 16.5335 ], [ 99.2298, 16.5347 ], [ 99.2193, 16.5274 ], [ 99.1997, 16.5316 ], [ 99.1913, 16.5388 ], [ 99.1914, 16.5311 ], [ 99.1803, 16.5322 ], [ 99.1801, 16.5268 ], [ 99.1711, 16.5214 ], [ 99.1675, 16.5121 ], [ 99.1728, 16.5099 ], [ 99.164, 16.5026 ], [ 99.1622, 16.507 ], [ 99.154, 16.5001 ], [ 99.1505, 16.5035 ], [ 99.1395, 16.5001 ], [ 99.1343, 16.4905 ], [ 99.126, 16.486 ], [ 99.1224, 16.4749 ], [ 99.1196, 16.4792 ], [ 99.1071, 16.4807 ], [ 99.0994, 16.4736 ], [ 99.094, 16.4753 ], [ 99.0673, 16.4615 ], [ 99.0478, 16.4313 ], [ 99.045, 16.4198 ], [ 99.0403, 16.4173 ], [ 99.0298, 16.4215 ], [ 99.02, 16.4176 ], [ 99.0161, 16.3876 ], [ 99.0268, 16.3828 ], [ 99.0361, 16.3838 ], [ 99.0412, 16.3758 ], [ 99.045, 16.3535 ], [ 99.0423, 16.3385 ], [ 99.0521, 16.3303 ], [ 99.0535, 16.3092 ], [ 99.0422, 16.2922 ], [ 99.0489, 16.2594 ], [ 99.0805, 16.2159 ], [ 99.0808, 16.2018 ], [ 99.0737, 16.1964 ], [ 99.0677, 16.1653 ], [ 99.0506, 16.1604 ], [ 99.0506, 16.1373 ], [ 99.0784, 16.1265 ], [ 99.0938, 16.103 ], [ 99.1086, 16.0992 ], [ 99.1082, 16.0853 ], [ 99.1163, 16.0754 ], [ 99.1148, 16.0614 ], [ 99.1055, 16.0496 ], [ 99.0881, 16.0434 ], [ 99.0835, 16.0263 ], [ 99.0814, 16.0072 ], [ 99.0888, 15.9799 ] ] ] } },
{ "type": "Feature", "properties": { "id": "PROV_0024", "name": "Sukhothai" }, "geometry": { "type": "Polygon", "coordinates": [ [ [ 99.8281, 16.7241 ], [ 99.8149, 16.7203 ], [ 99.8044, 16.7121 ], [ 99.8097, 16.6989 ], [ 99.8044, 16.6985 ], [ 99.7928, 16.6865 ], [ 99.7644, 16.6842 ], [ 99.7611, 16.6989 ], [ 99.7647, 16.7169 ], [ 99.7417, 16.7289 ], [ 99.7459, 16.7434 ], [ 99.7165, 16.7213 ], [ 99.7054, 16.7228 ], [ 99.7038, 16.7174 ], [ 99.6949, 16.7186 ], [ 99.6936, 16.7313 ], [ 99.6762, 16.728 ], [ 99.6531, 16.7467 ], [ 99.643, 16.7431 ], [ 99.6229, 16.7575 ], [ 99.601, 16.7911 ], [ 99.5818, 16.8033 ], [ 99.5787, 16.812 ], [ 99.5818, 16.8202 ], [ 99.5767, 16.8281 ], [ 99.5713, 16.8593 ], [ 99.5609, 16.8602 ], [ 99.5683, 16.8531 ], [ 99.5484, 16.8629 ], [ 99.5428, 16.8593 ], [ 99.5432, 16.8437 ], [ 99.5314, 16.825 ], [ 99.5131, 16.8697 ], [ 99.5152, 16.8903 ], [ 99.4922, 16.9067 ], [ 99.4888, 16.9135 ], [ 99.4701, 16.901 ], [ 99.4625, 16.8817 ], [ 99.448, 16.8901 ], [ 99.4465, 16.9156 ], [ 99.4531, 16.9389 ], [ 99.445, 16.9463 ], [ 99.4453, 16.9612 ], [ 99.4326, 16.9801 ], [ 99.4161, 17.0183 ], [ 99.3973, 17.0226 ], [ 99.3926, 17.0304 ], [ 99.3936, 17.0546 ], [ 99.3872, 17.0705 ], [ 99.3935, 17.0828 ], [ 99.3851, 17.0825 ], [ 99.3703, 17.0976 ], [ 99.3642, 17.0924 ], [ 99.3547, 17.0956 ], [ 99.3392, 17.0934 ], [ 99.3223, 17.112 ], [ 99.3206, 17.1271 ], [ 99.3299, 17.1374 ], [ 99.3144, 17.1446 ], [ 99.3188, 17.1573 ], [ 99.3119, 17.1891 ], [ 99.3183, 17.2144 ], [ 99.3137, 17.2191 ], [ 99.3192, 17.2266 ], [ 99.3211, 17.2438 ], [ 99.3162, 17.2694 ], [ 99.3403, 17.2673 ], [ 99.3466, 17.2561 ], [ 99.3586, 17.2485 ], [ 99.3729, 17.2128 ], [ 99.3931, 17.2064 ], [ 99.4009, 17.2206 ], [ 99.4194, 17.2188 ], [ 99.4188, 17.2266 ], [ 99.4274, 17.232 ], [ 99.4386, 17.2296 ], [ 99.4455, 17.2429 ], [ 99.4412, 17.2521 ], [ 99.4495, 17.2504 ], [ 99.4557, 17.2545 ], [ 99.4514, 17.2906 ], [ 99.4547, 17.3087 ], [ 99.4617, 17.3106 ], [ 99.4764, 17.3258 ], [ 99.4764, 17.3411 ], [ 99.4695, 17.3683 ], [ 99.4557, 17.3687 ], [ 99.4422, 17.3892 ], [ 99.4295, 17.3923 ], [ 99.4273, 17.4089 ], [ 99.4303, 17.4181 ], [ 99.4399, 17.4214 ], [ 99.4428, 17.4343 ], [ 99.4332, 17.4346 ], [ 99.4145, 17.4498 ], [ 99.4175, 17.458 ], [ 99.4061, 17.4713 ], [ 99.4192, 17.4876 ], [ 99.4211, 17.5186 ], [ 99.4388, 17.5273 ], [ 99.4302, 17.5493 ], [ 99.435, 17.5634 ], [ 99.4284, 17.5693 ], [ 99.4151, 17.5701 ], [ 99.4133, 17.5746 ], [ 99.4224, 17.592 ], [ 99.4189, 17.5998 ], [ 99.4256, 17.6091 ], [ 99.4404, 17.6095 ], [ 99.447, 17.5996 ], [ 99.4536, 17.5999 ], [ 99.4551, 17.6087 ], [ 99.4468, 17.6228 ], [ 99.4499, 17.6309 ], [ 99.4473, 17.6443 ], [ 99.4509, 17.6548 ], [ 99.4655, 17.6613 ], [ 99.4764, 17.677 ], [ 99.4702, 17.6908 ], [ 99.4753, 17.6972 ], [ 99.4738, 17.7163 ], [ 99.478, 17.7245 ], [ 99.4713, 17.7379 ], [ 99.4815, 17.7448 ], [ 99.487, 17.7627 ], [ 99.5051, 17.7807 ], [ 99.5151, 17.7826 ], [ 99.5171, 17.7956 ], [ 99.5291, 17.8007 ], [ 99.5472, 17.8119 ], [ 99.5655, 17.8112 ], [ 99.5712, 17.8161 ], [ 99.5981, 17.8216 ], [ 99.622, 17.8131 ], [ 99.6294, 17.8147 ], [ 99.65, 17.7963 ], [ 99.6707, 17.799 ], [ 99.6866, 17.7761 ], [ 99.6964, 17.7563 ], [ 99.7076, 17.7565 ], [ 99.7141, 17.729 ], [ 99.7199, 17.7317 ], [ 99.7243, 17.7227 ], [ 99.7295, 17.7215 ], [ 99.736, 17.7228 ], [ 99.7449, 17.7363 ], [ 99.7517, 17.7382 ], [ 99.7564, 17.7486 ], [ 99.7505, 17.7524 ], [ 99.755, 17.7521 ], [ 99.7613, 17.762 ], [ 99.7651, 17.7607 ], [ 99.7688, 17.7712 ], [ 99.7765, 17.7776 ], [ 99.7722, 17.7807 ], [ 99.7824, 17.7909 ], [ 99.7966, 17.7924 ], [ 99.8113, 17.8039 ], [ 99.8327, 17.8028 ], [ 99.8372, 17.7969 ], [ 99.849, 17.8017 ], [ 99.8601, 17.798 ], [ 99.8691, 17.8051 ], [ 99.8762, 17.8012 ], [ 99.878, 17.805 ], [ 99.8825, 17.8027 ], [ 99.8832, 17.8077 ], [ 99.8947, 17.8056 ], [ 99.8987, 17.7971 ], [ 99.9115, 17.7951 ], [ 99.9219, 17.7865 ], [ 99.9227, 17.7689 ], [ 99.9118, 17.763 ], [ 99.9209, 17.7475 ], [ 99.93, 17.7441 ], [ 99.945, 17.7232 ], [ 99.9634, 17.7113 ], [ 99.9768, 17.6579 ], [ 99.9662, 17.6327 ], [ 99.9758, 17.6221 ], [ 99.9401, 17.5917 ], [ 99.9241, 17.5871 ], [ 99.9279, 17.5639 ], [ 99.9404, 17.5502 ], [ 99.9405, 17.5362 ], [ 99.9311, 17.5221 ], [ 99.9326, 17.5069 ], [ 99.94, 17.4954 ], [ 99.9561, 17.5059 ], [ 99.9667, 17.4927 ], [ 99.9722, 17.496 ], [ 99.981, 17.4875 ], [ 99.9813, 17.473 ], [ 99.9988, 17.4669 ], [ 100.0021, 17.4597 ], [ 100.0068, 17.4562 ], [ 100.02, 17.4586 ], [ 100.0309, 17.444 ], [ 100.0308, 17.4356 ], [ 100.0164, 17.4173 ], [ 99.9962, 17.4165 ], [ 99.9917, 17.4058 ], [ 99.9916, 17.4003 ], [ 100.0038, 17.3914 ], [ 100.0098, 17.3803 ], [ 99.9997, 17.3695 ], [ 100.008, 17.3608 ], [ 100.0011, 17.355 ], [ 100.012, 17.3357 ], [ 100.0095, 17.3275 ], [ 99.9961, 17.3213 ], [ 99.9935, 17.3129 ], [ 100.0024, 17.2974 ], [ 99.995, 17.2891 ], [ 99.9801, 17.2853 ], [ 99.9628, 17.2592 ], [ 99.963, 17.2504 ], [ 99.9549, 17.2428 ], [ 99.9734, 17.2415 ], [ 99.9582, 17.2312 ], [ 99.9823, 17.2161 ], [ 99.9712, 17.2109 ], [ 99.9751, 17.2079 ], [ 99.9733, 17.1995 ], [ 99.9836, 17.1897 ], [ 99.9811, 17.1745 ], [ 99.9732, 17.1646 ], [ 99.9549, 17.1709 ], [ 99.9514, 17.1677 ], [ 99.9557, 17.1632 ], [ 99.9521, 17.1563 ], [ 99.9589, 17.1463 ], [ 99.9594, 17.1179 ], [ 99.9732, 17.1023 ], [ 99.9826, 17.1011 ], [ 99.9851, 17.0784 ], [ 99.9895, 17.0782 ], [ 99.9979, 17.0855 ], [ 100.006, 17.0732 ], [ 100.0143, 17.0711 ], [ 100.013, 17.0619 ], [ 100.0057, 17.0573 ], [ 100.0047, 17.045 ], [ 100.0156, 17.0339 ], [ 100.0307, 17.0219 ], [ 100.0406, 17.0216 ], [ 100.0438, 17.0107 ], [ 100.0537, 17.0089 ], [ 100.061, 17.0125 ], [ 100.0785, 16.9967 ], [ 100.0772, 16.9924 ], [ 100.0866, 16.9917 ], [ 100.0873, 16.9884 ], [ 100.0937, 16.9927 ], [ 100.096, 16.9836 ], [ 100.1012, 16.9817 ], [ 100.1015, 16.9739 ], [ 100.1076, 16.9744 ], [ 100.1072, 16.9708 ], [ 100.0983, 16.9704 ], [ 100.1044, 16.9674 ], [ 100.1101, 16.9449 ], [ 100.1073, 16.9396 ], [ 100.1115, 16.9347 ], [ 100.1075, 16.9353 ], [ 100.1067, 16.9297 ], [ 100.1106, 16.9151 ], [ 100.1009, 16.9145 ], [ 100.0998, 16.9 ], [ 100.0948, 16.8947 ], [ 100.0899, 16.8971 ], [ 100.0916, 16.8939 ], [ 100.0855, 16.8889 ], [ 100.0767, 16.8931 ], [ 100.0645, 16.8841 ], [ 100.0473, 16.8927 ], [ 100.0105, 16.8892 ], [ 100.0068, 16.8691 ], [ 99.9993, 16.8617 ], [ 99.9941, 16.8681 ], [ 99.9784, 16.8665 ], [ 99.9738, 16.8612 ], [ 99.9639, 16.8627 ], [ 99.9499, 16.8696 ], [ 99.9426, 16.8658 ], [ 99.9418, 16.8286 ], [ 99.917, 16.8083 ], [ 99.8901, 16.7978 ], [ 99.878, 16.7806 ], [ 99.8772, 16.7673 ], [ 99.868, 16.7601 ], [ 99.8534, 16.7356 ], [ 99.8445, 16.7149 ], [ 99.8329, 16.7145 ], [ 99.8281, 16.7241 ] ] ] } },
{ "type": "Feature", "properties": { "id": "PROV_0025", "name": "Phitsanulok" }, "geometry": { "type": "Polygon", "coordinates": [ [ [ 100.6197, 16.349 ], [ 100.6231, 16.3594 ], [ 100.6356, 16.3752 ], [ 100.6303, 16.3981 ], [ 100.624, 16.4055 ], [ 100.6133, 16.4052 ], [ 100.6043, 16.4122 ], [ 100.6064, 16.4175 ], [ 100.5952, 16.4158 ], [ 100.5683, 16.4598 ], [ 100.5851, 16.4716 ], [ 100.5829, 16.4888 ], [ 100.5874, 16.5203 ], [ 100.5776, 16.5231 ], [ 100.5803, 16.5759 ], [ 100.5758, 16.5856 ], [ 100.5595, 16.572 ], [ 100.5262, 16.5658 ], [ 100.5096, 16.5739 ], [ 100.5047, 16.5682 ], [ 100.5046, 16.5534 ], [ 100.4833, 16.5426 ], [ 100.4841, 16.5418 ], [ 100.4746, 16.5311 ], [ 100.4712, 16.5198 ], [ 100.4356, 16.52 ], [ 100.4305, 16.5159 ], [ 100.4254, 16.5358 ], [ 100.386, 16.5536 ], [ 100.3694, 16.5505 ], [ 100.3769, 16.5464 ], [ 100.3603, 16.5353 ], [ 100.3236, 16.5257 ], [ 100.2857, 16.5313 ], [ 100.2647, 16.5374 ], [ 100.25, 16.5301 ], [ 100.2436, 16.532 ], [ 100.2377, 16.5407 ], [ 100.2336, 16.5546 ], [ 100.2317, 16.6164 ], [ 100.2259, 16.6174 ], [ 100.2256, 16.6254 ], [ 100.2158, 16.6328 ], [ 100.2159, 16.6477 ], [ 100.2026, 16.6426 ], [ 100.1915, 16.6459 ], [ 100.1957, 16.6363 ], [ 100.1907, 16.6328 ], [ 100.1919, 16.6278 ], [ 100.204, 16.6245 ], [ 100.2009, 16.6177 ], [ 100.1949, 16.62 ], [ 100.1975, 16.6092 ], [ 100.1758, 16.5988 ], [ 100.1858, 16.586 ], [ 100.1669, 16.5889 ], [ 100.1462, 16.5956 ], [ 100.1294, 16.6105 ], [ 100.1187, 16.6141 ], [ 100.1058, 16.6098 ], [ 100.1035, 16.6052 ], [ 100.0976, 16.6067 ], [ 100.0861, 16.5968 ], [ 100.0899, 16.5884 ], [ 100.0738, 16.5781 ], [ 100.0471, 16.5712 ], [ 100.0343, 16.5833 ], [ 100.0126, 16.5751 ], [ 100.0154, 16.5814 ], [ 100.007, 16.5865 ], [ 100.0039, 16.5793 ], [ 99.9937, 16.5775 ], [ 99.98, 16.5805 ], [ 99.9336, 16.5766 ], [ 99.9255, 16.5815 ], [ 99.9164, 16.6007 ], [ 99.9097, 16.6219 ], [ 99.8979, 16.6333 ], [ 99.8942, 16.6618 ], [ 99.8953, 16.6676 ], [ 99.8883, 16.6744 ], [ 99.8917, 16.6867 ], [ 99.886, 16.6939 ], [ 99.8952, 16.7063 ], [ 99.8872, 16.7142 ], [ 99.8728, 16.7143 ], [ 99.8712, 16.7219 ], [ 99.8604, 16.7318 ], [ 99.8568, 16.7293 ], [ 99.8534, 16.7356 ], [ 99.868, 16.7601 ], [ 99.8772, 16.7673 ], [ 99.878, 16.7806 ], [ 99.8901, 16.7978 ], [ 99.917, 16.8083 ], [ 99.9418, 16.8286 ], [ 99.9426, 16.8658 ], [ 99.9499, 16.8696 ], [ 99.9639, 16.8627 ], [ 99.9738, 16.8612 ], [ 99.9784, 16.8665 ], [ 99.9941, 16.8681 ], [ 99.9993, 16.8617 ], [ 100.0068, 16.8691 ], [ 100.0105, 16.8892 ], [ 100.0473, 16.8927 ], [ 100.0645, 16.8841 ], [ 100.0767, 16.8931 ], [ 100.0855, 16.8889 ], [ 100.0916, 16.8939 ], [ 100.0899, 16.8971 ], [ 100.0948, 16.8947 ], [ 100.0998, 16.9 ], [ 100.1009, 16.9145 ], [ 100.1106, 16.9151 ], [ 100.1067, 16.9297 ], [ 100.1075, 16.9353 ], [ 100.1115, 16.9347 ], [ 100.1073, 16.9396 ], [ 100.1101, 16.9449 ], [ 100.1044, 16.9674 ], [ 100.0983, 16.9704 ], [ 100.1072, 16.9708 ], [ 100.1076, 16.9744 ], [ 100.1015, 16.9739 ], [ 100.1012, 16.9817 ], [ 100.096, 16.9836 ], [ 100.0937, 16.9927 ], [ 100.0873, 16.9884 ], [ 100.0866, 16.9917 ], [ 100.0772, 16.9924 ], [ 100.0785, 16.9967 ], [ 100.061, 17.0125 ], [ 100.0537, 17.0089 ], [ 100.0438, 17.0107 ], [ 100.0406, 17.0216 ], [ 100.0307, 17.0219 ], [ 100.0156, 17.0339 ], [ 100.0047, 17.045 ], [ 100.0057, 17.0573 ], [ 100.013, 17.0619 ], [ 100.0143, 17.0711 ], [ 100.006, 17.0732 ], [ 99.9979, 17.0855 ], [ 99.9895, 17.0782 ], [ 99.9851, 17.0784 ], [ 99.9826, 17.1011 ], [ 99.9732, 17.1023 ], [ 99.9594, 17.1179 ], [ 99.9589, 17.1463 ], [ 99.9521, 17.1563 ], [ 99.9557, 17.1632 ], [ 99.9514, 17.1677 ], [ 99.9549, 17.1709 ], [ 99.9732, 17.1646 ], [ 99.9826, 17.1553 ], [ 99.9852, 17.1603 ], [ 99.9927, 17.1593 ], [ 100.0085, 17.1513 ], [ 100.0091, 17.1476 ], [ 99.9978, 17.1448 ], [ 99.9961, 17.1375 ], [ 100.0137, 17.1389 ], [ 100.0237, 17.1531 ], [ 100.0237, 17.1653 ], [ 100.0333, 17.1677 ], [ 100.0365, 17.1814 ], [ 100.0455, 17.1788 ], [ 100.064, 17.1819 ], [ 100.0912, 17.1889 ], [ 100.1279, 17.1847 ], [ 100.1369, 17.1805 ], [ 100.1493, 17.1856 ], [ 100.1555, 17.1694 ], [ 100.1617, 17.1674 ], [ 100.1684, 17.202 ], [ 100.2062, 17.2072 ], [ 100.2204, 17.2191 ], [ 100.2482, 17.238 ], [ 100.2533, 17.2483 ], [ 100.249, 17.2557 ], [ 100.2373, 17.3168 ], [ 100.2393, 17.3462 ], [ 100.2434, 17.352 ], [ 100.2558, 17.3589 ], [ 100.2627, 17.3573 ], [ 100.2696, 17.3665 ], [ 100.2884, 17.3757 ], [ 100.2965, 17.3744 ], [ 100.3061, 17.382 ], [ 100.3236, 17.3685 ], [ 100.3306, 17.3792 ], [ 100.3301, 17.3866 ], [ 100.3377, 17.3897 ], [ 100.3426, 17.3868 ], [ 100.348, 17.3927 ], [ 100.3548, 17.3869 ], [ 100.3726, 17.3917 ], [ 100.3915, 17.4045 ], [ 100.4003, 17.4033 ], [ 100.42, 17.4111 ], [ 100.4267, 17.4214 ], [ 100.4351, 17.4185 ], [ 100.4477, 17.4242 ], [ 100.4529, 17.4187 ], [ 100.47, 17.421 ], [ 100.4839, 17.4177 ], [ 100.5008, 17.4287 ], [ 100.5134, 17.4038 ], [ 100.5166, 17.4096 ], [ 100.529, 17.4119 ], [ 100.5306, 17.4171 ], [ 100.5513, 17.4144 ], [ 100.5706, 17.422 ], [ 100.5896, 17.4196 ], [ 100.6035, 17.4281 ], [ 100.6025, 17.4444 ], [ 100.6139, 17.4652 ], [ 100.6287, 17.4745 ], [ 100.6449, 17.4737 ], [ 100.6409, 17.4905 ], [ 100.6452, 17.4937 ], [ 100.6707, 17.5021 ], [ 100.6896, 17.5227 ], [ 100.7399, 17.5421 ], [ 100.7469, 17.5581 ], [ 100.7653, 17.5705 ], [ 100.7666, 17.58 ], [ 100.7741, 17.5834 ], [ 100.7761, 17.6008 ], [ 100.7899, 17.6134 ], [ 100.8022, 17.6384 ], [ 100.8366, 17.6483 ], [ 100.8427, 17.6537 ], [ 100.8525, 17.6805 ], [ 100.8713, 17.7068 ], [ 100.8893, 17.7157 ], [ 100.9042, 17.7152 ], [ 100.9086, 17.7022 ], [ 100.914, 17.6991 ], [ 100.9219, 17.7 ], [ 100.9253, 17.6961 ], [ 100.9417, 17.702 ], [ 100.9555, 17.7007 ], [ 100.9767, 17.716 ], [ 100.9883, 17.743 ], [ 100.9959, 17.7349 ], [ 101.0076, 17.7312 ], [ 101.003, 17.7168 ], [ 101.0052, 17.7038 ], [ 100.9996, 17.699 ], [ 101.0093, 17.6997 ], [ 100.9988, 17.6786 ], [ 100.9921, 17.6743 ], [ 100.9899, 17.6615 ], [ 100.9948, 17.6574 ], [ 100.9914, 17.6493 ], [ 100.9946, 17.6423 ], [ 100.9912, 17.6193 ], [ 100.9759, 17.5958 ], [ 100.9684, 17.5933 ], [ 100.9668, 17.5709 ], [ 100.9639, 17.5744 ], [ 100.9278, 17.5695 ], [ 100.9154, 17.576 ], [ 100.918, 17.5813 ], [ 100.9092, 17.5841 ], [ 100.9031, 17.5933 ], [ 100.8808, 17.5846 ], [ 100.8678, 17.567 ], [ 100.8608, 17.5453 ], [ 100.8727, 17.5289 ], [ 100.8652, 17.5165 ], [ 100.8452, 17.5032 ], [ 100.8446, 17.4894 ], [ 100.8336, 17.4813 ], [ 100.8349, 17.4684 ], [ 100.8562, 17.451 ], [ 100.864, 17.4537 ], [ 100.8752, 17.4494 ], [ 100.8945, 17.4654 ], [ 100.9008, 17.4571 ], [ 100.9161, 17.4517 ], [ 100.9147, 17.4352 ], [ 100.9212, 17.4314 ], [ 100.9241, 17.4205 ], [ 100.9231, 17.4028 ], [ 100.9183, 17.4018 ], [ 100.9166, 17.3953 ], [ 100.9141, 17.3425 ], [ 100.9292, 17.3357 ], [ 100.9394, 17.3359 ], [ 100.9451, 17.3411 ], [ 100.9547, 17.3357 ], [ 100.97, 17.3414 ], [ 100.9872, 17.3386 ], [ 100.9923, 17.3413 ], [ 101.0065, 17.3341 ], [ 101.0111, 17.3154 ], [ 101.0234, 17.3122 ], [ 101.05, 17.284 ], [ 101.0833, 17.2798 ], [ 101.0826, 17.2732 ], [ 101.0931, 17.253 ], [ 101.1094, 17.2344 ], [ 101.11, 17.2265 ], [ 101.1079, 17.2151 ], [ 101.0815, 17.1898 ], [ 101.0783, 17.173 ], [ 101.0792, 17.1382 ], [ 101.0727, 17.1292 ], [ 101.0707, 17.1154 ], [ 101.0621, 17.1122 ], [ 101.0519, 17.1152 ], [ 101.0566, 17.105 ], [ 101.0512, 17.0961 ], [ 101.0569, 17.0905 ], [ 101.0501, 17.0778 ], [ 101.0563, 17.0706 ], [ 101.0584, 17.0477 ], [ 101.0536, 17.0253 ], [ 101.0563, 17.017 ], [ 101.047, 17.0012 ], [ 101.046, 16.9867 ], [ 101.0426, 16.9845 ], [ 101.0493, 16.9745 ], [ 101.0446, 16.9666 ], [ 101.0521, 16.953 ], [ 101.0457, 16.9537 ], [ 101.0285, 16.9445 ], [ 101.0281, 16.938 ], [ 101.0385, 16.9297 ], [ 101.0538, 16.9306 ], [ 101.0717, 16.9237 ], [ 101.0668, 16.9021 ], [ 101.0505, 16.9065 ], [ 101.0437, 16.9036 ], [ 101.0311, 16.8931 ], [ 101.0258, 16.8717 ], [ 101.014, 16.8639 ], [ 101.0126, 16.8579 ], [ 100.9934, 16.8549 ], [ 100.981, 16.8484 ], [ 100.9794, 16.8411 ], [ 100.9734, 16.8421 ], [ 100.9815, 16.8347 ], [ 100.9802, 16.8298 ], [ 100.9772, 16.8309 ], [ 100.9785, 16.8261 ], [ 100.9747, 16.8293 ], [ 100.9719, 16.8243 ], [ 100.9722, 16.8292 ], [ 100.9649, 16.8274 ], [ 100.9617, 16.8307 ], [ 100.9592, 16.8252 ], [ 100.9549, 16.8255 ], [ 100.9536, 16.8206 ], [ 100.9582, 16.8238 ], [ 100.9592, 16.8207 ], [ 100.9554, 16.8126 ], [ 100.9574, 16.8058 ], [ 100.9534, 16.8036 ], [ 100.9571, 16.8006 ], [ 100.9551, 16.7952 ], [ 100.9491, 16.7913 ], [ 100.9369, 16.7956 ], [ 100.9172, 16.7918 ], [ 100.9032, 16.8021 ], [ 100.9064, 16.7825 ], [ 100.9029, 16.7755 ], [ 100.8953, 16.7737 ], [ 100.8989, 16.7625 ], [ 100.9192, 16.7591 ], [ 100.9226, 16.7459 ], [ 100.9138, 16.731 ], [ 100.9314, 16.7177 ], [ 100.9309, 16.7103 ], [ 100.923, 16.7113 ], [ 100.9243, 16.7017 ], [ 100.9336, 16.6963 ], [ 100.9291, 16.686 ], [ 100.938, 16.6877 ], [ 100.9422, 16.6814 ], [ 100.9316, 16.6802 ], [ 100.9248, 16.6659 ], [ 100.9055, 16.6712 ], [ 100.9033, 16.6671 ], [ 100.8877, 16.6677 ], [ 100.8823, 16.6567 ], [ 100.869, 16.6493 ], [ 100.8614, 16.6383 ], [ 100.8646, 16.619 ], [ 100.8538, 16.6153 ], [ 100.8551, 16.6092 ], [ 100.8472, 16.5918 ], [ 100.8504, 16.5837 ], [ 100.8459, 16.5789 ], [ 100.8516, 16.5753 ], [ 100.8582, 16.5476 ], [ 100.846, 16.5397 ], [ 100.8485, 16.5226 ], [ 100.8406, 16.5241 ], [ 100.8337, 16.5193 ], [ 100.8326, 16.5051 ], [ 100.8148, 16.4961 ], [ 100.8168, 16.483 ], [ 100.8038, 16.4802 ], [ 100.7935, 16.4724 ], [ 100.8052, 16.4499 ], [ 100.7866, 16.4492 ], [ 100.7751, 16.4381 ], [ 100.7722, 16.4263 ], [ 100.7623, 16.4317 ], [ 100.7409, 16.4188 ], [ 100.724, 16.423 ], [ 100.7094, 16.418 ], [ 100.7038, 16.4112 ], [ 100.7069, 16.3857 ], [ 100.667, 16.3509 ], [ 100.6526, 16.322 ], [ 100.6344, 16.3273 ], [ 100.6255, 16.3269 ], [ 100.6197, 16.349 ] ] ] } },
{ "type": "Feature", "properties": { "id": "PROV_0026", "name": "Phichit" }, "geometry": { "type": "Polygon", "coordinates": [ [ [ 100.2671, 15.9399 ], [ 100.2575, 15.9545 ], [ 100.242, 15.9532 ], [ 100.2393, 15.9497 ], [ 100.2443, 15.9413 ], [ 100.2402, 15.9343 ], [ 100.2168, 15.9276 ], [ 100.2022, 15.9343 ], [ 100.1866, 15.9352 ], [ 100.1813, 15.9287 ], [ 100.1751, 15.9341 ], [ 100.1682, 15.9564 ], [ 100.1605, 15.961 ], [ 100.1613, 15.9797 ], [ 100.1488, 15.9891 ], [ 100.1375, 16.0127 ], [ 100.1284, 16.0259 ], [ 100.1308, 16.0355 ], [ 100.1158, 16.0472 ], [ 100.1193, 16.055 ], [ 100.1091, 16.0763 ], [ 100.1144, 16.0791 ], [ 100.0963, 16.0946 ], [ 100.0949, 16.111 ], [ 100.0774, 16.1249 ], [ 100.0856, 16.1435 ], [ 100.0768, 16.1473 ], [ 100.0756, 16.1631 ], [ 100.0631, 16.1596 ], [ 100.0555, 16.1673 ], [ 100.0443, 16.1684 ], [ 100.0386, 16.1774 ], [ 100.0376, 16.1825 ], [ 100.0253, 16.1918 ], [ 100.0461, 16.2075 ], [ 100.0212, 16.2516 ], [ 100.0331, 16.2838 ], [ 100.0189, 16.301 ], [ 100.022, 16.3077 ], [ 100.0192, 16.3225 ], [ 100.0273, 16.3315 ], [ 100.0218, 16.3379 ], [ 100.0067, 16.3359 ], [ 99.9834, 16.3751 ], [ 99.994, 16.3874 ], [ 99.9971, 16.4195 ], [ 100.003, 16.4379 ], [ 100.0, 16.45 ], [ 100.0034, 16.4582 ], [ 100.0347, 16.5022 ], [ 100.025, 16.5201 ], [ 100.0106, 16.5219 ], [ 100.0123, 16.5396 ], [ 100.0114, 16.5543 ], [ 100.0126, 16.5751 ], [ 100.0343, 16.5833 ], [ 100.0471, 16.5712 ], [ 100.0738, 16.5781 ], [ 100.0899, 16.5884 ], [ 100.0861, 16.5968 ], [ 100.0976, 16.6067 ], [ 100.1035, 16.6052 ], [ 100.1058, 16.6098 ], [ 100.1187, 16.6141 ], [ 100.1294, 16.6105 ], [ 100.1462, 16.5956 ], [ 100.1669, 16.5889 ], [ 100.1858, 16.586 ], [ 100.1758, 16.5988 ], [ 100.1975, 16.6092 ], [ 100.1949, 16.62 ], [ 100.2009, 16.6177 ], [ 100.204, 16.6245 ], [ 100.1919, 16.6278 ], [ 100.1907, 16.6328 ], [ 100.1957, 16.6363 ], [ 100.1915, 16.6459 ], [ 100.2026, 16.6426 ], [ 100.2159, 16.6477 ], [ 100.2158, 16.6328 ], [ 100.2256, 16.6254 ], [ 100.2259, 16.6174 ], [ 100.2317, 16.6164 ], [ 100.2336, 16.5546 ], [ 100.2377, 16.5407 ], [ 100.2436, 16.532 ], [ 100.25, 16.5301 ], [ 100.2647, 16.5374 ], [ 100.2857, 16.5313 ], [ 100.3236, 16.5257 ], [ 100.3603, 16.5353 ], [ 100.3769, 16.5464 ], [ 100.3694, 16.5505 ], [ 100.386, 16.5536 ], [ 100.4254, 16.5358 ], [ 100.4305, 16.5159 ], [ 100.4356, 16.52 ], [ 100.4712, 16.5198 ], [ 100.4746, 16.5311 ], [ 100.4841, 16.5418 ], [ 100.4833, 16.5426 ], [ 100.5046, 16.5534 ], [ 100.5047, 16.5682 ], [ 100.5096, 16.5739 ], [ 100.5262, 16.5658 ], [ 100.5595, 16.572 ], [ 100.5758, 16.5856 ], [ 100.5803, 16.5759 ], [ 100.5776, 16.5231 ], [ 100.5874, 16.5203 ], [ 100.5829, 16.4888 ], [ 100.5851, 16.4716 ], [ 100.5683, 16.4598 ], [ 100.5952, 16.4158 ], [ 100.6064, 16.4175 ], [ 100.6043, 16.4122 ], [ 100.6133, 16.4052 ], [ 100.624, 16.4055 ], [ 100.6303, 16.3981 ], [ 100.6356, 16.3752 ], [ 100.6231, 16.3594 ], [ 100.6197, 16.349 ], [ 100.6237, 16.3305 ], [ 100.6255, 16.3269 ], [ 100.6344, 16.3273 ], [ 100.6526, 16.322 ], [ 100.6538, 16.3196 ], [ 100.649, 16.3082 ], [ 100.6501, 16.2975 ], [ 100.6628, 16.2678 ], [ 100.6716, 16.2573 ], [ 100.6763, 16.2626 ], [ 100.6733, 16.2562 ], [ 100.6686, 16.2548 ], [ 100.6692, 16.2505 ], [ 100.6775, 16.248 ], [ 100.6941, 16.2493 ], [ 100.7077, 16.2558 ], [ 100.7144, 16.2539 ], [ 100.7177, 16.2576 ], [ 100.7191, 16.2515 ], [ 100.7072, 16.2421 ], [ 100.6442, 16.14 ], [ 100.6546, 16.126 ], [ 100.6541, 16.1016 ], [ 100.6428, 16.0514 ], [ 100.6353, 16.0457 ], [ 100.6568, 16.0477 ], [ 100.6686, 16.0303 ], [ 100.7271, 16.0224 ], [ 100.7441, 16.012 ], [ 100.7603, 16.0095 ], [ 100.7689, 16.0038 ], [ 100.7692, 15.9985 ], [ 100.7821, 15.994 ], [ 100.7841, 15.9811 ], [ 100.778, 15.9661 ], [ 100.7911, 15.9583 ], [ 100.799, 15.9363 ], [ 100.7809, 15.9351 ], [ 100.7729, 15.9292 ], [ 100.7664, 15.9314 ], [ 100.7677, 15.9356 ], [ 100.7561, 15.9425 ], [ 100.7504, 15.9693 ], [ 100.7378, 15.9893 ], [ 100.7023, 15.9893 ], [ 100.6824, 15.9998 ], [ 100.6544, 16.0067 ], [ 100.626, 16.0027 ], [ 100.6168, 15.9834 ], [ 100.5755, 15.9542 ], [ 100.5469, 15.9267 ], [ 100.5363, 15.924 ], [ 100.5287, 15.9366 ], [ 100.5212, 15.9403 ], [ 100.5038, 15.9376 ], [ 100.4743, 15.9365 ], [ 100.4611, 15.9383 ], [ 100.459, 15.9416 ], [ 100.449, 15.9343 ], [ 100.4163, 15.9451 ], [ 100.4102, 15.9367 ], [ 100.3988, 15.9327 ], [ 100.3877, 15.9386 ], [ 100.3658, 15.9406 ], [ 100.3315, 15.9411 ], [ 100.3427, 15.9652 ], [ 100.3389, 15.9785 ], [ 100.3222, 15.9878 ], [ 100.3235, 15.9741 ], [ 100.3132, 15.9779 ], [ 100.3062, 15.9735 ], [ 100.3093, 15.9612 ], [ 100.2671, 15.9399 ] ] ] } },
{ "type": "Feature", "properties": { "id": "PROV_0027", "name": "Phetchabun" }, "geometry": { "type": "Polygon", "coordinates": [ [ [ 101.3075, 15.4349 ], [ 101.3029, 15.4308 ], [ 101.3055, 15.3927 ], [ 101.2989, 15.3807 ], [ 101.2849, 15.3742 ], [ 101.2785, 15.3632 ], [ 101.2535, 15.3518 ], [ 101.2477, 15.3537 ], [ 101.2021, 15.3256 ], [ 101.1893, 15.3302 ], [ 101.1828, 15.327 ], [ 101.1756, 15.3342 ], [ 101.1526, 15.3331 ], [ 101.1474, 15.3394 ], [ 101.1276, 15.3346 ], [ 101.1235, 15.3414 ], [ 101.1244, 15.3361 ], [ 101.1154, 15.3392 ], [ 101.1105, 15.3364 ], [ 101.1118, 15.3421 ], [ 101.1055, 15.34 ], [ 101.1063, 15.3441 ], [ 101.0823, 15.3523 ], [ 101.0657, 15.3278 ], [ 101.0537, 15.3198 ], [ 101.0408, 15.3258 ], [ 101.0292, 15.3225 ], [ 101.0228, 15.3385 ], [ 101.0125, 15.3282 ], [ 100.9944, 15.3205 ], [ 100.9856, 15.3247 ], [ 100.9782, 15.337 ], [ 100.9839, 15.348 ], [ 100.9784, 15.367 ], [ 100.9753, 15.4167 ], [ 100.9636, 15.411 ], [ 100.9537, 15.4118 ], [ 100.9483, 15.4061 ], [ 100.9323, 15.4145 ], [ 100.9308, 15.4275 ], [ 100.9243, 15.4348 ], [ 100.9275, 15.4626 ], [ 100.9329, 15.469 ], [ 100.9269, 15.4832 ], [ 100.9113, 15.4896 ], [ 100.9106, 15.5009 ], [ 100.8891, 15.5146 ], [ 100.8897, 15.5252 ], [ 100.8842, 15.5297 ], [ 100.8545, 15.5269 ], [ 100.8549, 15.5476 ], [ 100.8328, 15.5527 ], [ 100.8322, 15.5637 ], [ 100.8138, 15.579 ], [ 100.8185, 15.5861 ], [ 100.8084, 15.5943 ], [ 100.825, 15.614 ], [ 100.8184, 15.631 ], [ 100.8265, 15.646 ], [ 100.8232, 15.6621 ], [ 100.827, 15.6643 ], [ 100.8263, 15.676 ], [ 100.8335, 15.6807 ], [ 100.8268, 15.6839 ], [ 100.8187, 15.7124 ], [ 100.8197, 15.7474 ], [ 100.812, 15.7598 ], [ 100.7976, 15.8287 ], [ 100.7899, 15.8444 ], [ 100.7997, 15.8651 ], [ 100.7978, 15.8916 ], [ 100.7793, 15.897 ], [ 100.7639, 15.9114 ], [ 100.7664, 15.9314 ], [ 100.7729, 15.9292 ], [ 100.7809, 15.9351 ], [ 100.799, 15.9363 ], [ 100.7911, 15.9583 ], [ 100.778, 15.9661 ], [ 100.7841, 15.9811 ], [ 100.7821, 15.994 ], [ 100.7692, 15.9985 ], [ 100.7689, 16.0038 ], [ 100.7603, 16.0095 ], [ 100.7441, 16.012 ], [ 100.7271, 16.0224 ], [ 100.6686, 16.0303 ], [ 100.6568, 16.0477 ], [ 100.6353, 16.0457 ], [ 100.6428, 16.0514 ], [ 100.6541, 16.1016 ], [ 100.6546, 16.126 ], [ 100.6442, 16.14 ], [ 100.7072, 16.2421 ], [ 100.7191, 16.2515 ], [ 100.7177, 16.2576 ], [ 100.7144, 16.2539 ], [ 100.7077, 16.2558 ], [ 100.6941, 16.2493 ], [ 100.6775, 16.248 ], [ 100.6692, 16.2505 ], [ 100.6686, 16.2548 ], [ 100.6733, 16.2562 ], [ 100.6763, 16.2626 ], [ 100.6716, 16.2573 ], [ 100.6628, 16.2678 ], [ 100.6501, 16.2975 ], [ 100.649, 16.3082 ], [ 100.6538, 16.3196 ], [ 100.6526, 16.322 ], [ 100.667, 16.3509 ], [ 100.7069, 16.3857 ], [ 100.7038, 16.4112 ], [ 100.7094, 16.418 ], [ 100.724, 16.423 ], [ 100.7409, 16.4188 ], [ 100.7623, 16.4317 ], [ 100.7722, 16.4263 ], [ 100.7751, 16.4381 ], [ 100.7866, 16.4492 ], [ 100.8052, 16.4499 ], [ 100.7935, 16.4724 ], [ 100.8038, 16.4802 ], [ 100.8168, 16.483 ], [ 100.8148, 16.4961 ], [ 100.8326, 16.5051 ], [ 100.8337, 16.5193 ], [ 100.8406, 16.5241 ], [ 100.8485, 16.5226 ], [ 100.846, 16.5397 ], [ 100.8582, 16.5476 ], [ 100.8516, 16.5753 ], [ 100.8459, 16.5789 ], [ 100.8504, 16.5837 ], [ 100.8472, 16.5918 ], [ 100.8551, 16.6092 ], [ 100.8538, 16.6153 ], [ 100.8646, 16.619 ], [ 100.8614, 16.6383 ], [ 100.869, 16.6493 ], [ 100.8823, 16.6567 ], [ 100.8877, 16.6677 ], [ 100.9033, 16.6671 ], [ 100.9055, 16.6712 ], [ 100.9248, 16.6659 ], [ 100.9316, 16.6802 ], [ 100.9422, 16.6814 ], [ 100.938, 16.6877 ], [ 100.9291, 16.686 ], [ 100.9336, 16.6963 ], [ 100.9243, 16.7017 ], [ 100.923, 16.7113 ], [ 100.9309, 16.7103 ], [ 100.9314, 16.7177 ], [ 100.9138, 16.731 ], [ 100.9226, 16.7459 ], [ 100.9192, 16.7591 ], [ 100.8989, 16.7625 ], [ 100.8953, 16.7737 ], [ 100.9029, 16.7755 ], [ 100.9064, 16.7825 ], [ 100.9032, 16.8021 ], [ 100.9172, 16.7918 ], [ 100.9369, 16.7956 ], [ 100.9491, 16.7913 ], [ 100.9551, 16.7952 ], [ 100.9571, 16.8006 ], [ 100.9534, 16.8036 ], [ 100.9574, 16.8058 ], [ 100.9554, 16.8126 ], [ 100.9592, 16.8207 ], [ 100.9582, 16.8238 ], [ 100.9536, 16.8206 ], [ 100.9549, 16.8255 ], [ 100.9592, 16.8252 ], [ 100.9617, 16.8307 ], [ 100.9649, 16.8274 ], [ 100.9722, 16.8292 ], [ 100.9719, 16.8243 ], [ 100.9747, 16.8293 ], [ 100.9785, 16.8261 ], [ 100.9772, 16.8309 ], [ 100.9802, 16.8298 ], [ 100.9815, 16.8347 ], [ 100.9734, 16.8421 ], [ 100.9794, 16.8411 ], [ 100.981, 16.8484 ], [ 100.9934, 16.8549 ], [ 101.0126, 16.8579 ], [ 101.014, 16.8639 ], [ 101.0258, 16.8717 ], [ 101.0311, 16.8931 ], [ 101.0437, 16.9036 ], [ 101.0505, 16.9065 ], [ 101.0668, 16.9021 ], [ 101.0922, 16.9003 ], [ 101.1068, 16.9073 ], [ 101.116, 16.9318 ], [ 101.1181, 16.978 ], [ 101.1114, 17.0055 ], [ 101.1162, 17.0195 ], [ 101.1256, 17.026 ], [ 101.1694, 17.0387 ], [ 101.1725, 17.0524 ], [ 101.1879, 17.0647 ], [ 101.2062, 17.0682 ], [ 101.2219, 17.0597 ], [ 101.2292, 17.0678 ], [ 101.2232, 17.0854 ], [ 101.2355, 17.0954 ], [ 101.2433, 17.1088 ], [ 101.2501, 17.1119 ], [ 101.2733, 17.0957 ], [ 101.2789, 17.0977 ], [ 101.3051, 17.1159 ], [ 101.3074, 17.1297 ], [ 101.3186, 17.1365 ], [ 101.3523, 17.1679 ], [ 101.3818, 17.1697 ], [ 101.3976, 17.178 ], [ 101.4512, 17.1421 ], [ 101.452, 17.1234 ], [ 101.4615, 17.106 ], [ 101.459, 17.0987 ], [ 101.4751, 17.0889 ], [ 101.4895, 17.0591 ], [ 101.4959, 17.0209 ], [ 101.5043, 17.0102 ], [ 101.5332, 17.0234 ], [ 101.5444, 17.0153 ], [ 101.551, 16.9949 ], [ 101.5752, 16.9836 ], [ 101.5825, 16.9869 ], [ 101.5874, 16.9963 ], [ 101.6076, 16.999 ], [ 101.6289, 17.0455 ], [ 101.644, 17.0392 ], [ 101.6501, 17.0415 ], [ 101.6454, 17.0289 ], [ 101.6554, 17.0117 ], [ 101.6543, 17.0051 ], [ 101.6753, 16.9757 ], [ 101.6723, 16.9576 ], [ 101.678, 16.9398 ], [ 101.6917, 16.9361 ], [ 101.6871, 16.9308 ], [ 101.6919, 16.9233 ], [ 101.685, 16.9222 ], [ 101.6847, 16.9015 ], [ 101.6782, 16.8838 ], [ 101.6836, 16.8686 ], [ 101.6766, 16.8668 ], [ 101.6809, 16.8576 ], [ 101.6881, 16.8582 ], [ 101.6845, 16.8486 ], [ 101.6872, 16.845 ], [ 101.6905, 16.8484 ], [ 101.6926, 16.8355 ], [ 101.6986, 16.834 ], [ 101.6997, 16.8281 ], [ 101.7063, 16.8298 ], [ 101.7215, 16.8068 ], [ 101.7193, 16.7997 ], [ 101.7007, 16.8097 ], [ 101.687, 16.7986 ], [ 101.7048, 16.7835 ], [ 101.7187, 16.7588 ], [ 101.7277, 16.7533 ], [ 101.7382, 16.7555 ], [ 101.7632, 16.756 ], [ 101.7879, 16.7643 ], [ 101.7829, 16.7541 ], [ 101.7897, 16.7469 ], [ 101.7859, 16.7428 ], [ 101.7916, 16.7267 ], [ 101.7764, 16.7126 ], [ 101.7723, 16.6874 ], [ 101.7659, 16.6799 ], [ 101.7516, 16.6775 ], [ 101.7508, 16.668 ], [ 101.7442, 16.6695 ], [ 101.7413, 16.6603 ], [ 101.7369, 16.6612 ], [ 101.7314, 16.6524 ], [ 101.7246, 16.6514 ], [ 101.7065, 16.6706 ], [ 101.7026, 16.6685 ], [ 101.7013, 16.6793 ], [ 101.6983, 16.6771 ], [ 101.6887, 16.6862 ], [ 101.6565, 16.6885 ], [ 101.6344, 16.6802 ], [ 101.6179, 16.6857 ], [ 101.6017, 16.7077 ], [ 101.5918, 16.7092 ], [ 101.5925, 16.7184 ], [ 101.5875, 16.7239 ], [ 101.5678, 16.7258 ], [ 101.5598, 16.7307 ], [ 101.554, 16.7281 ], [ 101.554, 16.7116 ], [ 101.5626, 16.697 ], [ 101.5712, 16.6922 ], [ 101.5777, 16.6727 ], [ 101.5719, 16.6483 ], [ 101.5613, 16.6495 ], [ 101.5472, 16.6683 ], [ 101.5379, 16.6661 ], [ 101.527, 16.6794 ], [ 101.5134, 16.681 ], [ 101.5106, 16.6769 ], [ 101.5136, 16.6728 ], [ 101.509, 16.6554 ], [ 101.5261, 16.6195 ], [ 101.5064, 16.6167 ], [ 101.5001, 16.6106 ], [ 101.4972, 16.5612 ], [ 101.5081, 16.5557 ], [ 101.5102, 16.5591 ], [ 101.5195, 16.5495 ], [ 101.5155, 16.5427 ], [ 101.503, 16.5457 ], [ 101.5051, 16.5387 ], [ 101.4967, 16.5389 ], [ 101.4836, 16.5243 ], [ 101.4723, 16.5291 ], [ 101.465, 16.5126 ], [ 101.4654, 16.4979 ], [ 101.4722, 16.4899 ], [ 101.4731, 16.4795 ], [ 101.4491, 16.4508 ], [ 101.4431, 16.4385 ], [ 101.4282, 16.4331 ], [ 101.4178, 16.4234 ], [ 101.4173, 16.4112 ], [ 101.4104, 16.4116 ], [ 101.3984, 16.4008 ], [ 101.4078, 16.392 ], [ 101.4085, 16.3837 ], [ 101.406, 16.3786 ], [ 101.3921, 16.3732 ], [ 101.3919, 16.3661 ], [ 101.3814, 16.3598 ], [ 101.377, 16.3472 ], [ 101.3786, 16.3173 ], [ 101.3668, 16.2932 ], [ 101.3696, 16.2756 ], [ 101.3576, 16.2692 ], [ 101.3534, 16.2601 ], [ 101.3643, 16.246 ], [ 101.372, 16.2438 ], [ 101.3676, 16.2249 ], [ 101.3743, 16.215 ], [ 101.3724, 16.2049 ], [ 101.3775, 16.1871 ], [ 101.3632, 16.1856 ], [ 101.3625, 16.1767 ], [ 101.3561, 16.1742 ], [ 101.3542, 16.165 ], [ 101.3408, 16.1537 ], [ 101.3446, 16.1433 ], [ 101.3354, 16.1184 ], [ 101.3377, 16.1119 ], [ 101.3309, 16.0762 ], [ 101.3253, 16.0613 ], [ 101.3299, 16.0541 ], [ 101.3229, 16.041 ], [ 101.3301, 16.0342 ], [ 101.3305, 16.0232 ], [ 101.3414, 16.0125 ], [ 101.3434, 16.0019 ], [ 101.3372, 15.9917 ], [ 101.3473, 15.9827 ], [ 101.3581, 15.9632 ], [ 101.3739, 15.9685 ], [ 101.37, 15.9393 ], [ 101.3637, 15.9317 ], [ 101.3608, 15.9229 ], [ 101.3743, 15.9195 ], [ 101.369, 15.9102 ], [ 101.3626, 15.9077 ], [ 101.3525, 15.8886 ], [ 101.3405, 15.8884 ], [ 101.3324, 15.8811 ], [ 101.3267, 15.8519 ], [ 101.3316, 15.8505 ], [ 101.3245, 15.8329 ], [ 101.332, 15.83 ], [ 101.3266, 15.8068 ], [ 101.3313, 15.8035 ], [ 101.3172, 15.7898 ], [ 101.3284, 15.7854 ], [ 101.3337, 15.7777 ], [ 101.332, 15.7735 ], [ 101.3392, 15.7674 ], [ 101.3354, 15.7539 ], [ 101.3406, 15.7563 ], [ 101.3484, 15.7504 ], [ 101.3388, 15.7471 ], [ 101.3376, 15.7213 ], [ 101.3509, 15.6625 ], [ 101.3396, 15.637 ], [ 101.321, 15.6165 ], [ 101.3064, 15.5501 ], [ 101.2881, 15.5311 ], [ 101.2893, 15.527 ], [ 101.2979, 15.5293 ], [ 101.3034, 15.519 ], [ 101.3026, 15.5012 ], [ 101.3069, 15.4723 ], [ 101.2976, 15.4559 ], [ 101.3021, 15.4388 ], [ 101.3075, 15.4349 ] ] ] } },
{ "type": "Feature", "properties": { "id": "PROV_0028", "name": "Kanchanaburi" }, "geometry": { "type": "Polygon", "coordinates": [ [ [ 99.4128, 13.7734 ], [ 99.41, 13.7679 ], [ 99.3579, 13.7525 ], [ 99.316, 13.7669 ], [ 99.3091, 13.7755 ], [ 99.2951, 13.7735 ], [ 99.27, 13.7455 ], [ 99.2549, 13.745 ], [ 99.2396, 13.7497 ], [ 99.223, 13.7477 ], [ 99.2013, 13.7294 ], [ 99.1772, 13.7339 ], [ 99.173, 13.7398 ], [ 99.1675, 13.7341 ], [ 99.1676, 13.7261 ], [ 99.1619, 13.7258 ], [ 99.1549, 13.7352 ], [ 99.1543, 13.7547 ], [ 99.1228, 13.7717 ], [ 99.1178, 13.7949 ], [ 99.1223, 13.8033 ], [ 99.1211, 13.8132 ], [ 99.1142, 13.8199 ], [ 99.1145, 13.8304 ], [ 99.0994, 13.8378 ], [ 99.1009, 13.8543 ], [ 99.111, 13.8664 ], [ 99.1095, 13.8908 ], [ 99.1048, 13.8954 ], [ 99.0945, 13.8901 ], [ 99.0809, 13.8918 ], [ 99.0678, 13.9065 ], [ 99.0598, 13.9292 ], [ 99.0373, 13.9451 ], [ 99.0188, 13.9473 ], [ 99.0119, 13.9836 ], [ 98.9987, 14.0097 ], [ 98.9981, 14.0192 ], [ 98.971, 14.0339 ], [ 98.9734, 14.0399 ], [ 98.9687, 14.0534 ], [ 98.968, 14.0803 ], [ 98.9597, 14.0966 ], [ 98.9456, 14.0924 ], [ 98.9246, 14.1088 ], [ 98.8998, 14.1084 ], [ 98.8761, 14.1254 ], [ 98.8684, 14.1459 ], [ 98.8583, 14.1493 ], [ 98.8468, 14.1622 ], [ 98.8395, 14.1634 ], [ 98.8289, 14.1758 ], [ 98.8183, 14.1727 ], [ 98.7985, 14.1924 ], [ 98.7854, 14.1947 ], [ 98.7748, 14.2072 ], [ 98.7563, 14.2143 ], [ 98.7429, 14.2327 ], [ 98.7397, 14.2317 ], [ 98.7319, 14.241 ], [ 98.7271, 14.2385 ], [ 98.7053, 14.2535 ], [ 98.7003, 14.2644 ], [ 98.6981, 14.2747 ], [ 98.6809, 14.2742 ], [ 98.6679, 14.2892 ], [ 98.6423, 14.3014 ], [ 98.6311, 14.3158 ], [ 98.6146, 14.3131 ], [ 98.6005, 14.3238 ], [ 98.5929, 14.3449 ], [ 98.597, 14.368 ], [ 98.5936, 14.3768 ], [ 98.5897, 14.3704 ], [ 98.576, 14.3687 ], [ 98.5733, 14.3807 ], [ 98.5649, 14.3849 ], [ 98.5629, 14.3973 ], [ 98.5569, 14.4037 ], [ 98.5577, 14.4199 ], [ 98.5479, 14.4232 ], [ 98.5493, 14.4348 ], [ 98.5423, 14.4446 ], [ 98.5338, 14.443 ], [ 98.5172, 14.4731 ], [ 98.5114, 14.4774 ], [ 98.5096, 14.491 ], [ 98.5045, 14.4957 ], [ 98.5052, 14.5085 ], [ 98.498, 14.5125 ], [ 98.4921, 14.54 ], [ 98.4841, 14.534 ], [ 98.4695, 14.5354 ], [ 98.4615, 14.531 ], [ 98.4558, 14.5562 ], [ 98.4597, 14.5782 ], [ 98.4448, 14.5927 ], [ 98.4375, 14.613 ], [ 98.3665, 14.6663 ], [ 98.3635, 14.6883 ], [ 98.3529, 14.6989 ], [ 98.345, 14.6998 ], [ 98.3366, 14.7108 ], [ 98.3297, 14.7062 ], [ 98.3235, 14.7097 ], [ 98.2971, 14.7502 ], [ 98.2943, 14.7698 ], [ 98.2832, 14.7751 ], [ 98.277, 14.7969 ], [ 98.2541, 14.814 ], [ 98.2472, 14.8318 ], [ 98.2585, 14.8435 ], [ 98.2608, 14.8569 ], [ 98.2299, 14.8895 ], [ 98.2342, 14.8973 ], [ 98.2409, 14.8984 ], [ 98.2501, 14.9158 ], [ 98.2436, 14.9232 ], [ 98.2434, 14.939 ], [ 98.2285, 14.9483 ], [ 98.2325, 14.9674 ], [ 98.2089, 14.9829 ], [ 98.2127, 15.0196 ], [ 98.2245, 15.0269 ], [ 98.2351, 15.0428 ], [ 98.2211, 15.0551 ], [ 98.2102, 15.0773 ], [ 98.2049, 15.0775 ], [ 98.1842, 15.0965 ], [ 98.1828, 15.1137 ], [ 98.1954, 15.1345 ], [ 98.1896, 15.1406 ], [ 98.1902, 15.1492 ], [ 98.2, 15.1558 ], [ 98.2017, 15.1653 ], [ 98.2136, 15.1802 ], [ 98.2078, 15.1899 ], [ 98.2095, 15.2 ], [ 98.199, 15.2105 ], [ 98.202, 15.2149 ], [ 98.1977, 15.2325 ], [ 98.2028, 15.2365 ], [ 98.2137, 15.2355 ], [ 98.2224, 15.2238 ], [ 98.2364, 15.2194 ], [ 98.2534, 15.2256 ], [ 98.2579, 15.2235 ], [ 98.2604, 15.2352 ], [ 98.2732, 15.2514 ], [ 98.2802, 15.2701 ], [ 98.3035, 15.2803 ], [ 98.2945, 15.2976 ], [ 98.3006, 15.3035 ], [ 98.296, 15.3085 ], [ 98.2984, 15.3131 ], [ 98.3076, 15.3124 ], [ 98.3364, 15.2944 ], [ 98.3527, 15.2929 ], [ 98.3642, 15.2833 ], [ 98.3751, 15.2819 ], [ 98.4021, 15.2544 ], [ 98.4141, 15.2646 ], [ 98.417, 15.2728 ], [ 98.409, 15.2871 ], [ 98.4141, 15.2944 ], [ 98.402, 15.3059 ], [ 98.3881, 15.3035 ], [ 98.4007, 15.3096 ], [ 98.4, 15.3216 ], [ 98.415, 15.3232 ], [ 98.4099, 15.3365 ], [ 98.4164, 15.3634 ], [ 98.4312, 15.3679 ], [ 98.4356, 15.3617 ], [ 98.4442, 15.3712 ], [ 98.4553, 15.3679 ], [ 98.4496, 15.383 ], [ 98.4592, 15.3861 ], [ 98.4631, 15.3759 ], [ 98.4712, 15.3722 ], [ 98.4815, 15.3778 ], [ 98.4816, 15.3904 ], [ 98.4901, 15.3938 ], [ 98.5013, 15.3889 ], [ 98.509, 15.3759 ], [ 98.5161, 15.3796 ], [ 98.5248, 15.3709 ], [ 98.5377, 15.3706 ], [ 98.5476, 15.359 ], [ 98.5446, 15.3543 ], [ 98.5509, 15.3447 ], [ 98.5474, 15.3428 ], [ 98.5496, 15.3378 ], [ 98.5564, 15.3347 ], [ 98.5794, 15.3736 ], [ 98.5855, 15.471 ], [ 98.553, 15.6023 ], [ 98.563, 15.6394 ], [ 98.5586, 15.6511 ], [ 98.5831, 15.6604 ], [ 98.5902, 15.6449 ], [ 98.607, 15.6412 ], [ 98.6126, 15.6445 ], [ 98.627, 15.6385 ], [ 98.6225, 15.6306 ], [ 98.6258, 15.6263 ], [ 98.6406, 15.6381 ], [ 98.6479, 15.6332 ], [ 98.6611, 15.5988 ], [ 98.6678, 15.5949 ], [ 98.7065, 15.5355 ], [ 98.7237, 15.5176 ], [ 98.718, 15.5128 ], [ 98.7188, 15.5063 ], [ 98.7125, 15.5048 ], [ 98.7034, 15.5098 ], [ 98.7026, 15.5015 ], [ 98.7293, 15.4886 ], [ 98.7374, 15.4795 ], [ 98.7471, 15.4827 ], [ 98.7592, 15.4725 ], [ 98.7549, 15.4585 ], [ 98.7592, 15.4514 ], [ 98.7545, 15.4411 ], [ 98.7787, 15.4239 ], [ 98.7832, 15.4087 ], [ 98.7926, 15.4026 ], [ 98.8295, 15.3557 ], [ 98.8314, 15.3457 ], [ 98.8396, 15.3486 ], [ 98.871, 15.3249 ], [ 98.8914, 15.2901 ], [ 98.8865, 15.2754 ], [ 98.9116, 15.2684 ], [ 98.9227, 15.2465 ], [ 98.9433, 15.2527 ], [ 98.9554, 15.2474 ], [ 98.964, 15.206 ], [ 98.972, 15.1908 ], [ 98.9844, 15.1803 ], [ 98.9941, 15.1652 ], [ 99.0005, 15.1642 ], [ 99.0066, 15.1444 ], [ 99.0003, 15.1374 ], [ 98.9977, 15.1051 ], [ 99.0065, 15.0983 ], [ 99.0099, 15.0861 ], [ 99.0003, 15.0713 ], [ 99.0098, 15.0692 ], [ 99.0197, 15.0546 ], [ 99.0293, 15.0486 ], [ 99.0509, 15.043 ], [ 99.068, 15.0476 ], [ 99.074, 15.0404 ], [ 99.0851, 15.039 ], [ 99.1075, 15.0467 ], [ 99.1134, 15.0442 ], [ 99.1189, 15.0547 ], [ 99.1305, 15.0494 ], [ 99.1429, 15.0519 ], [ 99.1472, 15.0473 ], [ 99.1354, 15.0379 ], [ 99.1621, 15.0152 ], [ 99.1808, 15.0174 ], [ 99.1924, 15.029 ], [ 99.2043, 15.0145 ], [ 99.2337, 15.0123 ], [ 99.2495, 14.9997 ], [ 99.2562, 14.9873 ], [ 99.2607, 14.9911 ], [ 99.2772, 14.9905 ], [ 99.2832, 14.9979 ], [ 99.3043, 14.981 ], [ 99.3209, 14.9492 ], [ 99.3104, 14.9357 ], [ 99.322, 14.9229 ], [ 99.3178, 14.8953 ], [ 99.3135, 14.8839 ], [ 99.3053, 14.8827 ], [ 99.2919, 14.8651 ], [ 99.2812, 14.8616 ], [ 99.2939, 14.8314 ], [ 99.3028, 14.8261 ], [ 99.3088, 14.8128 ], [ 99.3154, 14.8141 ], [ 99.3303, 14.8071 ], [ 99.3408, 14.7858 ], [ 99.3588, 14.7714 ], [ 99.3662, 14.7737 ], [ 99.3728, 14.7672 ], [ 99.3901, 14.7658 ], [ 99.4116, 14.7731 ], [ 99.4212, 14.7814 ], [ 99.4364, 14.7742 ], [ 99.432, 14.76 ], [ 99.4318, 14.7526 ], [ 99.444, 14.7421 ], [ 99.4425, 14.732 ], [ 99.4536, 14.7266 ], [ 99.481, 14.7088 ], [ 99.4963, 14.7045 ], [ 99.5088, 14.7089 ], [ 99.5162, 14.7025 ], [ 99.5335, 14.7081 ], [ 99.5573, 14.7307 ], [ 99.5717, 14.7323 ], [ 99.5777, 14.7513 ], [ 99.571, 14.76 ], [ 99.5696, 14.7885 ], [ 99.6125, 14.7821 ], [ 99.6326, 14.8012 ], [ 99.6552, 14.8038 ], [ 99.6812, 14.7844 ], [ 99.687, 14.774 ], [ 99.6954, 14.773 ], [ 99.7017, 14.7614 ], [ 99.7146, 14.7547 ], [ 99.7423, 14.7537 ], [ 99.7542, 14.743 ], [ 99.7618, 14.7454 ], [ 99.7776, 14.7396 ], [ 99.7881, 14.7438 ], [ 99.8015, 14.7345 ], [ 99.7963, 14.7248 ], [ 99.7992, 14.7161 ], [ 99.7931, 14.7105 ], [ 99.7967, 14.6959 ], [ 99.8013, 14.6918 ], [ 99.7987, 14.6777 ], [ 99.8103, 14.6686 ], [ 99.821, 14.6508 ], [ 99.8218, 14.6332 ], [ 99.8057, 14.6198 ], [ 99.8023, 14.6119 ], [ 99.7982, 14.5679 ], [ 99.7954, 14.5625 ], [ 99.7919, 14.564 ], [ 99.7951, 14.5471 ], [ 99.8038, 14.5369 ], [ 99.8183, 14.5278 ], [ 99.8152, 14.5215 ], [ 99.8214, 14.5011 ], [ 99.8168, 14.433 ], [ 99.82, 14.4249 ], [ 99.8235, 14.398 ], [ 99.8292, 14.3814 ], [ 99.8173, 14.3818 ], [ 99.8205, 14.3517 ], [ 99.8143, 14.3377 ], [ 99.8242, 14.2949 ], [ 99.8198, 14.2761 ], [ 99.8248, 14.2669 ], [ 99.8234, 14.2502 ], [ 99.8138, 14.2308 ], [ 99.8017, 14.2296 ], [ 99.7945, 14.2182 ], [ 99.7968, 14.2003 ], [ 99.7602, 14.1715 ], [ 99.7712, 14.1021 ], [ 99.7681, 14.0946 ], [ 99.7772, 14.0931 ], [ 99.7909, 14.0996 ], [ 99.7968, 14.0855 ], [ 99.8088, 14.0811 ], [ 99.8108, 14.0655 ], [ 99.8212, 14.061 ], [ 99.8337, 14.061 ], [ 99.8491, 14.052 ], [ 99.8489, 14.0431 ], [ 99.8371, 14.0308 ], [ 99.8345, 14.0166 ], [ 99.8375, 14.0119 ], [ 99.8342, 14.0086 ], [ 99.8296, 13.9983 ], [ 99.8403, 13.9853 ], [ 99.8529, 13.9642 ], [ 99.862, 13.9665 ], [ 99.8762, 13.9619 ], [ 99.8797, 13.9503 ], [ 99.855, 13.9169 ], [ 99.8487, 13.8967 ], [ 99.8357, 13.8664 ], [ 99.8227, 13.8665 ], [ 99.8199, 13.8601 ], [ 99.8181, 13.8256 ], [ 99.811, 13.8091 ], [ 99.8023, 13.8101 ], [ 99.7976, 13.8165 ], [ 99.7831, 13.8221 ], [ 99.7128, 13.8278 ], [ 99.6889, 13.8376 ], [ 99.6728, 13.8399 ], [ 99.6671, 13.8461 ], [ 99.6363, 13.8136 ], [ 99.6197, 13.8014 ], [ 99.6059, 13.7987 ], [ 99.5871, 13.7791 ], [ 99.5506, 13.7595 ], [ 99.5372, 13.7611 ], [ 99.5322, 13.7599 ], [ 99.519, 13.7675 ], [ 99.516, 13.7641 ], [ 99.5054, 13.7662 ], [ 99.4893, 13.7819 ], [ 99.4804, 13.8005 ], [ 99.4702, 13.8063 ], [ 99.4667, 13.7953 ], [ 99.4533, 13.7809 ], [ 99.4128, 13.7734 ] ] ] } },
{ "type": "Feature", "properties": { "id": "PROV_0029", "name": "Suphan Buri" }, "geometry": { "type": "Polygon", "coordinates": [ [ [ 100.2119, 14.1785 ], [ 100.16, 14.1506 ], [ 100.1596, 14.146 ], [ 100.1399, 14.145 ], [ 100.1316, 14.1371 ], [ 100.1309, 14.1457 ], [ 100.0517, 14.1461 ], [ 100.0486, 14.1523 ], [ 100.015, 14.147 ], [ 100.0056, 14.14 ], [ 99.9878, 14.1439 ], [ 99.9847, 14.1392 ], [ 99.9767, 14.1388 ], [ 99.9739, 14.1429 ], [ 99.9656, 14.1389 ], [ 99.9706, 14.1335 ], [ 99.9669, 14.1313 ], [ 99.9445, 14.1348 ], [ 99.9404, 14.1264 ], [ 99.9299, 14.1242 ], [ 99.9262, 14.1268 ], [ 99.8926, 14.09 ], [ 99.8851, 14.091 ], [ 99.8696, 14.0734 ], [ 99.8528, 14.0794 ], [ 99.8188, 14.0726 ], [ 99.8212, 14.061 ], [ 99.8108, 14.0655 ], [ 99.8088, 14.0811 ], [ 99.7968, 14.0855 ], [ 99.7909, 14.0996 ], [ 99.7772, 14.0931 ], [ 99.7681, 14.0946 ], [ 99.7712, 14.1021 ], [ 99.7602, 14.1715 ], [ 99.7968, 14.2003 ], [ 99.7945, 14.2182 ], [ 99.8017, 14.2296 ], [ 99.8138, 14.2308 ], [ 99.8234, 14.2502 ], [ 99.8248, 14.2669 ], [ 99.8198, 14.2761 ], [ 99.8242, 14.2949 ], [ 99.8143, 14.3377 ], [ 99.8205, 14.3517 ], [ 99.8173, 14.3818 ], [ 99.8292, 14.3814 ], [ 99.8235, 14.398 ], [ 99.82, 14.4249 ], [ 99.8168, 14.433 ], [ 99.8214, 14.5011 ], [ 99.8152, 14.5215 ], [ 99.8183, 14.5278 ], [ 99.8038, 14.5369 ], [ 99.7951, 14.5471 ], [ 99.7919, 14.564 ], [ 99.7954, 14.5625 ], [ 99.7982, 14.5679 ], [ 99.8023, 14.6119 ], [ 99.8057, 14.6198 ], [ 99.8218, 14.6332 ], [ 99.821, 14.6508 ], [ 99.8103, 14.6686 ], [ 99.7987, 14.6777 ], [ 99.8013, 14.6918 ], [ 99.7967, 14.6959 ], [ 99.7931, 14.7105 ], [ 99.7992, 14.7161 ], [ 99.7963, 14.7248 ], [ 99.8015, 14.7345 ], [ 99.7881, 14.7438 ], [ 99.7776, 14.7396 ], [ 99.7618, 14.7454 ], [ 99.7542, 14.743 ], [ 99.7423, 14.7537 ], [ 99.7146, 14.7547 ], [ 99.7017, 14.7614 ], [ 99.6954, 14.773 ], [ 99.687, 14.774 ], [ 99.6812, 14.7844 ], [ 99.6552, 14.8038 ], [ 99.6326, 14.8012 ], [ 99.6125, 14.7821 ], [ 99.5696, 14.7885 ], [ 99.571, 14.76 ], [ 99.5777, 14.7513 ], [ 99.5717, 14.7323 ], [ 99.5573, 14.7307 ], [ 99.5335, 14.7081 ], [ 99.5162, 14.7025 ], [ 99.5088, 14.7089 ], [ 99.4963, 14.7045 ], [ 99.481, 14.7088 ], [ 99.4536, 14.7266 ], [ 99.4425, 14.732 ], [ 99.444, 14.7421 ], [ 99.4318, 14.7526 ], [ 99.432, 14.76 ], [ 99.4364, 14.7742 ], [ 99.4212, 14.7814 ], [ 99.4116, 14.7731 ], [ 99.3901, 14.7658 ], [ 99.3728, 14.7672 ], [ 99.3662, 14.7737 ], [ 99.3588, 14.7714 ], [ 99.3408, 14.7858 ], [ 99.3303, 14.8071 ], [ 99.3154, 14.8141 ], [ 99.3088, 14.8128 ], [ 99.3028, 14.8261 ], [ 99.2939, 14.8314 ], [ 99.2812, 14.8616 ], [ 99.2919, 14.8651 ], [ 99.3053, 14.8827 ], [ 99.3135, 14.8839 ], [ 99.3178, 14.8953 ], [ 99.322, 14.9229 ], [ 99.3104, 14.9357 ], [ 99.3209, 14.9492 ], [ 99.3043, 14.981 ], [ 99.2832, 14.9979 ], [ 99.2847, 15.0069 ], [ 99.3, 15.0133 ], [ 99.3072, 15.0254 ], [ 99.2958, 15.0374 ], [ 99.3014, 15.0429 ], [ 99.299, 15.0537 ], [ 99.3058, 15.0637 ], [ 99.3111, 15.0628 ], [ 99.3118, 15.0678 ], [ 99.3221, 15.0727 ], [ 99.3197, 15.0812 ], [ 99.3391, 15.0815 ], [ 99.3566, 15.0602 ], [ 99.3562, 15.055 ], [ 99.3647, 15.0487 ], [ 99.3824, 15.051 ], [ 99.3861, 15.0473 ], [ 99.3936, 15.0505 ], [ 99.405, 15.0441 ], [ 99.4197, 15.0486 ], [ 99.416, 15.0366 ], [ 99.4262, 15.0069 ], [ 99.4449, 14.9834 ], [ 99.4512, 14.9935 ], [ 99.4567, 14.9887 ], [ 99.4834, 14.9899 ], [ 99.491, 14.9843 ], [ 99.5166, 14.9828 ], [ 99.5233, 14.9764 ], [ 99.5243, 14.9688 ], [ 99.5457, 14.9635 ], [ 99.559, 14.9623 ], [ 99.5786, 14.947 ], [ 99.6026, 14.9471 ], [ 99.6305, 14.9378 ], [ 99.63, 14.9707 ], [ 99.6236, 14.9802 ], [ 99.6275, 14.9883 ], [ 99.635, 14.9899 ], [ 99.6655, 14.9881 ], [ 99.683, 14.9764 ], [ 99.7022, 14.9757 ], [ 99.6936, 14.9657 ], [ 99.7183, 14.9609 ], [ 99.7311, 14.9637 ], [ 99.7486, 14.9595 ], [ 99.7635, 14.9623 ], [ 99.7741, 14.9512 ], [ 99.8828, 14.9124 ], [ 99.9098, 14.9145 ], [ 99.9297, 14.9078 ], [ 99.9495, 14.9107 ], [ 99.9681, 14.9018 ], [ 100.0008, 14.9101 ], [ 100.031, 14.9141 ], [ 100.0408, 14.9193 ], [ 100.0448, 14.9289 ], [ 100.0457, 14.9406 ], [ 100.036, 14.9538 ], [ 100.0397, 14.961 ], [ 100.0638, 14.9532 ], [ 100.0733, 14.9579 ], [ 100.1059, 14.9463 ], [ 100.1327, 14.9463 ], [ 100.1378, 14.9357 ], [ 100.1275, 14.9314 ], [ 100.1265, 14.9241 ], [ 100.1313, 14.9153 ], [ 100.1367, 14.9131 ], [ 100.1414, 14.9188 ], [ 100.1469, 14.916 ], [ 100.1499, 14.9213 ], [ 100.158, 14.9191 ], [ 100.1596, 14.9259 ], [ 100.1656, 14.924 ], [ 100.1641, 14.9285 ], [ 100.1699, 14.9271 ], [ 100.1751, 14.9437 ], [ 100.1961, 14.9518 ], [ 100.1995, 14.9605 ], [ 100.2017, 14.9543 ], [ 100.1972, 14.9399 ], [ 100.1815, 14.9347 ], [ 100.1862, 14.9072 ], [ 100.1961, 14.9038 ], [ 100.2204, 14.909 ], [ 100.2221, 14.9027 ], [ 100.2065, 14.8941 ], [ 100.2101, 14.8843 ], [ 100.2244, 14.8837 ], [ 100.2164, 14.8731 ], [ 100.2213, 14.8658 ], [ 100.2143, 14.8396 ], [ 100.2092, 14.8328 ], [ 100.2045, 14.8086 ], [ 100.2144, 14.8068 ], [ 100.2163, 14.7981 ], [ 100.2265, 14.7943 ], [ 100.2297, 14.7871 ], [ 100.203, 14.7714 ], [ 100.2041, 14.7489 ], [ 100.2104, 14.7218 ], [ 100.2034, 14.7153 ], [ 100.2121, 14.7126 ], [ 100.221, 14.6712 ], [ 100.2302, 14.6541 ], [ 100.2402, 14.6508 ], [ 100.2337, 14.6428 ], [ 100.2141, 14.6377 ], [ 100.2139, 14.6319 ], [ 100.2107, 14.6217 ], [ 100.2035, 14.6249 ], [ 100.1997, 14.6176 ], [ 100.1949, 14.619 ], [ 100.1917, 14.6128 ], [ 100.1998, 14.5991 ], [ 100.2152, 14.597 ], [ 100.2093, 14.5859 ], [ 100.2094, 14.5729 ], [ 100.1975, 14.566 ], [ 100.1974, 14.5552 ], [ 100.2078, 14.5404 ], [ 100.2044, 14.5295 ], [ 100.2099, 14.5193 ], [ 100.2255, 14.5071 ], [ 100.2329, 14.4993 ], [ 100.2301, 14.4879 ], [ 100.2345, 14.4825 ], [ 100.2497, 14.4861 ], [ 100.2527, 14.4811 ], [ 100.2438, 14.4604 ], [ 100.2461, 14.4523 ], [ 100.2605, 14.4432 ], [ 100.2741, 14.4267 ], [ 100.2811, 14.3986 ], [ 100.2756, 14.3908 ], [ 100.2766, 14.3834 ], [ 100.2684, 14.3766 ], [ 100.2723, 14.3622 ], [ 100.28, 14.3526 ], [ 100.279, 14.3388 ], [ 100.2613, 14.3196 ], [ 100.257, 14.2996 ], [ 100.2512, 14.291 ], [ 100.2506, 14.2684 ], [ 100.2414, 14.2618 ], [ 100.237, 14.2406 ], [ 100.2257, 14.2326 ], [ 100.2301, 14.2087 ], [ 100.2265, 14.1967 ], [ 100.2356, 14.2036 ], [ 100.2342, 14.1751 ], [ 100.2119, 14.1785 ] ] ] } }
]
}
